
WARNING Dataset 'VOC.yaml' images not found, missing path 'C:\Users\dxu1\Desktop\Dissertation\PTQ\datasets\VOC\images\test2007'
Downloading 3 file(s) with 3 threads to C:\Users\dxu1\Desktop\Dissertation\PTQ\datasets\VOC\images...

[KDownloading https://ultralytics.com/assets/VOCtest_06-Nov-2007.zip to 'C:\Users\dxu1\Desktop\Dissertation\PTQ\datasets\VOC\images\VOCtest_06-Nov-2007.zip': 1% ──────────── 5.4/418.0MB 52.5MB/s 0.1s<7.9s
[KDownloading https://ultralytics.com/assets/VOCtrainval_11-May-2012.zip to 'C:\Users\dxu1\Desktop\Dissertation\PTQ\datasets\VOC\images\VOCtrainval_11-May-2012.zip': 0% ──────────── 1.0MB/1.8GB 8.3MB/s 0.1s<3:45
[KDownloading https://ultralytics.com/assets/VOCtrainval_06-Nov-2007.zip to 'C:\Users\dxu1\Desktop\Dissertation\PTQ\datasets\VOC\images\VOCtrainval_06-Nov-2007.zip': 0% ──────────── 1.3/425.3MB 11.3MB/s 0.1s<37.5s
[KDownloading https://ultralytics.com/assets/VOCtrainval_11-May-2012.zip to 'C:\Users\dxu1\Desktop\Dissertation\PTQ\datasets\VOC\images\VOCtrainval_11-May-2012.zip': 0% ──────────── 3.0MB/1.8GB 17.1MB/s 0.2s<1:48
[KDownloading https://ultralytics.com/assets/VOCtest_06-Nov-2007.zip to 'C:\Users\dxu1\Desktop\Dissertation\PTQ\datasets\VOC\images\VOCtest_06-Nov-2007.zip': 1% ──────────── 7.9/418.0MB 17.9MB/s 0.2s<22.9s
[KDownloading https://ultralytics.com/assets/VOCtrainval_06-Nov-2007.zip to 'C:\Users\dxu1\Desktop\Dissertation\PTQ\datasets\VOC\images\VOCtrainval_06-Nov-2007.zip': 0% ──────────── 3.4/425.3MB 18.9MB/s 0.2s<22.3s
[KDownloading https://ultralytics.com/assets/VOCtrainval_11-May-2012.zip to 'C:\Users\dxu1\Desktop\Dissertation\PTQ\datasets\VOC\images\VOCtrainval_11-May-2012.zip': 0% ──────────── 6.0MB/1.8GB 27.7MB/s 0.3s<1:07
[KDownloading https://ultralytics.com/assets/VOCtrainval_06-Nov-2007.zip to 'C:\Users\dxu1\Desktop\Dissertation\PTQ\datasets\VOC\images\VOCtrainval_06-Nov-2007.zip': 1% ──────────── 7.2/425.3MB 38.1MB/s 0.3s<11.0s
[KDownloading https://ultralytics.com/assets/VOCtest_06-Nov-2007.zip to 'C:\Users\dxu1\Desktop\Dissertation\PTQ\datasets\VOC\images\VOCtest_06-Nov-2007.zip': 2% ──────────── 10.0/418.0MB 13.0MB/s 0.4s<31.4s
[KDownloading https://ultralytics.com/assets/VOCtrainval_11-May-2012.zip to 'C:\Users\dxu1\Desktop\Dissertation\PTQ\datasets\VOC\images\VOCtrainval_11-May-2012.zip': 0% ──────────── 10.0MB/1.8GB 33.1MB/s 0.5s<55.8s
[KDownloading https://ultralytics.com/assets/VOCtest_06-Nov-2007.zip to 'C:\Users\dxu1\Desktop\Dissertation\PTQ\datasets\VOC\images\VOCtest_06-Nov-2007.zip': 3% ──────────── 15.9/418.0MB 56.4MB/s 0.5s<7.1s
[KDownloading https://ultralytics.com/assets/VOCtrainval_06-Nov-2007.zip to 'C:\Users\dxu1\Desktop\Dissertation\PTQ\datasets\VOC\images\VOCtrainval_06-Nov-2007.zip': 2% ──────────── 10.2/425.3MB 21.6MB/s 0.5s<19.2s
[KDownloading https://ultralytics.com/assets/VOCtrainval_11-May-2012.zip to 'C:\Users\dxu1\Desktop\Dissertation\PTQ\datasets\VOC\images\VOCtrainval_11-May-2012.zip': 0% ──────────── 12.0MB/1.8GB 18.6MB/s 0.6s<1:39
[KDownloading https://ultralytics.com/assets/VOCtrainval_06-Nov-2007.zip to 'C:\Users\dxu1\Desktop\Dissertation\PTQ\datasets\VOC\images\VOCtrainval_06-Nov-2007.zip': 3% ──────────── 13.6/425.3MB 32.3MB/s 0.6s<12.7s
[KDownloading https://ultralytics.com/assets/VOCtrainval_11-May-2012.zip to 'C:\Users\dxu1\Desktop\Dissertation\PTQ\datasets\VOC\images\VOCtrainval_11-May-2012.zip': 0% ──────────── 16.0MB/1.8GB 34.9MB/s 0.7s<52.9s
[KDownloading https://ultralytics.com/assets/VOCtest_06-Nov-2007.zip to 'C:\Users\dxu1\Desktop\Dissertation\PTQ\datasets\VOC\images\VOCtest_06-Nov-2007.zip': 4% ╸─────────── 20.1/418.0MB 20.1MB/s 0.7s<19.8s
[KDownloading https://ultralytics.com/assets/VOCtrainval_06-Nov-2007.zip to 'C:\Users\dxu1\Desktop\Dissertation\PTQ\datasets\VOC\images\VOCtrainval_06-Nov-2007.zip': 4% ╸─────────── 18.3/425.3MB 38.3MB/s 0.7s<10.6s
[KDownloading https://ultralytics.com/assets/VOCtrainval_11-May-2012.zip to 'C:\Users\dxu1\Desktop\Dissertation\PTQ\datasets\VOC\images\VOCtrainval_11-May-2012.zip': 1% ──────────── 20.0MB/1.8GB 35.3MB/s 0.8s<52.2s
[KDownloading https://ultralytics.com/assets/VOCtest_06-Nov-2007.zip to 'C:\Users\dxu1\Desktop\Dissertation\PTQ\datasets\VOC\images\VOCtest_06-Nov-2007.zip': 6% ╸─────────── 25.5/418.0MB 54.2MB/s 0.8s<7.2s
[KDownloading https://ultralytics.com/assets/VOCtrainval_06-Nov-2007.zip to 'C:\Users\dxu1\Desktop\Dissertation\PTQ\datasets\VOC\images\VOCtrainval_06-Nov-2007.zip': 4% ╸─────────── 20.4/425.3MB 17.8MB/s 0.8s<22.7s
[KDownloading https://ultralytics.com/assets/VOCtrainval_11-May-2012.zip to 'C:\Users\dxu1\Desktop\Dissertation\PTQ\datasets\VOC\images\VOCtrainval_11-May-2012.zip': 1% ──────────── 21.0MB/1.8GB 7.3MB/s 0.9s<4:13
[KDownloading https://ultralytics.com/assets/VOCtest_06-Nov-2007.zip to 'C:\Users\dxu1\Desktop\Dissertation\PTQ\datasets\VOC\images\VOCtest_06-Nov-2007.zip': 6% ╸─────────── 28.8/418.0MB 26.1MB/s 0.9s<14.9s
[KDownloading https://ultralytics.com/assets/VOCtrainval_06-Nov-2007.zip to 'C:\Users\dxu1\Desktop\Dissertation\PTQ\datasets\VOC\images\VOCtrainval_06-Nov-2007.zip': 5% ╸─────────── 23.8/425.3MB 34.0MB/s 0.9s<11.8s
[KDownloading https://ultralytics.com/assets/VOCtest_06-Nov-2007.zip to 'C:\Users\dxu1\Desktop\Dissertation\PTQ\datasets\VOC\images\VOCtest_06-Nov-2007.zip': 7% ╸─────────── 30.5/418.0MB 16.6MB/s 1.0s<23.3s
[KDownloading https://ultralytics.com/assets/VOCtrainval_11-May-2012.zip to 'C:\Users\dxu1\Desktop\Dissertation\PTQ\datasets\VOC\images\VOCtrainval_11-May-2012.zip': 1% ──────────── 26.0MB/1.8GB 37.3MB/s 1.1s<49.2s
[KDownloading https://ultralytics.com/assets/VOCtrainval_06-Nov-2007.zip to 'C:\Users\dxu1\Desktop\Dissertation\PTQ\datasets\VOC\images\VOCtrainval_06-Nov-2007.zip': 6% ╸─────────── 28.1/425.3MB 37.3MB/s 1.0s<10.7s
[KDownloading https://ultralytics.com/assets/VOCtest_06-Nov-2007.zip to 'C:\Users\dxu1\Desktop\Dissertation\PTQ\datasets\VOC\images\VOCtest_06-Nov-2007.zip': 8% ━─────────── 35.9/418.0MB 52.2MB/s 1.1s<7.3s
[KDownloading https://ultralytics.com/assets/VOCtrainval_11-May-2012.zip to 'C:\Users\dxu1\Desktop\Dissertation\PTQ\datasets\VOC\images\VOCtrainval_11-May-2012.zip': 1% ──────────── 30.0MB/1.8GB 33.3MB/s 1.2s<54.9s
[KDownloading https://ultralytics.com/assets/VOCtrainval_06-Nov-2007.zip to 'C:\Users\dxu1\Desktop\Dissertation\PTQ\datasets\VOC\images\VOCtrainval_06-Nov-2007.zip': 7% ╸─────────── 30.2/425.3MB 17.8MB/s 1.1s<22.2s
[KDownloading https://ultralytics.com/assets/VOCtest_06-Nov-2007.zip to 'C:\Users\dxu1\Desktop\Dissertation\PTQ\datasets\VOC\images\VOCtest_06-Nov-2007.zip': 9% ━─────────── 39.7/418.0MB 33.3MB/s 1.3s<11.3s
[KDownloading https://ultralytics.com/assets/VOCtrainval_11-May-2012.zip to 'C:\Users\dxu1\Desktop\Dissertation\PTQ\datasets\VOC\images\VOCtrainval_11-May-2012.zip': 1% ──────────── 32.0MB/1.8GB 19.8MB/s 1.3s<1:32
[KDownloading https://ultralytics.com/assets/VOCtrainval_06-Nov-2007.zip to 'C:\Users\dxu1\Desktop\Dissertation\PTQ\datasets\VOC\images\VOCtrainval_06-Nov-2007.zip': 8% ╸─────────── 34.9/425.3MB 43.2MB/s 1.3s<9.0s
[KDownloading https://ultralytics.com/assets/VOCtest_06-Nov-2007.zip to 'C:\Users\dxu1\Desktop\Dissertation\PTQ\datasets\VOC\images\VOCtest_06-Nov-2007.zip': 9% ━─────────── 41.0/418.0MB 12.0MB/s 1.4s<31.4s
[KDownloading https://ultralytics.com/assets/VOCtrainval_11-May-2012.zip to 'C:\Users\dxu1\Desktop\Dissertation\PTQ\datasets\VOC\images\VOCtrainval_11-May-2012.zip': 1% ──────────── 36.0MB/1.8GB 37.1MB/s 1.4s<49.1s
[KDownloading https://ultralytics.com/assets/VOCtrainval_06-Nov-2007.zip to 'C:\Users\dxu1\Desktop\Dissertation\PTQ\datasets\VOC\images\VOCtrainval_06-Nov-2007.zip': 8% ━─────────── 38.3/425.3MB 33.4MB/s 1.4s<11.6s
[KDownloading https://ultralytics.com/assets/VOCtest_06-Nov-2007.zip to 'C:\Users\dxu1\Desktop\Dissertation\PTQ\datasets\VOC\images\VOCtest_06-Nov-2007.zip': 11% ━─────────── 48.1/418.0MB 69.0MB/s 1.5s<5.4s
[KDownloading https://ultralytics.com/assets/VOCtrainval_11-May-2012.zip to 'C:\Users\dxu1\Desktop\Dissertation\PTQ\datasets\VOC\images\VOCtrainval_11-May-2012.zip': 2% ──────────── 39.0MB/1.8GB 26.1MB/s 1.5s<1:10
[KDownloading https://ultralytics.com/assets/VOCtrainval_06-Nov-2007.zip to 'C:\Users\dxu1\Desktop\Dissertation\PTQ\datasets\VOC\images\VOCtrainval_06-Nov-2007.zip': 9% ━─────────── 40.4/425.3MB 15.6MB/s 1.5s<24.7s
[KDownloading https://ultralytics.com/assets/VOCtest_06-Nov-2007.zip to 'C:\Users\dxu1\Desktop\Dissertation\PTQ\datasets\VOC\images\VOCtest_06-Nov-2007.zip': 12% ━─────────── 51.4/418.0MB 32.9MB/s 1.6s<11.1s
[KDownloading https://ultralytics.com/assets/VOCtrainval_11-May-2012.zip to 'C:\Users\dxu1\Desktop\Dissertation\PTQ\datasets\VOC\images\VOCtrainval_11-May-2012.zip': 2% ──────────── 41.0MB/1.8GB 19.4MB/s 1.6s<1:34
[KDownloading https://ultralytics.com/assets/VOCtrainval_06-Nov-2007.zip to 'C:\Users\dxu1\Desktop\Dissertation\PTQ\datasets\VOC\images\VOCtrainval_06-Nov-2007.zip': 10% ━─────────── 45.1/425.3MB 46.7MB/s 1.6s<8.1s
[KDownloading https://ultralytics.com/assets/VOCtest_06-Nov-2007.zip to 'C:\Users\dxu1\Desktop\Dissertation\PTQ\datasets\VOC\images\VOCtest_06-Nov-2007.zip': 13% ━╸────────── 55.2/418.0MB 35.0MB/s 1.7s<10.4s
[KDownloading https://ultralytics.com/assets/VOCtrainval_11-May-2012.zip to 'C:\Users\dxu1\Desktop\Dissertation\PTQ\datasets\VOC\images\VOCtrainval_11-May-2012.zip': 2% ──────────── 46.0MB/1.8GB 38.2MB/s 1.8s<47.4s
[KDownloading https://ultralytics.com/assets/VOCtrainval_06-Nov-2007.zip to 'C:\Users\dxu1\Desktop\Dissertation\PTQ\datasets\VOC\images\VOCtrainval_06-Nov-2007.zip': 11% ━─────────── 48.9/425.3MB 36.5MB/s 1.7s<10.3s
[KDownloading https://ultralytics.com/assets/VOCtest_06-Nov-2007.zip to 'C:\Users\dxu1\Desktop\Dissertation\PTQ\datasets\VOC\images\VOCtest_06-Nov-2007.zip': 13% ━╸────────── 57.7/418.0MB 22.6MB/s 1.8s<15.9s
[KDownloading https://ultralytics.com/assets/VOCtrainval_06-Nov-2007.zip to 'C:\Users\dxu1\Desktop\Dissertation\PTQ\datasets\VOC\images\VOCtrainval_06-Nov-2007.zip': 11% ━─────────── 50.6/425.3MB 15.7MB/s 1.8s<23.8s
[KDownloading https://ultralytics.com/assets/VOCtrainval_11-May-2012.zip to 'C:\Users\dxu1\Desktop\Dissertation\PTQ\datasets\VOC\images\VOCtrainval_11-May-2012.zip': 2% ──────────── 51.0MB/1.8GB 25.5MB/s 1.9s<1:11
[KDownloading https://ultralytics.com/assets/VOCtest_06-Nov-2007.zip to 'C:\Users\dxu1\Desktop\Dissertation\PTQ\datasets\VOC\images\VOCtest_06-Nov-2007.zip': 14% ━╸────────── 60.2/418.0MB 15.3MB/s 2.0s<23.5s
[KDownloading https://ultralytics.com/assets/VOCtrainval_06-Nov-2007.zip to 'C:\Users\dxu1\Desktop\Dissertation\PTQ\datasets\VOC\images\VOCtrainval_06-Nov-2007.zip': 13% ━╸────────── 55.7/425.3MB 46.1MB/s 1.9s<8.0s
[KDownloading https://ultralytics.com/assets/VOCtest_06-Nov-2007.zip to 'C:\Users\dxu1\Desktop\Dissertation\PTQ\datasets\VOC\images\VOCtest_06-Nov-2007.zip': 16% ━╸────────── 67.3/418.0MB 69.4MB/s 2.1s<5.1s
[KDownloading https://ultralytics.com/assets/VOCtrainval_11-May-2012.zip to 'C:\Users\dxu1\Desktop\Dissertation\PTQ\datasets\VOC\images\VOCtrainval_11-May-2012.zip': 2% ──────────── 54.0MB/1.8GB 23.8MB/s 2.1s<1:16
[KDownloading https://ultralytics.com/assets/VOCtrainval_06-Nov-2007.zip to 'C:\Users\dxu1\Desktop\Dissertation\PTQ\datasets\VOC\images\VOCtrainval_06-Nov-2007.zip': 13% ━╸────────── 58.3/425.3MB 22.1MB/s 2.0s<16.6s
[KDownloading https://ultralytics.com/assets/VOCtest_06-Nov-2007.zip to 'C:\Users\dxu1\Desktop\Dissertation\PTQ\datasets\VOC\images\VOCtest_06-Nov-2007.zip': 17% ━━────────── 71.5/418.0MB 39.6MB/s 2.2s<8.7s
[KDownloading https://ultralytics.com/assets/VOCtrainval_11-May-2012.zip to 'C:\Users\dxu1\Desktop\Dissertation\PTQ\datasets\VOC\images\VOCtrainval_11-May-2012.zip': 3% ──────────── 59.0MB/1.8GB 42.6MB/s 2.2s<42.3s
[KDownloading https://ultralytics.com/assets/VOCtrainval_06-Nov-2007.zip to 'C:\Users\dxu1\Desktop\Dissertation\PTQ\datasets\VOC\images\VOCtrainval_06-Nov-2007.zip': 14% ━╸────────── 60.4/425.3MB 18.5MB/s 2.1s<19.7s
[KDownloading https://ultralytics.com/assets/VOCtest_06-Nov-2007.zip to 'C:\Users\dxu1\Desktop\Dissertation\PTQ\datasets\VOC\images\VOCtest_06-Nov-2007.zip': 18% ━━────────── 75.7/418.0MB 40.2MB/s 2.3s<8.5s
[KDownloading https://ultralytics.com/assets/VOCtrainval_11-May-2012.zip to 'C:\Users\dxu1\Desktop\Dissertation\PTQ\datasets\VOC\images\VOCtrainval_11-May-2012.zip': 3% ──────────── 61.0MB/1.8GB 18.8MB/s 2.3s<1:36
[KDownloading https://ultralytics.com/assets/VOCtrainval_06-Nov-2007.zip to 'C:\Users\dxu1\Desktop\Dissertation\PTQ\datasets\VOC\images\VOCtrainval_06-Nov-2007.zip': 15% ━╸────────── 65.5/425.3MB 47.5MB/s 2.3s<7.6s
[KDownloading https://ultralytics.com/assets/VOCtest_06-Nov-2007.zip to 'C:\Users\dxu1\Desktop\Dissertation\PTQ\datasets\VOC\images\VOCtest_06-Nov-2007.zip': 18% ━━────────── 79.4/418.0MB 34.6MB/s 2.4s<9.8s
[KDownloading https://ultralytics.com/assets/VOCtrainval_11-May-2012.zip to 'C:\Users\dxu1\Desktop\Dissertation\PTQ\datasets\VOC\images\VOCtrainval_11-May-2012.zip': 3% ──────────── 65.0MB/1.8GB 38.2MB/s 2.4s<47.0s
[KDownloading https://ultralytics.com/assets/VOCtrainval_06-Nov-2007.zip to 'C:\Users\dxu1\Desktop\Dissertation\PTQ\datasets\VOC\images\VOCtrainval_06-Nov-2007.zip': 16% ━╸────────── 69.7/425.3MB 40.7MB/s 2.4s<8.7s
[KDownloading https://ultralytics.com/assets/VOCtest_06-Nov-2007.zip to 'C:\Users\dxu1\Desktop\Dissertation\PTQ\datasets\VOC\images\VOCtest_06-Nov-2007.zip': 19% ━━────────── 80.7/418.0MB 11.7MB/s 2.5s<28.9s
[KDownloading https://ultralytics.com/assets/VOCtrainval_11-May-2012.zip to 'C:\Users\dxu1\Desktop\Dissertation\PTQ\datasets\VOC\images\VOCtrainval_11-May-2012.zip': 3% ──────────── 69.0MB/1.8GB 39.6MB/s 2.5s<45.2s
[KDownloading https://ultralytics.com/assets/VOCtrainval_06-Nov-2007.zip to 'C:\Users\dxu1\Desktop\Dissertation\PTQ\datasets\VOC\images\VOCtrainval_06-Nov-2007.zip': 16% ━━────────── 71.9/425.3MB 20.0MB/s 2.5s<17.7s
[KDownloading https://ultralytics.com/assets/VOCtest_06-Nov-2007.zip to 'C:\Users\dxu1\Desktop\Dissertation\PTQ\datasets\VOC\images\VOCtest_06-Nov-2007.zip': 20% ━━────────── 84.9/418.0MB 41.1MB/s 2.6s<8.1s
[KDownloading https://ultralytics.com/assets/VOCtrainval_11-May-2012.zip to 'C:\Users\dxu1\Desktop\Dissertation\PTQ\datasets\VOC\images\VOCtrainval_11-May-2012.zip': 3% ──────────── 71.0MB/1.8GB 16.5MB/s 2.6s<1:48
[KDownloading https://ultralytics.com/assets/VOCtrainval_06-Nov-2007.zip to 'C:\Users\dxu1\Desktop\Dissertation\PTQ\datasets\VOC\images\VOCtrainval_06-Nov-2007.zip': 17% ━━────────── 76.5/425.3MB 44.4MB/s 2.6s<7.8s
[KDownloading https://ultralytics.com/assets/VOCtest_06-Nov-2007.zip to 'C:\Users\dxu1\Desktop\Dissertation\PTQ\datasets\VOC\images\VOCtest_06-Nov-2007.zip': 21% ━━╸───────── 89.9/418.0MB 46.4MB/s 2.7s<7.1s
[KDownloading https://ultralytics.com/assets/VOCtrainval_11-May-2012.zip to 'C:\Users\dxu1\Desktop\Dissertation\PTQ\datasets\VOC\images\VOCtrainval_11-May-2012.zip': 4% ──────────── 75.0MB/1.8GB 35.0MB/s 2.7s<51.0s
[KDownloading https://ultralytics.com/assets/VOCtrainval_06-Nov-2007.zip to 'C:\Users\dxu1\Desktop\Dissertation\PTQ\datasets\VOC\images\VOCtrainval_06-Nov-2007.zip': 18% ━━────────── 80.4/425.3MB 23.3MB/s 2.7s<14.8s
[KDownloading https://ultralytics.com/assets/VOCtest_06-Nov-2007.zip to 'C:\Users\dxu1\Desktop\Dissertation\PTQ\datasets\VOC\images\VOCtest_06-Nov-2007.zip': 21% ━━╸───────── 90.7/418.0MB 7.9MB/s 2.8s<41.5s
[KDownloading https://ultralytics.com/assets/VOCtrainval_11-May-2012.zip to 'C:\Users\dxu1\Desktop\Dissertation\PTQ\datasets\VOC\images\VOCtrainval_11-May-2012.zip': 4% ╸─────────── 80.0MB/1.8GB 36.3MB/s 2.9s<49.0s
[KDownloading https://ultralytics.com/assets/VOCtrainval_06-Nov-2007.zip to 'C:\Users\dxu1\Desktop\Dissertation\PTQ\datasets\VOC\images\VOCtrainval_06-Nov-2007.zip': 19% ━━────────── 82.9/425.3MB 25.0MB/s 2.8s<13.7s
[KDownloading https://ultralytics.com/assets/VOCtest_06-Nov-2007.zip to 'C:\Users\dxu1\Desktop\Dissertation\PTQ\datasets\VOC\images\VOCtest_06-Nov-2007.zip': 23% ━━╸───────── 97.8/418.0MB 68.2MB/s 2.9s<4.7s
[KDownloading https://ultralytics.com/assets/VOCtrainval_11-May-2012.zip to 'C:\Users\dxu1\Desktop\Dissertation\PTQ\datasets\VOC\images\VOCtrainval_11-May-2012.zip': 4% ╸─────────── 82.0MB/1.8GB 19.3MB/s 3.0s<1:32
[KDownloading https://ultralytics.com/assets/VOCtrainval_06-Nov-2007.zip to 'C:\Users\dxu1\Desktop\Dissertation\PTQ\datasets\VOC\images\VOCtrainval_06-Nov-2007.zip': 20% ━━────────── 86.3/425.3MB 30.1MB/s 2.9s<11.3s
[KDownloading https://ultralytics.com/assets/VOCtest_06-Nov-2007.zip to 'C:\Users\dxu1\Desktop\Dissertation\PTQ\datasets\VOC\images\VOCtest_06-Nov-2007.zip': 24% ━━╸───────── 101.6/418.0MB 36.2MB/s 3.0s<8.7s
[KDownloading https://ultralytics.com/assets/VOCtrainval_06-Nov-2007.zip to 'C:\Users\dxu1\Desktop\Dissertation\PTQ\datasets\VOC\images\VOCtrainval_06-Nov-2007.zip': 20% ━━╸───────── 89.3/425.3MB 28.2MB/s 3.1s<11.9s
[KDownloading https://ultralytics.com/assets/VOCtest_06-Nov-2007.zip to 'C:\Users\dxu1\Desktop\Dissertation\PTQ\datasets\VOC\images\VOCtest_06-Nov-2007.zip': 25% ━━━───────── 106.2/418.0MB 45.2MB/s 3.1s<6.9s
[KDownloading https://ultralytics.com/assets/VOCtrainval_11-May-2012.zip to 'C:\Users\dxu1\Desktop\Dissertation\PTQ\datasets\VOC\images\VOCtrainval_11-May-2012.zip': 4% ╸─────────── 86.0MB/1.8GB 27.9MB/s 3.1s<1:04
[KDownloading https://ultralytics.com/assets/VOCtrainval_06-Nov-2007.zip to 'C:\Users\dxu1\Desktop\Dissertation\PTQ\datasets\VOC\images\VOCtrainval_06-Nov-2007.zip': 21% ━━╸───────── 91.9/425.3MB 25.0MB/s 3.2s<13.3s
[KDownloading https://ultralytics.com/assets/VOCtrainval_11-May-2012.zip to 'C:\Users\dxu1\Desktop\Dissertation\PTQ\datasets\VOC\images\VOCtrainval_11-May-2012.zip': 4% ╸─────────── 90.0MB/1.8GB 34.8MB/s 3.2s<50.8s
[KDownloading https://ultralytics.com/assets/VOCtest_06-Nov-2007.zip to 'C:\Users\dxu1\Desktop\Dissertation\PTQ\datasets\VOC\images\VOCtest_06-Nov-2007.zip': 26% ━━━───────── 110.4/418.0MB 31.7MB/s 3.2s<9.7s
[KDownloading https://ultralytics.com/assets/VOCtrainval_06-Nov-2007.zip to 'C:\Users\dxu1\Desktop\Dissertation\PTQ\datasets\VOC\images\VOCtrainval_06-Nov-2007.zip': 22% ━━╸───────── 95.3/425.3MB 33.8MB/s 3.3s<9.8s
[KDownloading https://ultralytics.com/assets/VOCtest_06-Nov-2007.zip to 'C:\Users\dxu1\Desktop\Dissertation\PTQ\datasets\VOC\images\VOCtest_06-Nov-2007.zip': 27% ━━━───────── 116.6/418.0MB 59.5MB/s 3.3s<5.1s
[KDownloading https://ultralytics.com/assets/VOCtrainval_11-May-2012.zip to 'C:\Users\dxu1\Desktop\Dissertation\PTQ\datasets\VOC\images\VOCtrainval_11-May-2012.zip': 4% ╸─────────── 92.0MB/1.8GB 14.3MB/s 3.4s<2:03
[KDownloading https://ultralytics.com/assets/VOCtrainval_06-Nov-2007.zip to 'C:\Users\dxu1\Desktop\Dissertation\PTQ\datasets\VOC\images\VOCtrainval_06-Nov-2007.zip': 23% ━━╸───────── 98.2/425.3MB 27.8MB/s 3.4s<11.7s
[KDownloading https://ultralytics.com/assets/VOCtrainval_11-May-2012.zip to 'C:\Users\dxu1\Desktop\Dissertation\PTQ\datasets\VOC\images\VOCtrainval_11-May-2012.zip': 5% ╸─────────── 96.0MB/1.8GB 36.1MB/s 3.5s<48.9s
[KDownloading https://ultralytics.com/assets/VOCtest_06-Nov-2007.zip to 'C:\Users\dxu1\Desktop\Dissertation\PTQ\datasets\VOC\images\VOCtest_06-Nov-2007.zip': 28% ━━━───────── 120.4/418.0MB 26.3MB/s 3.5s<11.3s
[KDownloading https://ultralytics.com/assets/VOCtrainval_06-Nov-2007.zip to 'C:\Users\dxu1\Desktop\Dissertation\PTQ\datasets\VOC\images\VOCtrainval_06-Nov-2007.zip': 23% ━━╸───────── 100.4/425.3MB 18.5MB/s 3.5s<17.6s
[KDownloading https://ultralytics.com/assets/VOCtest_06-Nov-2007.zip to 'C:\Users\dxu1\Desktop\Dissertation\PTQ\datasets\VOC\images\VOCtest_06-Nov-2007.zip': 30% ━━━╸──────── 127.1/418.0MB 65.2MB/s 3.6s<4.5s
[KDownloading https://ultralytics.com/assets/VOCtrainval_11-May-2012.zip to 'C:\Users\dxu1\Desktop\Dissertation\PTQ\datasets\VOC\images\VOCtrainval_11-May-2012.zip': 5% ╸─────────── 99.0MB/1.8GB 25.8MB/s 3.6s<1:08
[KDownloading https://ultralytics.com/assets/VOCtrainval_06-Nov-2007.zip to 'C:\Users\dxu1\Desktop\Dissertation\PTQ\datasets\VOC\images\VOCtrainval_06-Nov-2007.zip': 24% ━━╸───────── 102.9/425.3MB 24.1MB/s 3.6s<13.4s
[KDownloading https://ultralytics.com/assets/VOCtest_06-Nov-2007.zip to 'C:\Users\dxu1\Desktop\Dissertation\PTQ\datasets\VOC\images\VOCtest_06-Nov-2007.zip': 31% ━━━╸──────── 130.8/418.0MB 36.7MB/s 3.7s<7.8s
[KDownloading https://ultralytics.com/assets/VOCtrainval_06-Nov-2007.zip to 'C:\Users\dxu1\Desktop\Dissertation\PTQ\datasets\VOC\images\VOCtrainval_06-Nov-2007.zip': 25% ━━━───────── 106.7/425.3MB 36.5MB/s 3.7s<8.7s
[KDownloading https://ultralytics.com/assets/VOCtest_06-Nov-2007.zip to 'C:\Users\dxu1\Desktop\Dissertation\PTQ\datasets\VOC\images\VOCtest_06-Nov-2007.zip': 32% ━━━╸──────── 136.3/418.0MB 53.2MB/s 3.8s<5.3s
[KDownloading https://ultralytics.com/assets/VOCtrainval_06-Nov-2007.zip to 'C:\Users\dxu1\Desktop\Dissertation\PTQ\datasets\VOC\images\VOCtrainval_06-Nov-2007.zip': 25% ━━━───────── 110.1/425.3MB 23.1MB/s 3.8s<13.6s
[KDownloading https://ultralytics.com/assets/VOCtrainval_11-May-2012.zip to 'C:\Users\dxu1\Desktop\Dissertation\PTQ\datasets\VOC\images\VOCtrainval_11-May-2012.zip': 5% ╸─────────── 101.0MB/1.8GB 6.5MB/s 3.9s<4:32
[KDownloading https://ultralytics.com/assets/VOCtest_06-Nov-2007.zip to 'C:\Users\dxu1\Desktop\Dissertation\PTQ\datasets\VOC\images\VOCtest_06-Nov-2007.zip': 33% ━━━━──────── 139.6/418.0MB 29.2MB/s 3.9s<9.5s
[KDownloading https://ultralytics.com/assets/VOCtrainval_06-Nov-2007.zip to 'C:\Users\dxu1\Desktop\Dissertation\PTQ\datasets\VOC\images\VOCtrainval_06-Nov-2007.zip': 26% ━━━───────── 114.8/425.3MB 44.7MB/s 3.9s<6.9s
[KDownloading https://ultralytics.com/assets/VOCtrainval_11-May-2012.zip to 'C:\Users\dxu1\Desktop\Dissertation\PTQ\datasets\VOC\images\VOCtrainval_11-May-2012.zip': 5% ╸─────────── 103.0MB/1.8GB 19.9MB/s 4.0s<1:28
[KDownloading https://ultralytics.com/assets/VOCtest_06-Nov-2007.zip to 'C:\Users\dxu1\Desktop\Dissertation\PTQ\datasets\VOC\images\VOCtest_06-Nov-2007.zip': 33% ━━━━──────── 140.5/418.0MB 7.3MB/s 4.0s<37.9s
[KDownloading https://ultralytics.com/assets/VOCtrainval_06-Nov-2007.zip to 'C:\Users\dxu1\Desktop\Dissertation\PTQ\datasets\VOC\images\VOCtrainval_06-Nov-2007.zip': 28% ━━━───────── 119.5/425.3MB 44.6MB/s 4.0s<6.9s
[KDownloading https://ultralytics.com/assets/VOCtrainval_11-May-2012.zip to 'C:\Users\dxu1\Desktop\Dissertation\PTQ\datasets\VOC\images\VOCtrainval_11-May-2012.zip': 5% ╸─────────── 106.0MB/1.8GB 28.4MB/s 4.1s<1:02
[KDownloading https://ultralytics.com/assets/VOCtest_06-Nov-2007.zip to 'C:\Users\dxu1\Desktop\Dissertation\PTQ\datasets\VOC\images\VOCtest_06-Nov-2007.zip': 34% ━━━━──────── 142.5/418.0MB 15.6MB/s 4.2s<17.7s
[KDownloading https://ultralytics.com/assets/VOCtrainval_11-May-2012.zip to 'C:\Users\dxu1\Desktop\Dissertation\PTQ\datasets\VOC\images\VOCtrainval_11-May-2012.zip': 5% ╸─────────── 110.0MB/1.8GB 39.5MB/s 4.2s<44.2s
[KDownloading https://ultralytics.com/assets/VOCtrainval_06-Nov-2007.zip to 'C:\Users\dxu1\Desktop\Dissertation\PTQ\datasets\VOC\images\VOCtrainval_06-Nov-2007.zip': 28% ━━━───────── 120.3/425.3MB 5.3MB/s 4.2s<57.8s
[KDownloading https://ultralytics.com/assets/VOCtest_06-Nov-2007.zip to 'C:\Users\dxu1\Desktop\Dissertation\PTQ\datasets\VOC\images\VOCtest_06-Nov-2007.zip': 35% ━━━━──────── 148.4/418.0MB 56.5MB/s 4.3s<4.8s
[KDownloading https://ultralytics.com/assets/VOCtrainval_11-May-2012.zip to 'C:\Users\dxu1\Desktop\Dissertation\PTQ\datasets\VOC\images\VOCtrainval_11-May-2012.zip': 5% ╸─────────── 111.0MB/1.8GB 9.6MB/s 4.3s<3:03
[KDownloading https://ultralytics.com/assets/VOCtrainval_06-Nov-2007.zip to 'C:\Users\dxu1\Desktop\Dissertation\PTQ\datasets\VOC\images\VOCtrainval_06-Nov-2007.zip': 29% ━━━╸──────── 125.0/425.3MB 45.0MB/s 4.3s<6.7s
[KDownloading https://ultralytics.com/assets/VOCtest_06-Nov-2007.zip to 'C:\Users\dxu1\Desktop\Dissertation\PTQ\datasets\VOC\images\VOCtest_06-Nov-2007.zip': 35% ━━━━──────── 150.1/418.0MB 14.1MB/s 4.4s<19.0s
[KDownloading https://ultralytics.com/assets/VOCtrainval_11-May-2012.zip to 'C:\Users\dxu1\Desktop\Dissertation\PTQ\datasets\VOC\images\VOCtrainval_11-May-2012.zip': 6% ╸─────────── 113.0MB/1.8GB 18.3MB/s 4.4s<1:35
[KDownloading https://ultralytics.com/assets/VOCtrainval_06-Nov-2007.zip to 'C:\Users\dxu1\Desktop\Dissertation\PTQ\datasets\VOC\images\VOCtrainval_06-Nov-2007.zip': 30% ━━━╸──────── 128.0/425.3MB 27.1MB/s 4.4s<10.9s
[KDownloading https://ultralytics.com/assets/VOCtest_06-Nov-2007.zip to 'C:\Users\dxu1\Desktop\Dissertation\PTQ\datasets\VOC\images\VOCtest_06-Nov-2007.zip': 37% ━━━━──────── 156.8/418.0MB 65.9MB/s 4.5s<4.0s
[KDownloading https://ultralytics.com/assets/VOCtrainval_11-May-2012.zip to 'C:\Users\dxu1\Desktop\Dissertation\PTQ\datasets\VOC\images\VOCtrainval_11-May-2012.zip': 6% ╸─────────── 116.0MB/1.8GB 24.9MB/s 4.6s<1:10
[KDownloading https://ultralytics.com/assets/VOCtest_06-Nov-2007.zip to 'C:\Users\dxu1\Desktop\Dissertation\PTQ\datasets\VOC\images\VOCtest_06-Nov-2007.zip': 38% ━━━━╸─────── 160.5/418.0MB 36.6MB/s 4.6s<7.0s
[KDownloading https://ultralytics.com/assets/VOCtrainval_06-Nov-2007.zip to 'C:\Users\dxu1\Desktop\Dissertation\PTQ\datasets\VOC\images\VOCtrainval_06-Nov-2007.zip': 30% ━━━╸──────── 130.1/425.3MB 18.9MB/s 4.5s<15.6s
[KDownloading https://ultralytics.com/assets/VOCtrainval_11-May-2012.zip to 'C:\Users\dxu1\Desktop\Dissertation\PTQ\datasets\VOC\images\VOCtrainval_11-May-2012.zip': 6% ╸─────────── 120.0MB/1.8GB 29.6MB/s 4.7s<58.7s
[KDownloading https://ultralytics.com/assets/VOCtest_06-Nov-2007.zip to 'C:\Users\dxu1\Desktop\Dissertation\PTQ\datasets\VOC\images\VOCtest_06-Nov-2007.zip': 39% ━━━━╸─────── 166.4/418.0MB 56.4MB/s 4.7s<4.5s
[KDownloading https://ultralytics.com/assets/VOCtrainval_06-Nov-2007.zip to 'C:\Users\dxu1\Desktop\Dissertation\PTQ\datasets\VOC\images\VOCtrainval_06-Nov-2007.zip': 31% ━━━╸──────── 133.1/425.3MB 27.3MB/s 4.6s<10.7s
[KDownloading https://ultralytics.com/assets/VOCtrainval_06-Nov-2007.zip to 'C:\Users\dxu1\Desktop\Dissertation\PTQ\datasets\VOC\images\VOCtrainval_06-Nov-2007.zip': 32% ━━━╸──────── 137.4/425.3MB 41.1MB/s 4.7s<7.0s
[KDownloading https://ultralytics.com/assets/VOCtrainval_11-May-2012.zip to 'C:\Users\dxu1\Desktop\Dissertation\PTQ\datasets\VOC\images\VOCtrainval_11-May-2012.zip': 6% ╸─────────── 123.0MB/1.8GB 24.7MB/s 4.8s<1:10
[KDownloading https://ultralytics.com/assets/VOCtest_06-Nov-2007.zip to 'C:\Users\dxu1\Desktop\Dissertation\PTQ\datasets\VOC\images\VOCtest_06-Nov-2007.zip': 40% ━━━━╸─────── 170.1/418.0MB 26.7MB/s 4.8s<9.3s
[KDownloading https://ultralytics.com/assets/VOCtest_06-Nov-2007.zip to 'C:\Users\dxu1\Desktop\Dissertation\PTQ\datasets\VOC\images\VOCtest_06-Nov-2007.zip': 41% ━━━━━─────── 175.6/418.0MB 51.4MB/s 4.9s<4.7s
[KDownloading https://ultralytics.com/assets/VOCtrainval_06-Nov-2007.zip to 'C:\Users\dxu1\Desktop\Dissertation\PTQ\datasets\VOC\images\VOCtrainval_06-Nov-2007.zip': 32% ━━━╸──────── 140.3/425.3MB 21.5MB/s 4.9s<13.2s
[KDownloading https://ultralytics.com/assets/VOCtrainval_11-May-2012.zip to 'C:\Users\dxu1\Desktop\Dissertation\PTQ\datasets\VOC\images\VOCtrainval_11-May-2012.zip': 6% ╸─────────── 127.0MB/1.8GB 29.9MB/s 4.9s<57.9s
[KDownloading https://ultralytics.com/assets/VOCtrainval_06-Nov-2007.zip to 'C:\Users\dxu1\Desktop\Dissertation\PTQ\datasets\VOC\images\VOCtrainval_06-Nov-2007.zip': 33% ━━━━──────── 143.7/425.3MB 32.7MB/s 5.0s<8.6s
[KDownloading https://ultralytics.com/assets/VOCtrainval_11-May-2012.zip to 'C:\Users\dxu1\Desktop\Dissertation\PTQ\datasets\VOC\images\VOCtrainval_11-May-2012.zip': 7% ╸─────────── 131.0MB/1.8GB 21.4MB/s 5.1s<1:21
[KDownloading https://ultralytics.com/assets/VOCtrainval_06-Nov-2007.zip to 'C:\Users\dxu1\Desktop\Dissertation\PTQ\datasets\VOC\images\VOCtrainval_06-Nov-2007.zip': 34% ━━━━──────── 148.8/425.3MB 50.2MB/s 5.1s<5.5s
[KDownloading https://ultralytics.com/assets/VOCtest_06-Nov-2007.zip to 'C:\Users\dxu1\Desktop\Dissertation\PTQ\datasets\VOC\images\VOCtest_06-Nov-2007.zip': 43% ━━━━━─────── 180.2/418.0MB 21.3MB/s 5.1s<11.2s
[KDownloading https://ultralytics.com/assets/VOCtrainval_11-May-2012.zip to 'C:\Users\dxu1\Desktop\Dissertation\PTQ\datasets\VOC\images\VOCtrainval_11-May-2012.zip': 7% ╸─────────── 134.0MB/1.8GB 27.5MB/s 5.2s<1:03
[KDownloading https://ultralytics.com/assets/VOCtest_06-Nov-2007.zip to 'C:\Users\dxu1\Desktop\Dissertation\PTQ\datasets\VOC\images\VOCtest_06-Nov-2007.zip': 44% ━━━━━─────── 187.3/418.0MB 69.1MB/s 5.3s<3.3s
[KDownloading https://ultralytics.com/assets/VOCtrainval_06-Nov-2007.zip to 'C:\Users\dxu1\Desktop\Dissertation\PTQ\datasets\VOC\images\VOCtrainval_06-Nov-2007.zip': 35% ━━━━──────── 150.1/425.3MB 7.5MB/s 5.3s<36.8s
[KDownloading https://ultralytics.com/assets/VOCtrainval_11-May-2012.zip to 'C:\Users\dxu1\Desktop\Dissertation\PTQ\datasets\VOC\images\VOCtrainval_11-May-2012.zip': 7% ╸─────────── 138.0MB/1.8GB 38.9MB/s 5.3s<44.3s
[KDownloading https://ultralytics.com/assets/VOCtest_06-Nov-2007.zip to 'C:\Users\dxu1\Desktop\Dissertation\PTQ\datasets\VOC\images\VOCtest_06-Nov-2007.zip': 45% ━━━━━─────── 190.2/418.0MB 28.0MB/s 5.4s<8.1s
[KDownloading https://ultralytics.com/assets/VOCtrainval_06-Nov-2007.zip to 'C:\Users\dxu1\Desktop\Dissertation\PTQ\datasets\VOC\images\VOCtrainval_06-Nov-2007.zip': 36% ━━━━──────── 155.2/425.3MB 49.3MB/s 5.4s<5.5s
[KDownloading https://ultralytics.com/assets/VOCtest_06-Nov-2007.zip to 'C:\Users\dxu1\Desktop\Dissertation\PTQ\datasets\VOC\images\VOCtest_06-Nov-2007.zip': 45% ━━━━━╸────── 192.3/418.0MB 20.3MB/s 5.5s<11.1s
[KDownloading https://ultralytics.com/assets/VOCtrainval_11-May-2012.zip to 'C:\Users\dxu1\Desktop\Dissertation\PTQ\datasets\VOC\images\VOCtrainval_11-May-2012.zip': 7% ╸─────────── 141.0MB/1.8GB 22.4MB/s 5.5s<1:17
[KDownloading https://ultralytics.com/assets/VOCtrainval_06-Nov-2007.zip to 'C:\Users\dxu1\Desktop\Dissertation\PTQ\datasets\VOC\images\VOCtrainval_06-Nov-2007.zip': 37% ━━━━╸─────── 159.9/425.3MB 45.1MB/s 5.5s<5.9s
[KDownloading https://ultralytics.com/assets/VOCtest_06-Nov-2007.zip to 'C:\Users\dxu1\Desktop\Dissertation\PTQ\datasets\VOC\images\VOCtest_06-Nov-2007.zip': 46% ━━━━━╸────── 195.2/418.0MB 28.7MB/s 5.6s<7.8s
[KDownloading https://ultralytics.com/assets/VOCtrainval_11-May-2012.zip to 'C:\Users\dxu1\Desktop\Dissertation\PTQ\datasets\VOC\images\VOCtrainval_11-May-2012.zip': 7% ╸─────────── 146.0MB/1.8GB 40.3MB/s 5.6s<42.5s
[KDownloading https://ultralytics.com/assets/VOCtrainval_06-Nov-2007.zip to 'C:\Users\dxu1\Desktop\Dissertation\PTQ\datasets\VOC\images\VOCtrainval_06-Nov-2007.zip': 37% ━━━━╸─────── 160.3/425.3MB 4.2MB/s 5.6s<1:03
[KDownloading https://ultralytics.com/assets/VOCtest_06-Nov-2007.zip to 'C:\Users\dxu1\Desktop\Dissertation\PTQ\datasets\VOC\images\VOCtest_06-Nov-2007.zip': 47% ━━━━━╸────── 200.2/418.0MB 38.0MB/s 5.7s<5.7s
[KDownloading https://ultralytics.com/assets/VOCtrainval_06-Nov-2007.zip to 'C:\Users\dxu1\Desktop\Dissertation\PTQ\datasets\VOC\images\VOCtrainval_06-Nov-2007.zip': 38% ━━━━╸─────── 165.4/425.3MB 48.8MB/s 5.7s<5.3s
[KDownloading https://ultralytics.com/assets/VOCtrainval_11-May-2012.zip to 'C:\Users\dxu1\Desktop\Dissertation\PTQ\datasets\VOC\images\VOCtrainval_11-May-2012.zip': 8% ╸─────────── 151.0MB/1.8GB 27.1MB/s 5.8s<1:03
[KDownloading https://ultralytics.com/assets/VOCtest_06-Nov-2007.zip to 'C:\Users\dxu1\Desktop\Dissertation\PTQ\datasets\VOC\images\VOCtest_06-Nov-2007.zip': 48% ━━━━━╸────── 204.4/418.0MB 41.6MB/s 5.8s<5.1s
[KDownloading https://ultralytics.com/assets/VOCtrainval_06-Nov-2007.zip to 'C:\Users\dxu1\Desktop\Dissertation\PTQ\datasets\VOC\images\VOCtrainval_06-Nov-2007.zip': 39% ━━━━╸─────── 169.7/425.3MB 41.1MB/s 5.8s<6.2s
[KDownloading https://ultralytics.com/assets/VOCtrainval_11-May-2012.zip to 'C:\Users\dxu1\Desktop\Dissertation\PTQ\datasets\VOC\images\VOCtrainval_11-May-2012.zip': 8% ━─────────── 155.0MB/1.8GB 38.7MB/s 5.9s<44.1s
[KDownloading https://ultralytics.com/assets/VOCtest_06-Nov-2007.zip to 'C:\Users\dxu1\Desktop\Dissertation\PTQ\datasets\VOC\images\VOCtest_06-Nov-2007.zip': 49% ━━━━━╸────── 209.0/418.0MB 38.5MB/s 5.9s<5.4s
[KDownloading https://ultralytics.com/assets/VOCtrainval_06-Nov-2007.zip to 'C:\Users\dxu1\Desktop\Dissertation\PTQ\datasets\VOC\images\VOCtrainval_06-Nov-2007.zip': 40% ━━━━╸─────── 172.2/425.3MB 23.1MB/s 5.9s<10.9s
[KDownloading https://ultralytics.com/assets/VOCtrainval_11-May-2012.zip to 'C:\Users\dxu1\Desktop\Dissertation\PTQ\datasets\VOC\images\VOCtrainval_11-May-2012.zip': 8% ━─────────── 159.0MB/1.8GB 37.1MB/s 6.0s<45.9s
[KDownloading https://ultralytics.com/assets/VOCtest_06-Nov-2007.zip to 'C:\Users\dxu1\Desktop\Dissertation\PTQ\datasets\VOC\images\VOCtest_06-Nov-2007.zip': 50% ━━━━━━────── 210.3/418.0MB 12.0MB/s 6.0s<17.4s
[KDownloading https://ultralytics.com/assets/VOCtrainval_06-Nov-2007.zip to 'C:\Users\dxu1\Desktop\Dissertation\PTQ\datasets\VOC\images\VOCtrainval_06-Nov-2007.zip': 41% ━━━━━─────── 177.3/425.3MB 47.1MB/s 6.0s<5.3s
[KDownloading https://ultralytics.com/assets/VOCtest_06-Nov-2007.zip to 'C:\Users\dxu1\Desktop\Dissertation\PTQ\datasets\VOC\images\VOCtest_06-Nov-2007.zip': 51% ━━━━━━────── 216.5/418.0MB 61.3MB/s 6.1s<3.3s
[KDownloading https://ultralytics.com/assets/VOCtrainval_06-Nov-2007.zip to 'C:\Users\dxu1\Desktop\Dissertation\PTQ\datasets\VOC\images\VOCtrainval_06-Nov-2007.zip': 42% ━━━━━─────── 180.3/425.3MB 22.6MB/s 6.1s<10.9s
[KDownloading https://ultralytics.com/assets/VOCtest_06-Nov-2007.zip to 'C:\Users\dxu1\Desktop\Dissertation\PTQ\datasets\VOC\images\VOCtest_06-Nov-2007.zip': 52% ━━━━━━────── 220.3/418.0MB 24.5MB/s 6.3s<8.1s
[KDownloading https://ultralytics.com/assets/VOCtrainval_06-Nov-2007.zip to 'C:\Users\dxu1\Desktop\Dissertation\PTQ\datasets\VOC\images\VOCtrainval_06-Nov-2007.zip': 43% ━━━━━─────── 185.8/425.3MB 53.1MB/s 6.2s<4.5s
[KDownloading https://ultralytics.com/assets/VOCtrainval_11-May-2012.zip to 'C:\Users\dxu1\Desktop\Dissertation\PTQ\datasets\VOC\images\VOCtrainval_11-May-2012.zip': 8% ━─────────── 161.0MB/1.8GB 5.4MB/s 6.4s<5:14
[KDownloading https://ultralytics.com/assets/VOCtest_06-Nov-2007.zip to 'C:\Users\dxu1\Desktop\Dissertation\PTQ\datasets\VOC\images\VOCtest_06-Nov-2007.zip': 53% ━━━━━━────── 225.3/418.0MB 49.2MB/s 6.4s<3.9s
[KDownloading https://ultralytics.com/assets/VOCtrainval_06-Nov-2007.zip to 'C:\Users\dxu1\Desktop\Dissertation\PTQ\datasets\VOC\images\VOCtrainval_06-Nov-2007.zip': 44% ━━━━━─────── 190.1/425.3MB 27.8MB/s 6.4s<8.5s
[KDownloading https://ultralytics.com/assets/VOCtrainval_11-May-2012.zip to 'C:\Users\dxu1\Desktop\Dissertation\PTQ\datasets\VOC\images\VOCtrainval_11-May-2012.zip': 8% ━─────────── 163.0MB/1.8GB 16.0MB/s 6.5s<1:46
[KDownloading https://ultralytics.com/assets/VOCtrainval_06-Nov-2007.zip to 'C:\Users\dxu1\Desktop\Dissertation\PTQ\datasets\VOC\images\VOCtrainval_06-Nov-2007.zip': 45% ━━━━━╸────── 195.2/425.3MB 48.8MB/s 6.5s<4.7s
[KDownloading https://ultralytics.com/assets/VOCtest_06-Nov-2007.zip to 'C:\Users\dxu1\Desktop\Dissertation\PTQ\datasets\VOC\images\VOCtest_06-Nov-2007.zip': 55% ━━━━━━╸───── 230.3/418.0MB 27.3MB/s 6.6s<6.9s
[KDownloading https://ultralytics.com/assets/VOCtrainval_11-May-2012.zip to 'C:\Users\dxu1\Desktop\Dissertation\PTQ\datasets\VOC\images\VOCtrainval_11-May-2012.zip': 8% ━─────────── 167.0MB/1.8GB 32.8MB/s 6.6s<51.7s
[KDownloading https://ultralytics.com/assets/VOCtrainval_06-Nov-2007.zip to 'C:\Users\dxu1\Desktop\Dissertation\PTQ\datasets\VOC\images\VOCtrainval_06-Nov-2007.zip': 46% ━━━━━╸────── 199.0/425.3MB 37.2MB/s 6.6s<6.1s
[KDownloading https://ultralytics.com/assets/VOCtest_06-Nov-2007.zip to 'C:\Users\dxu1\Desktop\Dissertation\PTQ\datasets\VOC\images\VOCtest_06-Nov-2007.zip': 56% ━━━━━━╸───── 234.9/418.0MB 44.9MB/s 6.7s<4.1s
[KDownloading https://ultralytics.com/assets/VOCtrainval_06-Nov-2007.zip to 'C:\Users\dxu1\Desktop\Dissertation\PTQ\datasets\VOC\images\VOCtrainval_06-Nov-2007.zip': 47% ━━━━━╸────── 201.1/425.3MB 19.9MB/s 6.7s<11.3s
[KDownloading https://ultralytics.com/assets/VOCtrainval_11-May-2012.zip to 'C:\Users\dxu1\Desktop\Dissertation\PTQ\datasets\VOC\images\VOCtrainval_11-May-2012.zip': 9% ━─────────── 171.0MB/1.8GB 26.2MB/s 6.8s<1:05
[KDownloading https://ultralytics.com/assets/VOCtest_06-Nov-2007.zip to 'C:\Users\dxu1\Desktop\Dissertation\PTQ\datasets\VOC\images\VOCtest_06-Nov-2007.zip': 57% ━━━━━━╸───── 239.1/418.0MB 34.6MB/s 6.8s<5.2s
[KDownloading https://ultralytics.com/assets/VOCtrainval_06-Nov-2007.zip to 'C:\Users\dxu1\Desktop\Dissertation\PTQ\datasets\VOC\images\VOCtrainval_06-Nov-2007.zip': 48% ━━━━━╸────── 206.7/425.3MB 51.8MB/s 6.8s<4.2s
[KDownloading https://ultralytics.com/assets/VOCtrainval_11-May-2012.zip to 'C:\Users\dxu1\Desktop\Dissertation\PTQ\datasets\VOC\images\VOCtrainval_11-May-2012.zip': 9% ━─────────── 176.0MB/1.8GB 47.7MB/s 6.9s<35.3s
[KDownloading https://ultralytics.com/assets/VOCtest_06-Nov-2007.zip to 'C:\Users\dxu1\Desktop\Dissertation\PTQ\datasets\VOC\images\VOCtest_06-Nov-2007.zip': 57% ━━━━━━╸───── 240.4/418.0MB 11.6MB/s 6.9s<15.3s
[KDownloading https://ultralytics.com/assets/VOCtrainval_06-Nov-2007.zip to 'C:\Users\dxu1\Desktop\Dissertation\PTQ\datasets\VOC\images\VOCtrainval_06-Nov-2007.zip': 49% ━━━━━╸────── 210.1/425.3MB 27.0MB/s 6.9s<8.0s
[KDownloading https://ultralytics.com/assets/VOCtest_06-Nov-2007.zip to 'C:\Users\dxu1\Desktop\Dissertation\PTQ\datasets\VOC\images\VOCtest_06-Nov-2007.zip': 58% ━━━━━━━───── 245.4/418.0MB 47.4MB/s 7.0s<3.6s
[KDownloading https://ultralytics.com/assets/VOCtrainval_11-May-2012.zip to 'C:\Users\dxu1\Desktop\Dissertation\PTQ\datasets\VOC\images\VOCtrainval_11-May-2012.zip': 9% ━─────────── 181.0MB/1.8GB 26.7MB/s 7.1s<1:03
[KDownloading https://ultralytics.com/assets/VOCtrainval_06-Nov-2007.zip to 'C:\Users\dxu1\Desktop\Dissertation\PTQ\datasets\VOC\images\VOCtrainval_06-Nov-2007.zip': 50% ━━━━━━────── 214.3/425.3MB 42.4MB/s 7.0s<5.0s
[KDownloading https://ultralytics.com/assets/VOCtrainval_11-May-2012.zip to 'C:\Users\dxu1\Desktop\Dissertation\PTQ\datasets\VOC\images\VOCtrainval_11-May-2012.zip': 10% ━─────────── 186.0MB/1.8GB 41.0MB/s 7.2s<40.8s
[KDownloading https://ultralytics.com/assets/VOCtest_06-Nov-2007.zip to 'C:\Users\dxu1\Desktop\Dissertation\PTQ\datasets\VOC\images\VOCtest_06-Nov-2007.zip': 59% ━━━━━━━───── 250.4/418.0MB 26.7MB/s 7.2s<6.3s
[KDownloading https://ultralytics.com/assets/VOCtrainval_06-Nov-2007.zip to 'C:\Users\dxu1\Desktop\Dissertation\PTQ\datasets\VOC\images\VOCtrainval_06-Nov-2007.zip': 51% ━━━━━━────── 219.9/425.3MB 53.3MB/s 7.1s<3.9s
[KDownloading https://ultralytics.com/assets/VOCtest_06-Nov-2007.zip to 'C:\Users\dxu1\Desktop\Dissertation\PTQ\datasets\VOC\images\VOCtest_06-Nov-2007.zip': 61% ━━━━━━━───── 257.5/418.0MB 69.7MB/s 7.3s<2.3s
[KDownloading https://ultralytics.com/assets/VOCtrainval_06-Nov-2007.zip to 'C:\Users\dxu1\Desktop\Dissertation\PTQ\datasets\VOC\images\VOCtrainval_06-Nov-2007.zip': 51% ━━━━━━────── 221.1/425.3MB 11.6MB/s 7.2s<17.6s
[KDownloading https://ultralytics.com/assets/VOCtrainval_11-May-2012.zip to 'C:\Users\dxu1\Desktop\Dissertation\PTQ\datasets\VOC\images\VOCtrainval_11-May-2012.zip': 10% ━─────────── 190.0MB/1.8GB 29.4MB/s 7.3s<56.7s
[KDownloading https://ultralytics.com/assets/VOCtest_06-Nov-2007.zip to 'C:\Users\dxu1\Desktop\Dissertation\PTQ\datasets\VOC\images\VOCtest_06-Nov-2007.zip': 62% ━━━━━━━╸──── 261.7/418.0MB 40.1MB/s 7.4s<3.9s
[KDownloading https://ultralytics.com/assets/VOCtrainval_06-Nov-2007.zip to 'C:\Users\dxu1\Desktop\Dissertation\PTQ\datasets\VOC\images\VOCtrainval_06-Nov-2007.zip': 52% ━━━━━━────── 225.4/425.3MB 38.4MB/s 7.4s<5.2s
[KDownloading https://ultralytics.com/assets/VOCtrainval_11-May-2012.zip to 'C:\Users\dxu1\Desktop\Dissertation\PTQ\datasets\VOC\images\VOCtrainval_11-May-2012.zip': 10% ━─────────── 192.0MB/1.8GB 19.7MB/s 7.4s<1:25
[KDownloading https://ultralytics.com/assets/VOCtest_06-Nov-2007.zip to 'C:\Users\dxu1\Desktop\Dissertation\PTQ\datasets\VOC\images\VOCtest_06-Nov-2007.zip': 63% ━━━━━━━╸──── 266.3/418.0MB 36.3MB/s 7.5s<4.2s
[KDownloading https://ultralytics.com/assets/VOCtrainval_06-Nov-2007.zip to 'C:\Users\dxu1\Desktop\Dissertation\PTQ\datasets\VOC\images\VOCtrainval_06-Nov-2007.zip': 53% ━━━━━━────── 229.6/425.3MB 38.9MB/s 7.5s<5.0s
[KDownloading https://ultralytics.com/assets/VOCtrainval_11-May-2012.zip to 'C:\Users\dxu1\Desktop\Dissertation\PTQ\datasets\VOC\images\VOCtrainval_11-May-2012.zip': 10% ━─────────── 196.0MB/1.8GB 34.4MB/s 7.5s<48.4s
[KDownloading https://ultralytics.com/assets/VOCtrainval_06-Nov-2007.zip to 'C:\Users\dxu1\Desktop\Dissertation\PTQ\datasets\VOC\images\VOCtrainval_06-Nov-2007.zip': 54% ━━━━━━╸───── 231.8/425.3MB 20.0MB/s 7.6s<9.7s
[KDownloading https://ultralytics.com/assets/VOCtest_06-Nov-2007.zip to 'C:\Users\dxu1\Desktop\Dissertation\PTQ\datasets\VOC\images\VOCtest_06-Nov-2007.zip': 64% ━━━━━━━╸──── 270.0/418.0MB 23.2MB/s 7.7s<6.4s
[KDownloading https://ultralytics.com/assets/VOCtrainval_11-May-2012.zip to 'C:\Users\dxu1\Desktop\Dissertation\PTQ\datasets\VOC\images\VOCtrainval_11-May-2012.zip': 10% ━─────────── 201.0MB/1.8GB 27.2MB/s 7.7s<1:01
[KDownloading https://ultralytics.com/assets/VOCtrainval_06-Nov-2007.zip to 'C:\Users\dxu1\Desktop\Dissertation\PTQ\datasets\VOC\images\VOCtrainval_06-Nov-2007.zip': 55% ━━━━━━╸───── 236.9/425.3MB 44.2MB/s 7.7s<4.3s
[KDownloading https://ultralytics.com/assets/VOCtest_06-Nov-2007.zip to 'C:\Users\dxu1\Desktop\Dissertation\PTQ\datasets\VOC\images\VOCtest_06-Nov-2007.zip': 65% ━━━━━━━╸──── 275.9/418.0MB 57.1MB/s 7.8s<2.5s
[KDownloading https://ultralytics.com/assets/VOCtrainval_11-May-2012.zip to 'C:\Users\dxu1\Desktop\Dissertation\PTQ\datasets\VOC\images\VOCtrainval_11-May-2012.zip': 10% ━─────────── 204.0MB/1.8GB 24.7MB/s 7.8s<1:07
[KDownloading https://ultralytics.com/assets/VOCtrainval_06-Nov-2007.zip to 'C:\Users\dxu1\Desktop\Dissertation\PTQ\datasets\VOC\images\VOCtrainval_06-Nov-2007.zip': 56% ━━━━━━╸───── 239.8/425.3MB 28.5MB/s 7.8s<6.5s
[KDownloading https://ultralytics.com/assets/VOCtest_06-Nov-2007.zip to 'C:\Users\dxu1\Desktop\Dissertation\PTQ\datasets\VOC\images\VOCtest_06-Nov-2007.zip': 66% ━━━━━━━━──── 280.1/418.0MB 29.9MB/s 7.9s<4.6s
[KDownloading https://ultralytics.com/assets/VOCtrainval_11-May-2012.zip to 'C:\Users\dxu1\Desktop\Dissertation\PTQ\datasets\VOC\images\VOCtrainval_11-May-2012.zip': 11% ━─────────── 209.0MB/1.8GB 47.3MB/s 7.9s<34.9s
[KDownloading https://ultralytics.com/assets/VOCtrainval_06-Nov-2007.zip to 'C:\Users\dxu1\Desktop\Dissertation\PTQ\datasets\VOC\images\VOCtrainval_06-Nov-2007.zip': 56% ━━━━━━╸───── 242.4/425.3MB 24.4MB/s 7.9s<7.5s
[KDownloading https://ultralytics.com/assets/VOCtest_06-Nov-2007.zip to 'C:\Users\dxu1\Desktop\Dissertation\PTQ\datasets\VOC\images\VOCtest_06-Nov-2007.zip': 68% ━━━━━━━━──── 286.8/418.0MB 66.7MB/s 8.0s<2.0s
[KDownloading https://ultralytics.com/assets/VOCtrainval_06-Nov-2007.zip to 'C:\Users\dxu1\Desktop\Dissertation\PTQ\datasets\VOC\images\VOCtrainval_06-Nov-2007.zip': 57% ━━━━━━╸───── 245.4/425.3MB 29.6MB/s 8.0s<6.1s
[KDownloading https://ultralytics.com/assets/VOCtrainval_11-May-2012.zip to 'C:\Users\dxu1\Desktop\Dissertation\PTQ\datasets\VOC\images\VOCtrainval_11-May-2012.zip': 11% ━─────────── 211.0MB/1.8GB 15.6MB/s 8.1s<1:46
[KDownloading https://ultralytics.com/assets/VOCtest_06-Nov-2007.zip to 'C:\Users\dxu1\Desktop\Dissertation\PTQ\datasets\VOC\images\VOCtest_06-Nov-2007.zip': 69% ━━━━━━━━──── 290.1/418.0MB 27.3MB/s 8.1s<4.7s
[KDownloading https://ultralytics.com/assets/VOCtrainval_11-May-2012.zip to 'C:\Users\dxu1\Desktop\Dissertation\PTQ\datasets\VOC\images\VOCtrainval_11-May-2012.zip': 11% ━─────────── 216.0MB/1.8GB 45.2MB/s 8.2s<36.4s
[KDownloading https://ultralytics.com/assets/VOCtrainval_06-Nov-2007.zip to 'C:\Users\dxu1\Desktop\Dissertation\PTQ\datasets\VOC\images\VOCtrainval_06-Nov-2007.zip': 58% ━━━━━━━───── 250.1/425.3MB 28.7MB/s 8.2s<6.1s
[KDownloading https://ultralytics.com/assets/VOCtest_06-Nov-2007.zip to 'C:\Users\dxu1\Desktop\Dissertation\PTQ\datasets\VOC\images\VOCtest_06-Nov-2007.zip': 70% ━━━━━━━━╸─── 296.8/418.0MB 65.0MB/s 8.2s<1.9s
[KDownloading https://ultralytics.com/assets/VOCtrainval_11-May-2012.zip to 'C:\Users\dxu1\Desktop\Dissertation\PTQ\datasets\VOC\images\VOCtrainval_11-May-2012.zip': 11% ━─────────── 220.0MB/1.8GB 32.9MB/s 8.3s<49.8s
[KDownloading https://ultralytics.com/assets/VOCtrainval_06-Nov-2007.zip to 'C:\Users\dxu1\Desktop\Dissertation\PTQ\datasets\VOC\images\VOCtrainval_06-Nov-2007.zip': 59% ━━━━━━━───── 253.9/425.3MB 37.4MB/s 8.3s<4.6s
[KDownloading https://ultralytics.com/assets/VOCtest_06-Nov-2007.zip to 'C:\Users\dxu1\Desktop\Dissertation\PTQ\datasets\VOC\images\VOCtest_06-Nov-2007.zip': 71% ━━━━━━━━╸─── 300.1/418.0MB 23.5MB/s 8.4s<5.0s
[KDownloading https://ultralytics.com/assets/VOCtrainval_11-May-2012.zip to 'C:\Users\dxu1\Desktop\Dissertation\PTQ\datasets\VOC\images\VOCtrainval_11-May-2012.zip': 11% ━─────────── 223.0MB/1.8GB 27.7MB/s 8.4s<59.0s
[KDownloading https://ultralytics.com/assets/VOCtrainval_06-Nov-2007.zip to 'C:\Users\dxu1\Desktop\Dissertation\PTQ\datasets\VOC\images\VOCtrainval_06-Nov-2007.zip': 60% ━━━━━━━───── 259.4/425.3MB 53.3MB/s 8.4s<3.1s
[KDownloading https://ultralytics.com/assets/VOCtest_06-Nov-2007.zip to 'C:\Users\dxu1\Desktop\Dissertation\PTQ\datasets\VOC\images\VOCtest_06-Nov-2007.zip': 72% ━━━━━━━━╸─── 303.9/418.0MB 37.0MB/s 8.5s<3.1s
[KDownloading https://ultralytics.com/assets/VOCtrainval_11-May-2012.zip to 'C:\Users\dxu1\Desktop\Dissertation\PTQ\datasets\VOC\images\VOCtrainval_11-May-2012.zip': 12% ━─────────── 228.0MB/1.8GB 46.3MB/s 8.5s<35.3s
[KDownloading https://ultralytics.com/assets/VOCtrainval_06-Nov-2007.zip to 'C:\Users\dxu1\Desktop\Dissertation\PTQ\datasets\VOC\images\VOCtrainval_06-Nov-2007.zip': 61% ━━━━━━━───── 260.3/425.3MB 6.3MB/s 8.5s<26.3s
[KDownloading https://ultralytics.com/assets/VOCtest_06-Nov-2007.zip to 'C:\Users\dxu1\Desktop\Dissertation\PTQ\datasets\VOC\images\VOCtest_06-Nov-2007.zip': 73% ━━━━━━━━╸─── 308.5/418.0MB 37.4MB/s 8.6s<2.9s
[KDownloading https://ultralytics.com/assets/VOCtrainval_11-May-2012.zip to 'C:\Users\dxu1\Desktop\Dissertation\PTQ\datasets\VOC\images\VOCtrainval_11-May-2012.zip': 12% ━─────────── 231.0MB/1.8GB 23.8MB/s 8.6s<1:08
[KDownloading https://ultralytics.com/assets/VOCtrainval_06-Nov-2007.zip to 'C:\Users\dxu1\Desktop\Dissertation\PTQ\datasets\VOC\images\VOCtrainval_06-Nov-2007.zip': 62% ━━━━━━━───── 264.9/425.3MB 44.5MB/s 8.6s<3.6s
[KDownloading https://ultralytics.com/assets/VOCtest_06-Nov-2007.zip to 'C:\Users\dxu1\Desktop\Dissertation\PTQ\datasets\VOC\images\VOCtest_06-Nov-2007.zip': 74% ━━━━━━━━╸─── 310.2/418.0MB 15.1MB/s 8.7s<7.2s
[KDownloading https://ultralytics.com/assets/VOCtrainval_11-May-2012.zip to 'C:\Users\dxu1\Desktop\Dissertation\PTQ\datasets\VOC\images\VOCtrainval_11-May-2012.zip': 12% ━╸────────── 236.0MB/1.8GB 48.1MB/s 8.8s<33.7s
[KDownloading https://ultralytics.com/assets/VOCtrainval_06-Nov-2007.zip to 'C:\Users\dxu1\Desktop\Dissertation\PTQ\datasets\VOC\images\VOCtrainval_06-Nov-2007.zip': 63% ━━━━━━━╸──── 269.6/425.3MB 41.8MB/s 8.7s<3.7s
[KDownloading https://ultralytics.com/assets/VOCtest_06-Nov-2007.zip to 'C:\Users\dxu1\Desktop\Dissertation\PTQ\datasets\VOC\images\VOCtest_06-Nov-2007.zip': 75% ━━━━━━━━━─── 314.8/418.0MB 44.6MB/s 8.8s<2.3s
[KDownloading https://ultralytics.com/assets/VOCtrainval_11-May-2012.zip to 'C:\Users\dxu1\Desktop\Dissertation\PTQ\datasets\VOC\images\VOCtrainval_11-May-2012.zip': 12% ━╸────────── 240.0MB/1.8GB 39.2MB/s 8.9s<41.3s
[KDownloading https://ultralytics.com/assets/VOCtrainval_06-Nov-2007.zip to 'C:\Users\dxu1\Desktop\Dissertation\PTQ\datasets\VOC\images\VOCtrainval_06-Nov-2007.zip': 63% ━━━━━━━╸──── 270.5/425.3MB 8.2MB/s 8.8s<18.8s
[KDownloading https://ultralytics.com/assets/VOCtest_06-Nov-2007.zip to 'C:\Users\dxu1\Desktop\Dissertation\PTQ\datasets\VOC\images\VOCtest_06-Nov-2007.zip': 76% ━━━━━━━━━─── 319.4/418.0MB 39.4MB/s 8.9s<2.5s
[KDownloading https://ultralytics.com/assets/VOCtrainval_11-May-2012.zip to 'C:\Users\dxu1\Desktop\Dissertation\PTQ\datasets\VOC\images\VOCtrainval_11-May-2012.zip': 13% ━╸────────── 242.0MB/1.8GB 17.9MB/s 9.0s<1:30
[KDownloading https://ultralytics.com/assets/VOCtrainval_06-Nov-2007.zip to 'C:\Users\dxu1\Desktop\Dissertation\PTQ\datasets\VOC\images\VOCtrainval_06-Nov-2007.zip': 64% ━━━━━━━╸──── 275.1/425.3MB 45.8MB/s 8.9s<3.3s
[KDownloading https://ultralytics.com/assets/VOCtest_06-Nov-2007.zip to 'C:\Users\dxu1\Desktop\Dissertation\PTQ\datasets\VOC\images\VOCtest_06-Nov-2007.zip': 76% ━━━━━━━━━─── 320.2/418.0MB 8.0MB/s 9.1s<12.2s
[KDownloading https://ultralytics.com/assets/VOCtrainval_11-May-2012.zip to 'C:\Users\dxu1\Desktop\Dissertation\PTQ\datasets\VOC\images\VOCtrainval_11-May-2012.zip': 13% ━╸────────── 248.0MB/1.8GB 48.6MB/s 9.1s<33.1s
[KDownloading https://ultralytics.com/assets/VOCtrainval_06-Nov-2007.zip to 'C:\Users\dxu1\Desktop\Dissertation\PTQ\datasets\VOC\images\VOCtrainval_06-Nov-2007.zip': 65% ━━━━━━━╸──── 280.2/425.3MB 32.9MB/s 9.1s<4.4s
[KDownloading https://ultralytics.com/assets/VOCtest_06-Nov-2007.zip to 'C:\Users\dxu1\Desktop\Dissertation\PTQ\datasets\VOC\images\VOCtest_06-Nov-2007.zip': 78% ━━━━━━━━━─── 326.5/418.0MB 62.2MB/s 9.2s<1.5s
[KDownloading https://ultralytics.com/assets/VOCtrainval_11-May-2012.zip to 'C:\Users\dxu1\Desktop\Dissertation\PTQ\datasets\VOC\images\VOCtrainval_11-May-2012.zip': 13% ━╸────────── 251.0MB/1.8GB 21.3MB/s 9.2s<1:16
[KDownloading https://ultralytics.com/assets/VOCtrainval_06-Nov-2007.zip to 'C:\Users\dxu1\Desktop\Dissertation\PTQ\datasets\VOC\images\VOCtrainval_06-Nov-2007.zip': 66% ━━━━━━━━──── 284.9/425.3MB 45.8MB/s 9.2s<3.1s
[KDownloading https://ultralytics.com/assets/VOCtest_06-Nov-2007.zip to 'C:\Users\dxu1\Desktop\Dissertation\PTQ\datasets\VOC\images\VOCtest_06-Nov-2007.zip': 78% ━━━━━━━━━─── 330.2/418.0MB 37.0MB/s 9.3s<2.4s
[KDownloading https://ultralytics.com/assets/VOCtrainval_06-Nov-2007.zip to 'C:\Users\dxu1\Desktop\Dissertation\PTQ\datasets\VOC\images\VOCtrainval_06-Nov-2007.zip': 67% ━━━━━━━━──── 288.3/425.3MB 32.0MB/s 9.3s<4.3s
[KDownloading https://ultralytics.com/assets/VOCtrainval_11-May-2012.zip to 'C:\Users\dxu1\Desktop\Dissertation\PTQ\datasets\VOC\images\VOCtrainval_11-May-2012.zip': 13% ━╸────────── 255.0MB/1.8GB 30.7MB/s 9.4s<52.3s
[KDownloading https://ultralytics.com/assets/VOCtest_06-Nov-2007.zip to 'C:\Users\dxu1\Desktop\Dissertation\PTQ\datasets\VOC\images\VOCtest_06-Nov-2007.zip': 80% ━━━━━━━━━╸── 336.5/418.0MB 58.9MB/s 9.4s<1.4s
[KDownloading https://ultralytics.com/assets/VOCtest_06-Nov-2007.zip to 'C:\Users\dxu1\Desktop\Dissertation\PTQ\datasets\VOC\images\VOCtest_06-Nov-2007.zip': 81% ━━━━━━━━━╸── 342.4/418.0MB 56.5MB/s 9.5s<1.3s
[KDownloading https://ultralytics.com/assets/VOCtrainval_06-Nov-2007.zip to 'C:\Users\dxu1\Desktop\Dissertation\PTQ\datasets\VOC\images\VOCtrainval_06-Nov-2007.zip': 68% ━━━━━━━━──── 290.0/425.3MB 13.6MB/s 9.4s<10.0s
[KDownloading https://ultralytics.com/assets/VOCtrainval_11-May-2012.zip to 'C:\Users\dxu1\Desktop\Dissertation\PTQ\datasets\VOC\images\VOCtrainval_11-May-2012.zip': 13% ━╸────────── 259.0MB/1.8GB 34.8MB/s 9.5s<46.0s
[KDownloading https://ultralytics.com/assets/VOCtrainval_06-Nov-2007.zip to 'C:\Users\dxu1\Desktop\Dissertation\PTQ\datasets\VOC\images\VOCtrainval_06-Nov-2007.zip': 69% ━━━━━━━━──── 293.9/425.3MB 38.0MB/s 9.5s<3.5s
[KDownloading https://ultralytics.com/assets/VOCtrainval_11-May-2012.zip to 'C:\Users\dxu1\Desktop\Dissertation\PTQ\datasets\VOC\images\VOCtrainval_11-May-2012.zip': 14% ━╸────────── 262.0MB/1.8GB 25.3MB/s 9.6s<1:03
[KDownloading https://ultralytics.com/assets/VOCtest_06-Nov-2007.zip to 'C:\Users\dxu1\Desktop\Dissertation\PTQ\datasets\VOC\images\VOCtest_06-Nov-2007.zip': 83% ━━━━━━━━━╸── 348.2/418.0MB 41.6MB/s 9.6s<1.7s
[KDownloading https://ultralytics.com/assets/VOCtrainval_06-Nov-2007.zip to 'C:\Users\dxu1\Desktop\Dissertation\PTQ\datasets\VOC\images\VOCtrainval_06-Nov-2007.zip': 70% ━━━━━━━━──── 298.5/425.3MB 46.6MB/s 9.6s<2.7s
[KDownloading https://ultralytics.com/assets/VOCtest_06-Nov-2007.zip to 'C:\Users\dxu1\Desktop\Dissertation\PTQ\datasets\VOC\images\VOCtest_06-Nov-2007.zip': 83% ━━━━━━━━━━── 351.1/418.0MB 28.9MB/s 9.7s<2.3s
[KDownloading https://ultralytics.com/assets/VOCtrainval_11-May-2012.zip to 'C:\Users\dxu1\Desktop\Dissertation\PTQ\datasets\VOC\images\VOCtrainval_11-May-2012.zip': 14% ━╸────────── 267.0MB/1.8GB 38.2MB/s 9.7s<41.7s
[KDownloading https://ultralytics.com/assets/VOCtrainval_06-Nov-2007.zip to 'C:\Users\dxu1\Desktop\Dissertation\PTQ\datasets\VOC\images\VOCtrainval_06-Nov-2007.zip': 70% ━━━━━━━━──── 300.7/425.3MB 20.7MB/s 9.7s<6.0s
[KDownloading https://ultralytics.com/assets/VOCtrainval_11-May-2012.zip to 'C:\Users\dxu1\Desktop\Dissertation\PTQ\datasets\VOC\images\VOCtrainval_11-May-2012.zip': 14% ━╸────────── 270.0MB/1.8GB 29.2MB/s 9.8s<54.5s
[KDownloading https://ultralytics.com/assets/VOCtest_06-Nov-2007.zip to 'C:\Users\dxu1\Desktop\Dissertation\PTQ\datasets\VOC\images\VOCtest_06-Nov-2007.zip': 85% ━━━━━━━━━━── 357.0/418.0MB 49.1MB/s 9.8s<1.2s
[KDownloading https://ultralytics.com/assets/VOCtrainval_06-Nov-2007.zip to 'C:\Users\dxu1\Desktop\Dissertation\PTQ\datasets\VOC\images\VOCtrainval_06-Nov-2007.zip': 71% ━━━━━━━━╸─── 305.3/425.3MB 44.0MB/s 9.8s<2.7s
[KDownloading https://ultralytics.com/assets/VOCtest_06-Nov-2007.zip to 'C:\Users\dxu1\Desktop\Dissertation\PTQ\datasets\VOC\images\VOCtest_06-Nov-2007.zip': 86% ━━━━━━━━━━── 360.3/418.0MB 28.9MB/s 9.9s<2.0s
[KDownloading https://ultralytics.com/assets/VOCtrainval_11-May-2012.zip to 'C:\Users\dxu1\Desktop\Dissertation\PTQ\datasets\VOC\images\VOCtrainval_11-May-2012.zip': 14% ━╸────────── 273.0MB/1.8GB 24.8MB/s 10.0s<1:04
[KDownloading https://ultralytics.com/assets/VOCtrainval_06-Nov-2007.zip to 'C:\Users\dxu1\Desktop\Dissertation\PTQ\datasets\VOC\images\VOCtrainval_06-Nov-2007.zip': 72% ━━━━━━━━╸─── 310.0/425.3MB 35.2MB/s 10.0s<3.3s
[KDownloading https://ultralytics.com/assets/VOCtest_06-Nov-2007.zip to 'C:\Users\dxu1\Desktop\Dissertation\PTQ\datasets\VOC\images\VOCtest_06-Nov-2007.zip': 87% ━━━━━━━━━━╸─ 366.6/418.0MB 60.1MB/s 10.0s<0.9s
[KDownloading https://ultralytics.com/assets/VOCtrainval_11-May-2012.zip to 'C:\Users\dxu1\Desktop\Dissertation\PTQ\datasets\VOC\images\VOCtrainval_11-May-2012.zip': 14% ━╸────────── 277.0MB/1.8GB 29.0MB/s 10.1s<54.6s
[KDownloading https://ultralytics.com/assets/VOCtrainval_06-Nov-2007.zip to 'C:\Users\dxu1\Desktop\Dissertation\PTQ\datasets\VOC\images\VOCtrainval_06-Nov-2007.zip': 73% ━━━━━━━━╸─── 313.8/425.3MB 36.5MB/s 10.1s<3.1s
[KDownloading https://ultralytics.com/assets/VOCtest_06-Nov-2007.zip to 'C:\Users\dxu1\Desktop\Dissertation\PTQ\datasets\VOC\images\VOCtest_06-Nov-2007.zip': 88% ━━━━━━━━━━╸─ 370.4/418.0MB 28.4MB/s 10.2s<1.7s
[KDownloading https://ultralytics.com/assets/VOCtrainval_11-May-2012.zip to 'C:\Users\dxu1\Desktop\Dissertation\PTQ\datasets\VOC\images\VOCtrainval_11-May-2012.zip': 15% ━╸────────── 281.0MB/1.8GB 25.1MB/s 10.2s<1:03
[KDownloading https://ultralytics.com/assets/VOCtest_06-Nov-2007.zip to 'C:\Users\dxu1\Desktop\Dissertation\PTQ\datasets\VOC\images\VOCtest_06-Nov-2007.zip': 89% ━━━━━━━━━━╸─ 375.8/418.0MB 52.6MB/s 10.3s<0.8s
[KDownloading https://ultralytics.com/assets/VOCtrainval_06-Nov-2007.zip to 'C:\Users\dxu1\Desktop\Dissertation\PTQ\datasets\VOC\images\VOCtrainval_06-Nov-2007.zip': 75% ━━━━━━━━━─── 320.2/425.3MB 38.4MB/s 10.2s<2.7s
[KDownloading https://ultralytics.com/assets/VOCtrainval_11-May-2012.zip to 'C:\Users\dxu1\Desktop\Dissertation\PTQ\datasets\VOC\images\VOCtrainval_11-May-2012.zip': 15% ━╸────────── 285.0MB/1.8GB 30.7MB/s 10.4s<51.4s
[KDownloading https://ultralytics.com/assets/VOCtrainval_06-Nov-2007.zip to 'C:\Users\dxu1\Desktop\Dissertation\PTQ\datasets\VOC\images\VOCtrainval_06-Nov-2007.zip': 76% ━━━━━━━━━─── 324.5/425.3MB 42.5MB/s 10.3s<2.4s
[KDownloading https://ultralytics.com/assets/VOCtest_06-Nov-2007.zip to 'C:\Users\dxu1\Desktop\Dissertation\PTQ\datasets\VOC\images\VOCtest_06-Nov-2007.zip': 90% ━━━━━━━━━━╸─ 380.4/418.0MB 28.4MB/s 10.4s<1.3s
[KDownloading https://ultralytics.com/assets/VOCtrainval_06-Nov-2007.zip to 'C:\Users\dxu1\Desktop\Dissertation\PTQ\datasets\VOC\images\VOCtrainval_06-Nov-2007.zip': 77% ━━━━━━━━━─── 329.6/425.3MB 50.8MB/s 10.4s<1.9s
[KDownloading https://ultralytics.com/assets/VOCtrainval_11-May-2012.zip to 'C:\Users\dxu1\Desktop\Dissertation\PTQ\datasets\VOC\images\VOCtrainval_11-May-2012.zip': 15% ━╸────────── 289.0MB/1.8GB 35.9MB/s 10.5s<43.8s
[KDownloading https://ultralytics.com/assets/VOCtest_06-Nov-2007.zip to 'C:\Users\dxu1\Desktop\Dissertation\PTQ\datasets\VOC\images\VOCtest_06-Nov-2007.zip': 92% ━━━━━━━━━━━─ 387.9/418.0MB 75.0MB/s 10.5s<0.4s
[KDownloading https://ultralytics.com/assets/VOCtrainval_11-May-2012.zip to 'C:\Users\dxu1\Desktop\Dissertation\PTQ\datasets\VOC\images\VOCtrainval_11-May-2012.zip': 15% ━╸────────── 292.0MB/1.8GB 27.0MB/s 10.6s<58.1s
[KDownloading https://ultralytics.com/assets/VOCtrainval_06-Nov-2007.zip to 'C:\Users\dxu1\Desktop\Dissertation\PTQ\datasets\VOC\images\VOCtrainval_06-Nov-2007.zip': 77% ━━━━━━━━━─── 330.4/425.3MB 5.4MB/s 10.6s<17.5s
[KDownloading https://ultralytics.com/assets/VOCtest_06-Nov-2007.zip to 'C:\Users\dxu1\Desktop\Dissertation\PTQ\datasets\VOC\images\VOCtest_06-Nov-2007.zip': 93% ━━━━━━━━━━━─ 390.4/418.0MB 24.3MB/s 10.6s<1.1s
[KDownloading https://ultralytics.com/assets/VOCtrainval_11-May-2012.zip to 'C:\Users\dxu1\Desktop\Dissertation\PTQ\datasets\VOC\images\VOCtrainval_11-May-2012.zip': 15% ━╸────────── 296.0MB/1.8GB 37.0MB/s 10.7s<42.2s
[KDownloading https://ultralytics.com/assets/VOCtrainval_06-Nov-2007.zip to 'C:\Users\dxu1\Desktop\Dissertation\PTQ\datasets\VOC\images\VOCtrainval_06-Nov-2007.zip': 78% ━━━━━━━━━─── 334.7/425.3MB 39.7MB/s 10.7s<2.3s
[KDownloading https://ultralytics.com/assets/VOCtest_06-Nov-2007.zip to 'C:\Users\dxu1\Desktop\Dissertation\PTQ\datasets\VOC\images\VOCtest_06-Nov-2007.zip': 94% ━━━━━━━━━━━─ 395.4/418.0MB 45.9MB/s 10.8s<0.5s
[KDownloading https://ultralytics.com/assets/VOCtrainval_11-May-2012.zip to 'C:\Users\dxu1\Desktop\Dissertation\PTQ\datasets\VOC\images\VOCtrainval_11-May-2012.zip': 16% ━╸────────── 299.0MB/1.8GB 29.3MB/s 10.8s<53.2s
[KDownloading https://ultralytics.com/assets/VOCtrainval_06-Nov-2007.zip to 'C:\Users\dxu1\Desktop\Dissertation\PTQ\datasets\VOC\images\VOCtrainval_06-Nov-2007.zip': 79% ━━━━━━━━━╸── 338.9/425.3MB 40.0MB/s 10.8s<2.2s
[KDownloading https://ultralytics.com/assets/VOCtest_06-Nov-2007.zip to 'C:\Users\dxu1\Desktop\Dissertation\PTQ\datasets\VOC\images\VOCtest_06-Nov-2007.zip': 95% ━━━━━━━━━━━─ 400.0/418.0MB 30.5MB/s 10.9s<0.6s
[KDownloading https://ultralytics.com/assets/VOCtrainval_11-May-2012.zip to 'C:\Users\dxu1\Desktop\Dissertation\PTQ\datasets\VOC\images\VOCtrainval_11-May-2012.zip': 16% ━╸────────── 302.0MB/1.8GB 27.0MB/s 10.9s<57.6s
[KDownloading https://ultralytics.com/assets/VOCtrainval_06-Nov-2007.zip to 'C:\Users\dxu1\Desktop\Dissertation\PTQ\datasets\VOC\images\VOCtrainval_06-Nov-2007.zip': 80% ━━━━━━━━━╸── 341.5/425.3MB 24.4MB/s 10.9s<3.4s
[KDownloading https://ultralytics.com/assets/VOCtest_06-Nov-2007.zip to 'C:\Users\dxu1\Desktop\Dissertation\PTQ\datasets\VOC\images\VOCtest_06-Nov-2007.zip': 96% ━━━━━━━━━━━╸ 404.6/418.0MB 43.7MB/s 11.0s<0.3s
[KDownloading https://ultralytics.com/assets/VOCtrainval_11-May-2012.zip to 'C:\Users\dxu1\Desktop\Dissertation\PTQ\datasets\VOC\images\VOCtrainval_11-May-2012.zip': 16% ━╸────────── 305.0MB/1.8GB 28.3MB/s 11.0s<55.0s
[KDownloading https://ultralytics.com/assets/VOCtrainval_06-Nov-2007.zip to 'C:\Users\dxu1\Desktop\Dissertation\PTQ\datasets\VOC\images\VOCtrainval_06-Nov-2007.zip': 81% ━━━━━━━━━╸── 345.7/425.3MB 39.0MB/s 11.0s<2.0s
[KDownloading https://ultralytics.com/assets/VOCtest_06-Nov-2007.zip to 'C:\Users\dxu1\Desktop\Dissertation\PTQ\datasets\VOC\images\VOCtest_06-Nov-2007.zip': 97% ━━━━━━━━━━━╸ 409.2/418.0MB 44.7MB/s 11.1s<0.2s
[KDownloading https://ultralytics.com/assets/VOCtrainval_11-May-2012.zip to 'C:\Users\dxu1\Desktop\Dissertation\PTQ\datasets\VOC\images\VOCtrainval_11-May-2012.zip': 16% ━╸────────── 308.0MB/1.8GB 28.6MB/s 11.1s<54.3s
[KDownloading https://ultralytics.com/assets/VOCtest_06-Nov-2007.zip to 'C:\Users\dxu1\Desktop\Dissertation\PTQ\datasets\VOC\images\VOCtest_06-Nov-2007.zip': 98% ━━━━━━━━━━━╸ 410.5/418.0MB 11.9MB/s 11.2s<0.6s
[KDownloading https://ultralytics.com/assets/VOCtrainval_06-Nov-2007.zip to 'C:\Users\dxu1\Desktop\Dissertation\PTQ\datasets\VOC\images\VOCtrainval_06-Nov-2007.zip': 82% ━━━━━━━━━╸── 350.4/425.3MB 30.2MB/s 11.2s<2.5s
[KDownloading https://ultralytics.com/assets/VOCtrainval_11-May-2012.zip to 'C:\Users\dxu1\Desktop\Dissertation\PTQ\datasets\VOC\images\VOCtrainval_11-May-2012.zip': 16% ━━────────── 311.0MB/1.8GB 20.5MB/s 11.3s<1:16
[KDownloading https://ultralytics.com/assets/VOCtest_06-Nov-2007.zip to 'C:\Users\dxu1\Desktop\Dissertation\PTQ\datasets\VOC\images\VOCtest_06-Nov-2007.zip': 99% ━━━━━━━━━━━╸ 416.3/418.0MB 54.8MB/s 11.3s<0.0s
[KDownloading https://ultralytics.com/assets/VOCtrainval_06-Nov-2007.zip to 'C:\Users\dxu1\Desktop\Dissertation\PTQ\datasets\VOC\images\VOCtrainval_06-Nov-2007.zip': 83% ━━━━━━━━━╸── 354.2/425.3MB 35.3MB/s 11.3s<2.0s
[KDownloading https://ultralytics.com/assets/VOCtest_06-Nov-2007.zip to 'C:\Users\dxu1\Desktop\Dissertation\PTQ\datasets\VOC\images\VOCtest_06-Nov-2007.zip': 100% ━━━━━━━━━━━━ 418.0MB 36.8MB/s 11.4s

[KDownloading https://ultralytics.com/assets/VOCtrainval_06-Nov-2007.zip to 'C:\Users\dxu1\Desktop\Dissertation\PTQ\datasets\VOC\images\VOCtrainval_06-Nov-2007.zip': 83% ━━━━━━━━━━── 356.4/425.3MB 11.0MB/s 11.5s<6.3s
[KDownloading https://ultralytics.com/assets/VOCtrainval_11-May-2012.zip to 'C:\Users\dxu1\Desktop\Dissertation\PTQ\datasets\VOC\images\VOCtrainval_11-May-2012.zip': 16% ━━────────── 314.0MB/1.8GB 12.1MB/s 11.5s<2:08
[KDownloading https://ultralytics.com/assets/VOCtrainval_06-Nov-2007.zip to 'C:\Users\dxu1\Desktop\Dissertation\PTQ\datasets\VOC\images\VOCtrainval_06-Nov-2007.zip': 85% ━━━━━━━━━━── 365.3/425.3MB 88.1MB/s 11.6s<0.7s
[KUnzipping C:\Users\dxu1\Desktop\Dissertation\PTQ\datasets\VOC\images\VOCtest_06-Nov-2007.zip to C:\Users\dxu1\Desktop\Dissertation\PTQ\datasets\VOC\images\VOCdevkit...: 0% ──────────── 47/10357 138.4files/s 0.1s<1:15
[KUnzipping C:\Users\dxu1\Desktop\Dissertation\PTQ\datasets\VOC\images\VOCtest_06-Nov-2007.zip to C:\Users\dxu1\Desktop\Dissertation\PTQ\datasets\VOC\images\VOCdevkit...: 0% ──────────── 98/10357 248.4files/s 0.2s<41.3s
[KDownloading https://ultralytics.com/assets/VOCtrainval_06-Nov-2007.zip to 'C:\Users\dxu1\Desktop\Dissertation\PTQ\datasets\VOC\images\VOCtrainval_06-Nov-2007.zip': 87% ━━━━━━━━━━── 370.4/425.3MB 38.1MB/s 11.7s<1.4s
[KUnzipping C:\Users\dxu1\Desktop\Dissertation\PTQ\datasets\VOC\images\VOCtest_06-Nov-2007.zip to C:\Users\dxu1\Desktop\Dissertation\PTQ\datasets\VOC\images\VOCdevkit...: 1% ──────────── 150/10357 327.3files/s 0.3s<31.2s
[KDownloading https://ultralytics.com/assets/VOCtrainval_06-Nov-2007.zip to 'C:\Users\dxu1\Desktop\Dissertation\PTQ\datasets\VOC\images\VOCtrainval_06-Nov-2007.zip': 88% ━━━━━━━━━━╸─ 378.5/425.3MB 80.2MB/s 11.8s<0.6s
[KUnzipping C:\Users\dxu1\Desktop\Dissertation\PTQ\datasets\VOC\images\VOCtest_06-Nov-2007.zip to C:\Users\dxu1\Desktop\Dissertation\PTQ\datasets\VOC\images\VOCdevkit...: 1% ──────────── 200/10357 378.5files/s 0.4s<26.8s
[KDownloading https://ultralytics.com/assets/VOCtrainval_06-Nov-2007.zip to 'C:\Users\dxu1\Desktop\Dissertation\PTQ\datasets\VOC\images\VOCtrainval_06-Nov-2007.zip': 89% ━━━━━━━━━━╸─ 381.0/425.3MB 24.9MB/s 11.9s<1.8s
[KUnzipping C:\Users\dxu1\Desktop\Dissertation\PTQ\datasets\VOC\images\VOCtest_06-Nov-2007.zip to C:\Users\dxu1\Desktop\Dissertation\PTQ\datasets\VOC\images\VOCdevkit...: 2% ──────────── 251/10357 416.9files/s 0.5s<24.2s
[KDownloading https://ultralytics.com/assets/VOCtrainval_06-Nov-2007.zip to 'C:\Users\dxu1\Desktop\Dissertation\PTQ\datasets\VOC\images\VOCtrainval_06-Nov-2007.zip': 90% ━━━━━━━━━━╸─ 386.6/425.3MB 53.9MB/s 12.0s<0.7s
[KDownloading https://ultralytics.com/assets/VOCtrainval_11-May-2012.zip to 'C:\Users\dxu1\Desktop\Dissertation\PTQ\datasets\VOC\images\VOCtrainval_11-May-2012.zip': 17% ━━────────── 321.0MB/1.8GB 12.4MB/s 12.1s<2:04
[KUnzipping C:\Users\dxu1\Desktop\Dissertation\PTQ\datasets\VOC\images\VOCtest_06-Nov-2007.zip to C:\Users\dxu1\Desktop\Dissertation\PTQ\datasets\VOC\images\VOCdevkit...: 2% ──────────── 297/10357 427.2files/s 0.6s<23.5s
[KDownloading https://ultralytics.com/assets/VOCtrainval_11-May-2012.zip to 'C:\Users\dxu1\Desktop\Dissertation\PTQ\datasets\VOC\images\VOCtrainval_11-May-2012.zip': 17% ━━────────── 323.0MB/1.8GB 15.9MB/s 12.2s<1:37
[KDownloading https://ultralytics.com/assets/VOCtrainval_06-Nov-2007.zip to 'C:\Users\dxu1\Desktop\Dissertation\PTQ\datasets\VOC\images\VOCtrainval_06-Nov-2007.zip': 91% ━━━━━━━━━━━─ 390.4/425.3MB 25.4MB/s 12.2s<1.4s
[KUnzipping C:\Users\dxu1\Desktop\Dissertation\PTQ\datasets\VOC\images\VOCtest_06-Nov-2007.zip to C:\Users\dxu1\Desktop\Dissertation\PTQ\datasets\VOC\images\VOCdevkit...: 3% ──────────── 344/10357 440.1files/s 0.7s<22.8s
[KDownloading https://ultralytics.com/assets/VOCtrainval_11-May-2012.zip to 'C:\Users\dxu1\Desktop\Dissertation\PTQ\datasets\VOC\images\VOCtrainval_11-May-2012.zip': 17% ━━────────── 327.0MB/1.8GB 39.4MB/s 12.3s<38.9s
[KDownloading https://ultralytics.com/assets/VOCtrainval_06-Nov-2007.zip to 'C:\Users\dxu1\Desktop\Dissertation\PTQ\datasets\VOC\images\VOCtrainval_06-Nov-2007.zip': 93% ━━━━━━━━━━━─ 396.8/425.3MB 63.8MB/s 12.3s<0.4s
[KUnzipping C:\Users\dxu1\Desktop\Dissertation\PTQ\datasets\VOC\images\VOCtest_06-Nov-2007.zip to C:\Users\dxu1\Desktop\Dissertation\PTQ\datasets\VOC\images\VOCdevkit...: 3% ──────────── 392/10357 450.1files/s 0.8s<22.1s
[KDownloading https://ultralytics.com/assets/VOCtrainval_06-Nov-2007.zip to 'C:\Users\dxu1\Desktop\Dissertation\PTQ\datasets\VOC\images\VOCtrainval_06-Nov-2007.zip': 94% ━━━━━━━━━━━─ 400.2/425.3MB 30.9MB/s 12.4s<0.8s
[KUnzipping C:\Users\dxu1\Desktop\Dissertation\PTQ\datasets\VOC\images\VOCtest_06-Nov-2007.zip to C:\Users\dxu1\Desktop\Dissertation\PTQ\datasets\VOC\images\VOCdevkit...: 4% ╸─────────── 441/10357 459.7files/s 0.9s<21.6s
[KDownloading https://ultralytics.com/assets/VOCtrainval_11-May-2012.zip to 'C:\Users\dxu1\Desktop\Dissertation\PTQ\datasets\VOC\images\VOCtrainval_11-May-2012.zip': 17% ━━────────── 331.0MB/1.8GB 27.1MB/s 12.5s<56.3s
[KDownloading https://ultralytics.com/assets/VOCtrainval_06-Nov-2007.zip to 'C:\Users\dxu1\Desktop\Dissertation\PTQ\datasets\VOC\images\VOCtrainval_06-Nov-2007.zip': 95% ━━━━━━━━━━━─ 404.8/425.3MB 45.3MB/s 12.5s<0.5s
[KUnzipping C:\Users\dxu1\Desktop\Dissertation\PTQ\datasets\VOC\images\VOCtest_06-Nov-2007.zip to C:\Users\dxu1\Desktop\Dissertation\PTQ\datasets\VOC\images\VOCdevkit...: 4% ╸─────────── 489/10357 465.2files/s 1.0s<21.2s
[KDownloading https://ultralytics.com/assets/VOCtrainval_11-May-2012.zip to 'C:\Users\dxu1\Desktop\Dissertation\PTQ\datasets\VOC\images\VOCtrainval_11-May-2012.zip': 18% ━━────────── 336.0MB/1.8GB 45.8MB/s 12.6s<33.3s
[KDownloading https://ultralytics.com/assets/VOCtrainval_06-Nov-2007.zip to 'C:\Users\dxu1\Desktop\Dissertation\PTQ\datasets\VOC\images\VOCtrainval_06-Nov-2007.zip': 96% ━━━━━━━━━━━╸ 409.9/425.3MB 49.5MB/s 12.6s<0.3s
[KUnzipping C:\Users\dxu1\Desktop\Dissertation\PTQ\datasets\VOC\images\VOCtest_06-Nov-2007.zip to C:\Users\dxu1\Desktop\Dissertation\PTQ\datasets\VOC\images\VOCdevkit...: 5% ╸─────────── 532/10357 452.8files/s 1.1s<21.7s
[KDownloading https://ultralytics.com/assets/VOCtrainval_11-May-2012.zip to 'C:\Users\dxu1\Desktop\Dissertation\PTQ\datasets\VOC\images\VOCtrainval_11-May-2012.zip': 18% ━━────────── 341.0MB/1.8GB 32.2MB/s 12.7s<47.1s
[KUnzipping C:\Users\dxu1\Desktop\Dissertation\PTQ\datasets\VOC\images\VOCtest_06-Nov-2007.zip to C:\Users\dxu1\Desktop\Dissertation\PTQ\datasets\VOC\images\VOCdevkit...: 5% ╸─────────── 580/10357 460.2files/s 1.2s<21.2s
[KDownloading https://ultralytics.com/assets/VOCtrainval_06-Nov-2007.zip to 'C:\Users\dxu1\Desktop\Dissertation\PTQ\datasets\VOC\images\VOCtrainval_06-Nov-2007.zip': 96% ━━━━━━━━━━━╸ 410.4/425.3MB 3.9MB/s 12.7s<3.9s
[KDownloading https://ultralytics.com/assets/VOCtrainval_11-May-2012.zip to 'C:\Users\dxu1\Desktop\Dissertation\PTQ\datasets\VOC\images\VOCtrainval_11-May-2012.zip': 18% ━━────────── 346.0MB/1.8GB 49.9MB/s 12.8s<30.3s
[KUnzipping C:\Users\dxu1\Desktop\Dissertation\PTQ\datasets\VOC\images\VOCtest_06-Nov-2007.zip to C:\Users\dxu1\Desktop\Dissertation\PTQ\datasets\VOC\images\VOCdevkit...: 6% ╸─────────── 628/10357 463.1files/s 1.3s<21.0s
[KDownloading https://ultralytics.com/assets/VOCtrainval_06-Nov-2007.zip to 'C:\Users\dxu1\Desktop\Dissertation\PTQ\datasets\VOC\images\VOCtrainval_06-Nov-2007.zip': 97% ━━━━━━━━━━━╸ 416.8/425.3MB 59.4MB/s 12.8s<0.1s
[KUnzipping C:\Users\dxu1\Desktop\Dissertation\PTQ\datasets\VOC\images\VOCtest_06-Nov-2007.zip to C:\Users\dxu1\Desktop\Dissertation\PTQ\datasets\VOC\images\VOCdevkit...: 6% ╸─────────── 675/10357 462.9files/s 1.4s<20.9s
[KDownloading https://ultralytics.com/assets/VOCtrainval_11-May-2012.zip to 'C:\Users\dxu1\Desktop\Dissertation\PTQ\datasets\VOC\images\VOCtrainval_11-May-2012.zip': 18% ━━────────── 351.0MB/1.8GB 32.1MB/s 13.0s<47.0s
[KUnzipping C:\Users\dxu1\Desktop\Dissertation\PTQ\datasets\VOC\images\VOCtest_06-Nov-2007.zip to C:\Users\dxu1\Desktop\Dissertation\PTQ\datasets\VOC\images\VOCdevkit...: 6% ╸─────────── 723/10357 467.7files/s 1.5s<20.6s
[KDownloading https://ultralytics.com/assets/VOCtrainval_11-May-2012.zip to 'C:\Users\dxu1\Desktop\Dissertation\PTQ\datasets\VOC\images\VOCtrainval_11-May-2012.zip': 19% ━━────────── 356.0MB/1.8GB 49.4MB/s 13.1s<30.4s
[KUnzipping C:\Users\dxu1\Desktop\Dissertation\PTQ\datasets\VOC\images\VOCtest_06-Nov-2007.zip to C:\Users\dxu1\Desktop\Dissertation\PTQ\datasets\VOC\images\VOCdevkit...: 7% ╸─────────── 768/10357 461.0files/s 1.6s<20.8s
[KDownloading https://ultralytics.com/assets/VOCtrainval_06-Nov-2007.zip to 'C:\Users\dxu1\Desktop\Dissertation\PTQ\datasets\VOC\images\VOCtrainval_06-Nov-2007.zip': 98% ━━━━━━━━━━━╸ 420.2/425.3MB 9.4MB/s 13.2s<0.5s
[KDownloading https://ultralytics.com/assets/VOCtrainval_11-May-2012.zip to 'C:\Users\dxu1\Desktop\Dissertation\PTQ\datasets\VOC\images\VOCtrainval_11-May-2012.zip': 19% ━━────────── 361.0MB/1.8GB 34.8MB/s 13.2s<43.0s
[KUnzipping C:\Users\dxu1\Desktop\Dissertation\PTQ\datasets\VOC\images\VOCtest_06-Nov-2007.zip to C:\Users\dxu1\Desktop\Dissertation\PTQ\datasets\VOC\images\VOCdevkit...: 7% ╸─────────── 799/10357 415.3files/s 1.7s<23.0s
[KDownloading https://ultralytics.com/assets/VOCtrainval_11-May-2012.zip to 'C:\Users\dxu1\Desktop\Dissertation\PTQ\datasets\VOC\images\VOCtrainval_11-May-2012.zip': 19% ━━────────── 367.0MB/1.8GB 52.6MB/s 13.3s<28.4s
[KDownloading https://ultralytics.com/assets/VOCtrainval_06-Nov-2007.zip to 'C:\Users\dxu1\Desktop\Dissertation\PTQ\datasets\VOC\images\VOCtrainval_06-Nov-2007.zip': 98% ━━━━━━━━━━━╸ 420.6/425.3MB 3.2MB/s 13.3s<1.5s
[KUnzipping C:\Users\dxu1\Desktop\Dissertation\PTQ\datasets\VOC\images\VOCtest_06-Nov-2007.zip to C:\Users\dxu1\Desktop\Dissertation\PTQ\datasets\VOC\images\VOCdevkit...: 8% ╸─────────── 844/10357 423.1files/s 1.8s<22.5s
[KDownloading https://ultralytics.com/assets/VOCtrainval_06-Nov-2007.zip to 'C:\Users\dxu1\Desktop\Dissertation\PTQ\datasets\VOC\images\VOCtrainval_06-Nov-2007.zip': 99% ━━━━━━━━━━━╸ 421.9/425.3MB 12.5MB/s 13.4s<0.3s
[KUnzipping C:\Users\dxu1\Desktop\Dissertation\PTQ\datasets\VOC\images\VOCtest_06-Nov-2007.zip to C:\Users\dxu1\Desktop\Dissertation\PTQ\datasets\VOC\images\VOCdevkit...: 8% ━─────────── 891/10357 435.6files/s 1.9s<21.7s
[KDownloading https://ultralytics.com/assets/VOCtrainval_11-May-2012.zip to 'C:\Users\dxu1\Desktop\Dissertation\PTQ\datasets\VOC\images\VOCtrainval_11-May-2012.zip': 19% ━━────────── 371.0MB/1.8GB 29.0MB/s 13.5s<51.4s
[KUnzipping C:\Users\dxu1\Desktop\Dissertation\PTQ\datasets\VOC\images\VOCtest_06-Nov-2007.zip to C:\Users\dxu1\Desktop\Dissertation\PTQ\datasets\VOC\images\VOCdevkit...: 9% ━─────────── 934/10357 431.7files/s 2.0s<21.8s
[KDownloading https://ultralytics.com/assets/VOCtrainval_06-Nov-2007.zip to 'C:\Users\dxu1\Desktop\Dissertation\PTQ\datasets\VOC\images\VOCtrainval_06-Nov-2007.zip': 99% ━━━━━━━━━━━╸ 424.8/425.3MB 25.5MB/s 13.5s<0.0s
[KDownloading https://ultralytics.com/assets/VOCtrainval_06-Nov-2007.zip to 'C:\Users\dxu1\Desktop\Dissertation\PTQ\datasets\VOC\images\VOCtrainval_06-Nov-2007.zip': 100% ━━━━━━━━━━━━ 425.3MB 31.5MB/s 13.5s

[KUnzipping C:\Users\dxu1\Desktop\Dissertation\PTQ\datasets\VOC\images\VOCtest_06-Nov-2007.zip to C:\Users\dxu1\Desktop\Dissertation\PTQ\datasets\VOC\images\VOCdevkit...: 9% ━─────────── 949/10357 322.3files/s 2.2s<29.2s
[KDownloading https://ultralytics.com/assets/VOCtrainval_11-May-2012.zip to 'C:\Users\dxu1\Desktop\Dissertation\PTQ\datasets\VOC\images\VOCtrainval_11-May-2012.zip': 20% ━━────────── 375.0MB/1.8GB 13.5MB/s 13.8s<1:50
[KUnzipping C:\Users\dxu1\Desktop\Dissertation\PTQ\datasets\VOC\images\VOCtest_06-Nov-2007.zip to C:\Users\dxu1\Desktop\Dissertation\PTQ\datasets\VOC\images\VOCdevkit...: 9% ━─────────── 993/10357 356.0files/s 2.3s<26.3s
[KDownloading https://ultralytics.com/assets/VOCtrainval_11-May-2012.zip to 'C:\Users\dxu1\Desktop\Dissertation\PTQ\datasets\VOC\images\VOCtrainval_11-May-2012.zip': 20% ━━────────── 384.0MB/1.8GB 89.3MB/s 13.9s<16.5s
[KUnzipping C:\Users\dxu1\Desktop\Dissertation\PTQ\datasets\VOC\images\VOCtrainval_06-Nov-2007.zip to C:\Users\dxu1\Desktop\Dissertation\PTQ\datasets\VOC\images\VOCdevkit...: 0% ──────────── 45/10945 132.9files/s 0.1s<1:22
[KUnzipping C:\Users\dxu1\Desktop\Dissertation\PTQ\datasets\VOC\images\VOCtest_06-Nov-2007.zip to C:\Users\dxu1\Desktop\Dissertation\PTQ\datasets\VOC\images\VOCdevkit...: 10% ━─────────── 1038/10357 383.4files/s 2.4s<24.3s
[KUnzipping C:\Users\dxu1\Desktop\Dissertation\PTQ\datasets\VOC\images\VOCtrainval_06-Nov-2007.zip to C:\Users\dxu1\Desktop\Dissertation\PTQ\datasets\VOC\images\VOCdevkit...: 0% ──────────── 89/10945 223.7files/s 0.2s<48.5s
[KDownloading https://ultralytics.com/assets/VOCtrainval_11-May-2012.zip to 'C:\Users\dxu1\Desktop\Dissertation\PTQ\datasets\VOC\images\VOCtrainval_11-May-2012.zip': 21% ━━╸───────── 391.0MB/1.8GB 35.8MB/s 14.1s<41.0s
[KUnzipping C:\Users\dxu1\Desktop\Dissertation\PTQ\datasets\VOC\images\VOCtest_06-Nov-2007.zip to C:\Users\dxu1\Desktop\Dissertation\PTQ\datasets\VOC\images\VOCdevkit...: 10% ━─────────── 1082/10357 399.1files/s 2.5s<23.2s
[KUnzipping C:\Users\dxu1\Desktop\Dissertation\PTQ\datasets\VOC\images\VOCtrainval_06-Nov-2007.zip to C:\Users\dxu1\Desktop\Dissertation\PTQ\datasets\VOC\images\VOCdevkit...: 1% ──────────── 129/10945 276.6files/s 0.3s<39.1s
[KDownloading https://ultralytics.com/assets/VOCtrainval_11-May-2012.zip to 'C:\Users\dxu1\Desktop\Dissertation\PTQ\datasets\VOC\images\VOCtrainval_11-May-2012.zip': 21% ━━╸───────── 395.0MB/1.8GB 39.5MB/s 14.2s<37.0s
[KUnzipping C:\Users\dxu1\Desktop\Dissertation\PTQ\datasets\VOC\images\VOCtest_06-Nov-2007.zip to C:\Users\dxu1\Desktop\Dissertation\PTQ\datasets\VOC\images\VOCdevkit...: 10% ━─────────── 1119/10357 389.3files/s 2.7s<23.7s
[KUnzipping C:\Users\dxu1\Desktop\Dissertation\PTQ\datasets\VOC\images\VOCtrainval_06-Nov-2007.zip to C:\Users\dxu1\Desktop\Dissertation\PTQ\datasets\VOC\images\VOCdevkit...: 1% ──────────── 157/10945 274.7files/s 0.4s<39.3s
[KUnzipping C:\Users\dxu1\Desktop\Dissertation\PTQ\datasets\VOC\images\VOCtrainval_06-Nov-2007.zip to C:\Users\dxu1\Desktop\Dissertation\PTQ\datasets\VOC\images\VOCdevkit...: 1% ──────────── 193/10945 299.2files/s 0.5s<35.9s
[KUnzipping C:\Users\dxu1\Desktop\Dissertation\PTQ\datasets\VOC\images\VOCtest_06-Nov-2007.zip to C:\Users\dxu1\Desktop\Dissertation\PTQ\datasets\VOC\images\VOCdevkit...: 11% ━─────────── 1151/10357 356.2files/s 2.8s<25.8s
[KDownloading https://ultralytics.com/assets/VOCtrainval_11-May-2012.zip to 'C:\Users\dxu1\Desktop\Dissertation\PTQ\datasets\VOC\images\VOCtrainval_11-May-2012.zip': 21% ━━╸───────── 399.0MB/1.8GB 33.7MB/s 14.3s<43.4s
[KUnzipping C:\Users\dxu1\Desktop\Dissertation\PTQ\datasets\VOC\images\VOCtrainval_06-Nov-2007.zip to C:\Users\dxu1\Desktop\Dissertation\PTQ\datasets\VOC\images\VOCdevkit...: 2% ──────────── 233/10945 327.4files/s 0.6s<32.7s
[KUnzipping C:\Users\dxu1\Desktop\Dissertation\PTQ\datasets\VOC\images\VOCtest_06-Nov-2007.zip to C:\Users\dxu1\Desktop\Dissertation\PTQ\datasets\VOC\images\VOCdevkit...: 11% ━─────────── 1193/10357 372.8files/s 2.9s<24.6s
[KDownloading https://ultralytics.com/assets/VOCtrainval_11-May-2012.zip to 'C:\Users\dxu1\Desktop\Dissertation\PTQ\datasets\VOC\images\VOCtrainval_11-May-2012.zip': 21% ━━╸───────── 401.0MB/1.8GB 15.8MB/s 14.4s<1:33
[KUnzipping C:\Users\dxu1\Desktop\Dissertation\PTQ\datasets\VOC\images\VOCtrainval_06-Nov-2007.zip to C:\Users\dxu1\Desktop\Dissertation\PTQ\datasets\VOC\images\VOCdevkit...: 2% ──────────── 270/10945 338.2files/s 0.7s<31.6s
[KUnzipping C:\Users\dxu1\Desktop\Dissertation\PTQ\datasets\VOC\images\VOCtest_06-Nov-2007.zip to C:\Users\dxu1\Desktop\Dissertation\PTQ\datasets\VOC\images\VOCdevkit...: 11% ━─────────── 1231/10357 373.1files/s 3.0s<24.5s
[KDownloading https://ultralytics.com/assets/VOCtrainval_11-May-2012.zip to 'C:\Users\dxu1\Desktop\Dissertation\PTQ\datasets\VOC\images\VOCtrainval_11-May-2012.zip': 21% ━━╸───────── 406.0MB/1.8GB 49.9MB/s 14.5s<29.1s
[KUnzipping C:\Users\dxu1\Desktop\Dissertation\PTQ\datasets\VOC\images\VOCtrainval_06-Nov-2007.zip to C:\Users\dxu1\Desktop\Dissertation\PTQ\datasets\VOC\images\VOCdevkit...: 2% ──────────── 308/10945 348.8files/s 0.8s<30.5s
[KUnzipping C:\Users\dxu1\Desktop\Dissertation\PTQ\datasets\VOC\images\VOCtest_06-Nov-2007.zip to C:\Users\dxu1\Desktop\Dissertation\PTQ\datasets\VOC\images\VOCdevkit...: 12% ━─────────── 1275/10357 391.1files/s 3.1s<23.2s
[KUnzipping C:\Users\dxu1\Desktop\Dissertation\PTQ\datasets\VOC\images\VOCtrainval_06-Nov-2007.zip to C:\Users\dxu1\Desktop\Dissertation\PTQ\datasets\VOC\images\VOCdevkit...: 3% ──────────── 349/10945 366.7files/s 0.9s<28.9s
[KDownloading https://ultralytics.com/assets/VOCtrainval_11-May-2012.zip to 'C:\Users\dxu1\Desktop\Dissertation\PTQ\datasets\VOC\images\VOCtrainval_11-May-2012.zip': 22% ━━╸───────── 411.0MB/1.8GB 27.8MB/s 14.7s<52.2s
[KUnzipping C:\Users\dxu1\Desktop\Dissertation\PTQ\datasets\VOC\images\VOCtest_06-Nov-2007.zip to C:\Users\dxu1\Desktop\Dissertation\PTQ\datasets\VOC\images\VOCdevkit...: 12% ━╸────────── 1319/10357 400.3files/s 3.2s<22.6s
[KUnzipping C:\Users\dxu1\Desktop\Dissertation\PTQ\datasets\VOC\images\VOCtrainval_06-Nov-2007.zip to C:\Users\dxu1\Desktop\Dissertation\PTQ\datasets\VOC\images\VOCdevkit...: 3% ──────────── 394/10945 390.7files/s 1.0s<27.0s
[KUnzipping C:\Users\dxu1\Desktop\Dissertation\PTQ\datasets\VOC\images\VOCtest_06-Nov-2007.zip to C:\Users\dxu1\Desktop\Dissertation\PTQ\datasets\VOC\images\VOCdevkit...: 13% ━╸────────── 1363/10357 410.5files/s 3.3s<21.9s
[KDownloading https://ultralytics.com/assets/VOCtrainval_11-May-2012.zip to 'C:\Users\dxu1\Desktop\Dissertation\PTQ\datasets\VOC\images\VOCtrainval_11-May-2012.zip': 22% ━━╸───────── 417.0MB/1.8GB 56.9MB/s 14.8s<25.3s
[KUnzipping C:\Users\dxu1\Desktop\Dissertation\PTQ\datasets\VOC\images\VOCtrainval_06-Nov-2007.zip to C:\Users\dxu1\Desktop\Dissertation\PTQ\datasets\VOC\images\VOCdevkit...: 3% ──────────── 436/10945 397.4files/s 1.1s<26.4s
[KUnzipping C:\Users\dxu1\Desktop\Dissertation\PTQ\datasets\VOC\images\VOCtest_06-Nov-2007.zip to C:\Users\dxu1\Desktop\Dissertation\PTQ\datasets\VOC\images\VOCdevkit...: 13% ━╸────────── 1406/10357 415.7files/s 3.4s<21.5s
[KDownloading https://ultralytics.com/assets/VOCtrainval_11-May-2012.zip to 'C:\Users\dxu1\Desktop\Dissertation\PTQ\datasets\VOC\images\VOCtrainval_11-May-2012.zip': 22% ━━╸───────── 421.0MB/1.8GB 27.2MB/s 15.0s<52.8s
[KUnzipping C:\Users\dxu1\Desktop\Dissertation\PTQ\datasets\VOC\images\VOCtrainval_06-Nov-2007.zip to C:\Users\dxu1\Desktop\Dissertation\PTQ\datasets\VOC\images\VOCdevkit...: 4% ╸─────────── 479/10945 406.1files/s 1.2s<25.8s
[KUnzipping C:\Users\dxu1\Desktop\Dissertation\PTQ\datasets\VOC\images\VOCtest_06-Nov-2007.zip to C:\Users\dxu1\Desktop\Dissertation\PTQ\datasets\VOC\images\VOCdevkit...: 13% ━╸────────── 1447/10357 413.3files/s 3.5s<21.6s
[KDownloading https://ultralytics.com/assets/VOCtrainval_11-May-2012.zip to 'C:\Users\dxu1\Desktop\Dissertation\PTQ\datasets\VOC\images\VOCtrainval_11-May-2012.zip': 23% ━━╸───────── 428.0MB/1.8GB 65.7MB/s 15.1s<21.8s
[KUnzipping C:\Users\dxu1\Desktop\Dissertation\PTQ\datasets\VOC\images\VOCtrainval_06-Nov-2007.zip to C:\Users\dxu1\Desktop\Dissertation\PTQ\datasets\VOC\images\VOCdevkit...: 4% ╸─────────── 513/10945 384.7files/s 1.3s<27.1s
[KUnzipping C:\Users\dxu1\Desktop\Dissertation\PTQ\datasets\VOC\images\VOCtest_06-Nov-2007.zip to C:\Users\dxu1\Desktop\Dissertation\PTQ\datasets\VOC\images\VOCdevkit...: 14% ━╸────────── 1489/10357 413.9files/s 3.6s<21.4s
[KDownloading https://ultralytics.com/assets/VOCtrainval_11-May-2012.zip to 'C:\Users\dxu1\Desktop\Dissertation\PTQ\datasets\VOC\images\VOCtrainval_11-May-2012.zip': 23% ━━╸───────── 431.0MB/1.8GB 26.8MB/s 15.2s<53.3s
[KUnzipping C:\Users\dxu1\Desktop\Dissertation\PTQ\datasets\VOC\images\VOCtrainval_06-Nov-2007.zip to C:\Users\dxu1\Desktop\Dissertation\PTQ\datasets\VOC\images\VOCdevkit...: 5% ╸─────────── 556/10945 396.7files/s 1.4s<26.2s
[KUnzipping C:\Users\dxu1\Desktop\Dissertation\PTQ\datasets\VOC\images\VOCtest_06-Nov-2007.zip to C:\Users\dxu1\Desktop\Dissertation\PTQ\datasets\VOC\images\VOCdevkit...: 14% ━╸────────── 1533/10357 420.2files/s 3.7s<21.0s
[KUnzipping C:\Users\dxu1\Desktop\Dissertation\PTQ\datasets\VOC\images\VOCtrainval_06-Nov-2007.zip to C:\Users\dxu1\Desktop\Dissertation\PTQ\datasets\VOC\images\VOCdevkit...: 5% ╸─────────── 594/10945 389.8files/s 1.5s<26.6s
[KDownloading https://ultralytics.com/assets/VOCtrainval_11-May-2012.zip to 'C:\Users\dxu1\Desktop\Dissertation\PTQ\datasets\VOC\images\VOCtrainval_11-May-2012.zip': 23% ━━╸───────── 435.0MB/1.8GB 29.8MB/s 15.3s<47.9s
[KUnzipping C:\Users\dxu1\Desktop\Dissertation\PTQ\datasets\VOC\images\VOCtest_06-Nov-2007.zip to C:\Users\dxu1\Desktop\Dissertation\PTQ\datasets\VOC\images\VOCdevkit...: 15% ━╸────────── 1569/10357 401.0files/s 3.8s<21.9s
[KUnzipping C:\Users\dxu1\Desktop\Dissertation\PTQ\datasets\VOC\images\VOCtrainval_06-Nov-2007.zip to C:\Users\dxu1\Desktop\Dissertation\PTQ\datasets\VOC\images\VOCdevkit...: 5% ╸─────────── 631/10945 383.4files/s 1.6s<26.9s
[KUnzipping C:\Users\dxu1\Desktop\Dissertation\PTQ\datasets\VOC\images\VOCtest_06-Nov-2007.zip to C:\Users\dxu1\Desktop\Dissertation\PTQ\datasets\VOC\images\VOCdevkit...: 15% ━╸────────── 1613/10357 408.5files/s 3.9s<21.4s
[KDownloading https://ultralytics.com/assets/VOCtrainval_11-May-2012.zip to 'C:\Users\dxu1\Desktop\Dissertation\PTQ\datasets\VOC\images\VOCtrainval_11-May-2012.zip': 23% ━━╸───────── 440.0MB/1.8GB 45.8MB/s 15.4s<31.0s
[KUnzipping C:\Users\dxu1\Desktop\Dissertation\PTQ\datasets\VOC\images\VOCtrainval_06-Nov-2007.zip to C:\Users\dxu1\Desktop\Dissertation\PTQ\datasets\VOC\images\VOCdevkit...: 6% ╸─────────── 673/10945 392.7files/s 1.7s<26.2s
[KUnzipping C:\Users\dxu1\Desktop\Dissertation\PTQ\datasets\VOC\images\VOCtest_06-Nov-2007.zip to C:\Users\dxu1\Desktop\Dissertation\PTQ\datasets\VOC\images\VOCdevkit...: 15% ━╸────────── 1657/10357 415.7files/s 4.0s<20.9s
[KDownloading https://ultralytics.com/assets/VOCtrainval_11-May-2012.zip to 'C:\Users\dxu1\Desktop\Dissertation\PTQ\datasets\VOC\images\VOCtrainval_11-May-2012.zip': 23% ━━╸───────── 442.0MB/1.8GB 17.4MB/s 15.5s<1:21
[KUnzipping C:\Users\dxu1\Desktop\Dissertation\PTQ\datasets\VOC\images\VOCtrainval_06-Nov-2007.zip to C:\Users\dxu1\Desktop\Dissertation\PTQ\datasets\VOC\images\VOCdevkit...: 6% ╸─────────── 716/10945 402.9files/s 1.8s<25.4s
[KUnzipping C:\Users\dxu1\Desktop\Dissertation\PTQ\datasets\VOC\images\VOCtest_06-Nov-2007.zip to C:\Users\dxu1\Desktop\Dissertation\PTQ\datasets\VOC\images\VOCdevkit...: 16% ━╸────────── 1701/10357 422.6files/s 4.1s<20.5s
[KDownloading https://ultralytics.com/assets/VOCtrainval_11-May-2012.zip to 'C:\Users\dxu1\Desktop\Dissertation\PTQ\datasets\VOC\images\VOCtrainval_11-May-2012.zip': 24% ━━╸───────── 447.0MB/1.8GB 40.7MB/s 15.7s<34.7s
[KUnzipping C:\Users\dxu1\Desktop\Dissertation\PTQ\datasets\VOC\images\VOCtrainval_06-Nov-2007.zip to C:\Users\dxu1\Desktop\Dissertation\PTQ\datasets\VOC\images\VOCdevkit...: 6% ╸─────────── 755/10945 398.2files/s 1.9s<25.6s
[KUnzipping C:\Users\dxu1\Desktop\Dissertation\PTQ\datasets\VOC\images\VOCtest_06-Nov-2007.zip to C:\Users\dxu1\Desktop\Dissertation\PTQ\datasets\VOC\images\VOCdevkit...: 16% ━━────────── 1734/10357 394.8files/s 4.2s<21.8s
[KUnzipping C:\Users\dxu1\Desktop\Dissertation\PTQ\datasets\VOC\images\VOCtrainval_06-Nov-2007.zip to C:\Users\dxu1\Desktop\Dissertation\PTQ\datasets\VOC\images\VOCdevkit...: 7% ╸─────────── 794/10945 394.9files/s 2.0s<25.7s
[KUnzipping C:\Users\dxu1\Desktop\Dissertation\PTQ\datasets\VOC\images\VOCtest_06-Nov-2007.zip to C:\Users\dxu1\Desktop\Dissertation\PTQ\datasets\VOC\images\VOCdevkit...: 17% ━━────────── 1768/10357 377.4files/s 4.3s<22.8s
[KDownloading https://ultralytics.com/assets/VOCtrainval_11-May-2012.zip to 'C:\Users\dxu1\Desktop\Dissertation\PTQ\datasets\VOC\images\VOCtrainval_11-May-2012.zip': 24% ━━╸───────── 451.0MB/1.8GB 22.8MB/s 15.8s<1:02
[KUnzipping C:\Users\dxu1\Desktop\Dissertation\PTQ\datasets\VOC\images\VOCtrainval_06-Nov-2007.zip to C:\Users\dxu1\Desktop\Dissertation\PTQ\datasets\VOC\images\VOCdevkit...: 7% ╸─────────── 833/10945 393.1files/s 2.1s<25.7s
[KUnzipping C:\Users\dxu1\Desktop\Dissertation\PTQ\datasets\VOC\images\VOCtest_06-Nov-2007.zip to C:\Users\dxu1\Desktop\Dissertation\PTQ\datasets\VOC\images\VOCdevkit...: 17% ━━────────── 1812/10357 394.9files/s 4.4s<21.6s
[KDownloading https://ultralytics.com/assets/VOCtrainval_11-May-2012.zip to 'C:\Users\dxu1\Desktop\Dissertation\PTQ\datasets\VOC\images\VOCtrainval_11-May-2012.zip': 24% ━━╸───────── 456.0MB/1.8GB 44.1MB/s 15.9s<31.8s
[KUnzipping C:\Users\dxu1\Desktop\Dissertation\PTQ\datasets\VOC\images\VOCtrainval_06-Nov-2007.zip to C:\Users\dxu1\Desktop\Dissertation\PTQ\datasets\VOC\images\VOCdevkit...: 7% ╸─────────── 871/10945 388.5files/s 2.2s<25.9s
[KUnzipping C:\Users\dxu1\Desktop\Dissertation\PTQ\datasets\VOC\images\VOCtest_06-Nov-2007.zip to C:\Users\dxu1\Desktop\Dissertation\PTQ\datasets\VOC\images\VOCdevkit...: 17% ━━────────── 1852/10357 395.0files/s 4.5s<21.5s
[KDownloading https://ultralytics.com/assets/VOCtrainval_11-May-2012.zip to 'C:\Users\dxu1\Desktop\Dissertation\PTQ\datasets\VOC\images\VOCtrainval_11-May-2012.zip': 24% ━━╸───────── 461.0MB/1.8GB 33.3MB/s 16.1s<42.0s
[KUnzipping C:\Users\dxu1\Desktop\Dissertation\PTQ\datasets\VOC\images\VOCtrainval_06-Nov-2007.zip to C:\Users\dxu1\Desktop\Dissertation\PTQ\datasets\VOC\images\VOCdevkit...: 8% ━─────────── 915/10945 403.9files/s 2.3s<24.8s
[KUnzipping C:\Users\dxu1\Desktop\Dissertation\PTQ\datasets\VOC\images\VOCtest_06-Nov-2007.zip to C:\Users\dxu1\Desktop\Dissertation\PTQ\datasets\VOC\images\VOCdevkit...: 18% ━━────────── 1894/10357 399.5files/s 4.6s<21.2s
[KUnzipping C:\Users\dxu1\Desktop\Dissertation\PTQ\datasets\VOC\images\VOCtrainval_06-Nov-2007.zip to C:\Users\dxu1\Desktop\Dissertation\PTQ\datasets\VOC\images\VOCdevkit...: 8% ━─────────── 954/10945 379.8files/s 2.4s<26.3s
[KUnzipping C:\Users\dxu1\Desktop\Dissertation\PTQ\datasets\VOC\images\VOCtest_06-Nov-2007.zip to C:\Users\dxu1\Desktop\Dissertation\PTQ\datasets\VOC\images\VOCdevkit...: 18% ━━────────── 1926/10357 371.4files/s 4.7s<22.7s
[KDownloading https://ultralytics.com/assets/VOCtrainval_11-May-2012.zip to 'C:\Users\dxu1\Desktop\Dissertation\PTQ\datasets\VOC\images\VOCtrainval_11-May-2012.zip': 25% ━━━───────── 466.0MB/1.8GB 35.2MB/s 16.2s<39.6s
[KUnzipping C:\Users\dxu1\Desktop\Dissertation\PTQ\datasets\VOC\images\VOCtest_06-Nov-2007.zip to C:\Users\dxu1\Desktop\Dissertation\PTQ\datasets\VOC\images\VOCdevkit...: 18% ━━────────── 1965/10357 376.1files/s 4.8s<22.3s
[KUnzipping C:\Users\dxu1\Desktop\Dissertation\PTQ\datasets\VOC\images\VOCtrainval_06-Nov-2007.zip to C:\Users\dxu1\Desktop\Dissertation\PTQ\datasets\VOC\images\VOCdevkit...: 9% ━─────────── 992/10945 376.2files/s 2.5s<26.5s
[KDownloading https://ultralytics.com/assets/VOCtrainval_11-May-2012.zip to 'C:\Users\dxu1\Desktop\Dissertation\PTQ\datasets\VOC\images\VOCtrainval_11-May-2012.zip': 25% ━━━───────── 471.0MB/1.8GB 27.5MB/s 16.4s<50.5s
[KUnzipping C:\Users\dxu1\Desktop\Dissertation\PTQ\datasets\VOC\images\VOCtest_06-Nov-2007.zip to C:\Users\dxu1\Desktop\Dissertation\PTQ\datasets\VOC\images\VOCdevkit...: 19% ━━────────── 2007/10357 386.7files/s 4.9s<21.6s
[KUnzipping C:\Users\dxu1\Desktop\Dissertation\PTQ\datasets\VOC\images\VOCtrainval_06-Nov-2007.zip to C:\Users\dxu1\Desktop\Dissertation\PTQ\datasets\VOC\images\VOCdevkit...: 9% ━─────────── 1026/10945 363.6files/s 2.7s<27.3s
[KDownloading https://ultralytics.com/assets/VOCtrainval_11-May-2012.zip to 'C:\Users\dxu1\Desktop\Dissertation\PTQ\datasets\VOC\images\VOCtrainval_11-May-2012.zip': 25% ━━━───────── 479.0MB/1.8GB 71.8MB/s 16.5s<19.2s
[KUnzipping C:\Users\dxu1\Desktop\Dissertation\PTQ\datasets\VOC\images\VOCtest_06-Nov-2007.zip to C:\Users\dxu1\Desktop\Dissertation\PTQ\datasets\VOC\images\VOCdevkit...: 19% ━━────────── 2036/10357 356.1files/s 5.0s<23.4s
[KUnzipping C:\Users\dxu1\Desktop\Dissertation\PTQ\datasets\VOC\images\VOCtrainval_06-Nov-2007.zip to C:\Users\dxu1\Desktop\Dissertation\PTQ\datasets\VOC\images\VOCdevkit...: 9% ━─────────── 1062/10945 361.2files/s 2.8s<27.4s
[KUnzipping C:\Users\dxu1\Desktop\Dissertation\PTQ\datasets\VOC\images\VOCtest_06-Nov-2007.zip to C:\Users\dxu1\Desktop\Dissertation\PTQ\datasets\VOC\images\VOCdevkit...: 20% ━━────────── 2074/10357 362.2files/s 5.1s<22.9s
[KUnzipping C:\Users\dxu1\Desktop\Dissertation\PTQ\datasets\VOC\images\VOCtrainval_06-Nov-2007.zip to C:\Users\dxu1\Desktop\Dissertation\PTQ\datasets\VOC\images\VOCdevkit...: 10% ━─────────── 1099/10945 363.5files/s 2.9s<27.1s
[KDownloading https://ultralytics.com/assets/VOCtrainval_11-May-2012.zip to 'C:\Users\dxu1\Desktop\Dissertation\PTQ\datasets\VOC\images\VOCtrainval_11-May-2012.zip': 25% ━━━───────── 481.0MB/1.8GB 14.1MB/s 16.7s<1:38
[KUnzipping C:\Users\dxu1\Desktop\Dissertation\PTQ\datasets\VOC\images\VOCtest_06-Nov-2007.zip to C:\Users\dxu1\Desktop\Dissertation\PTQ\datasets\VOC\images\VOCdevkit...: 20% ━━────────── 2110/10357 360.8files/s 5.2s<22.9s
[KUnzipping C:\Users\dxu1\Desktop\Dissertation\PTQ\datasets\VOC\images\VOCtrainval_06-Nov-2007.zip to C:\Users\dxu1\Desktop\Dissertation\PTQ\datasets\VOC\images\VOCdevkit...: 10% ━─────────── 1130/10945 347.1files/s 3.0s<28.3s
[KDownloading https://ultralytics.com/assets/VOCtrainval_11-May-2012.zip to 'C:\Users\dxu1\Desktop\Dissertation\PTQ\datasets\VOC\images\VOCtrainval_11-May-2012.zip': 26% ━━━───────── 489.0MB/1.8GB 71.6MB/s 16.8s<19.1s
[KUnzipping C:\Users\dxu1\Desktop\Dissertation\PTQ\datasets\VOC\images\VOCtrainval_06-Nov-2007.zip to C:\Users\dxu1\Desktop\Dissertation\PTQ\datasets\VOC\images\VOCdevkit...: 10% ━─────────── 1165/10945 346.8files/s 3.1s<28.2s
[KUnzipping C:\Users\dxu1\Desktop\Dissertation\PTQ\datasets\VOC\images\VOCtest_06-Nov-2007.zip to C:\Users\dxu1\Desktop\Dissertation\PTQ\datasets\VOC\images\VOCdevkit...: 20% ━━────────── 2139/10357 330.3files/s 5.3s<24.9s
[KUnzipping C:\Users\dxu1\Desktop\Dissertation\PTQ\datasets\VOC\images\VOCtrainval_06-Nov-2007.zip to C:\Users\dxu1\Desktop\Dissertation\PTQ\datasets\VOC\images\VOCdevkit...: 11% ━─────────── 1204/10945 359.4files/s 3.2s<27.1s
[KUnzipping C:\Users\dxu1\Desktop\Dissertation\PTQ\datasets\VOC\images\VOCtest_06-Nov-2007.zip to C:\Users\dxu1\Desktop\Dissertation\PTQ\datasets\VOC\images\VOCdevkit...: 21% ━━╸───────── 2176/10357 339.9files/s 5.4s<24.1s
[KDownloading https://ultralytics.com/assets/VOCtrainval_11-May-2012.zip to 'C:\Users\dxu1\Desktop\Dissertation\PTQ\datasets\VOC\images\VOCtrainval_11-May-2012.zip': 26% ━━━───────── 491.0MB/1.8GB 10.3MB/s 17.0s<2:13
[KUnzipping C:\Users\dxu1\Desktop\Dissertation\PTQ\datasets\VOC\images\VOCtrainval_06-Nov-2007.zip to C:\Users\dxu1\Desktop\Dissertation\PTQ\datasets\VOC\images\VOCdevkit...: 11% ━─────────── 1247/10945 378.5files/s 3.3s<25.6s
[KUnzipping C:\Users\dxu1\Desktop\Dissertation\PTQ\datasets\VOC\images\VOCtest_06-Nov-2007.zip to C:\Users\dxu1\Desktop\Dissertation\PTQ\datasets\VOC\images\VOCdevkit...: 21% ━━╸───────── 2218/10357 363.3files/s 5.5s<22.4s
[KDownloading https://ultralytics.com/assets/VOCtrainval_11-May-2012.zip to 'C:\Users\dxu1\Desktop\Dissertation\PTQ\datasets\VOC\images\VOCtrainval_11-May-2012.zip': 26% ━━━───────── 494.0MB/1.8GB 22.3MB/s 17.1s<1:01
[KUnzipping C:\Users\dxu1\Desktop\Dissertation\PTQ\datasets\VOC\images\VOCtrainval_06-Nov-2007.zip to C:\Users\dxu1\Desktop\Dissertation\PTQ\datasets\VOC\images\VOCdevkit...: 11% ━─────────── 1286/10945 380.6files/s 3.4s<25.4s
[KUnzipping C:\Users\dxu1\Desktop\Dissertation\PTQ\datasets\VOC\images\VOCtest_06-Nov-2007.zip to C:\Users\dxu1\Desktop\Dissertation\PTQ\datasets\VOC\images\VOCdevkit...: 21% ━━╸───────── 2257/10357 370.2files/s 5.6s<21.9s
[KDownloading https://ultralytics.com/assets/VOCtrainval_11-May-2012.zip to 'C:\Users\dxu1\Desktop\Dissertation\PTQ\datasets\VOC\images\VOCtrainval_11-May-2012.zip': 26% ━━━───────── 500.0MB/1.8GB 58.1MB/s 17.2s<23.4s
[KUnzipping C:\Users\dxu1\Desktop\Dissertation\PTQ\datasets\VOC\images\VOCtrainval_06-Nov-2007.zip to C:\Users\dxu1\Desktop\Dissertation\PTQ\datasets\VOC\images\VOCdevkit...: 12% ━─────────── 1327/10945 387.2files/s 3.5s<24.8s
[KUnzipping C:\Users\dxu1\Desktop\Dissertation\PTQ\datasets\VOC\images\VOCtest_06-Nov-2007.zip to C:\Users\dxu1\Desktop\Dissertation\PTQ\datasets\VOC\images\VOCdevkit...: 22% ━━╸───────── 2298/10357 380.1files/s 5.7s<21.2s
[KDownloading https://ultralytics.com/assets/VOCtrainval_11-May-2012.zip to 'C:\Users\dxu1\Desktop\Dissertation\PTQ\datasets\VOC\images\VOCtrainval_11-May-2012.zip': 26% ━━━───────── 502.0MB/1.8GB 18.6MB/s 17.3s<1:13
[KUnzipping C:\Users\dxu1\Desktop\Dissertation\PTQ\datasets\VOC\images\VOCtrainval_06-Nov-2007.zip to C:\Users\dxu1\Desktop\Dissertation\PTQ\datasets\VOC\images\VOCdevkit...: 12% ━─────────── 1365/10945 382.9files/s 3.6s<25.0s
[KUnzipping C:\Users\dxu1\Desktop\Dissertation\PTQ\datasets\VOC\images\VOCtest_06-Nov-2007.zip to C:\Users\dxu1\Desktop\Dissertation\PTQ\datasets\VOC\images\VOCdevkit...: 22% ━━╸───────── 2335/10357 376.3files/s 5.8s<21.3s
[KUnzipping C:\Users\dxu1\Desktop\Dissertation\PTQ\datasets\VOC\images\VOCtrainval_06-Nov-2007.zip to C:\Users\dxu1\Desktop\Dissertation\PTQ\datasets\VOC\images\VOCdevkit...: 12% ━╸────────── 1400/10945 372.5files/s 3.7s<25.6s
[KUnzipping C:\Users\dxu1\Desktop\Dissertation\PTQ\datasets\VOC\images\VOCtest_06-Nov-2007.zip to C:\Users\dxu1\Desktop\Dissertation\PTQ\datasets\VOC\images\VOCdevkit...: 22% ━━╸───────── 2372/10357 372.6files/s 5.9s<21.4s
[KDownloading https://ultralytics.com/assets/VOCtrainval_11-May-2012.zip to 'C:\Users\dxu1\Desktop\Dissertation\PTQ\datasets\VOC\images\VOCtrainval_11-May-2012.zip': 27% ━━━───────── 507.0MB/1.8GB 36.9MB/s 17.5s<36.6s
[KUnzipping C:\Users\dxu1\Desktop\Dissertation\PTQ\datasets\VOC\images\VOCtrainval_06-Nov-2007.zip to C:\Users\dxu1\Desktop\Dissertation\PTQ\datasets\VOC\images\VOCdevkit...: 13% ━╸────────── 1437/10945 370.4files/s 3.8s<25.7s
[KUnzipping C:\Users\dxu1\Desktop\Dissertation\PTQ\datasets\VOC\images\VOCtest_06-Nov-2007.zip to C:\Users\dxu1\Desktop\Dissertation\PTQ\datasets\VOC\images\VOCdevkit...: 23% ━━╸───────── 2408/10357 366.7files/s 6.0s<21.7s
[KDownloading https://ultralytics.com/assets/VOCtrainval_11-May-2012.zip to 'C:\Users\dxu1\Desktop\Dissertation\PTQ\datasets\VOC\images\VOCtrainval_11-May-2012.zip': 27% ━━━───────── 511.0MB/1.8GB 22.4MB/s 17.6s<1:00
[KUnzipping C:\Users\dxu1\Desktop\Dissertation\PTQ\datasets\VOC\images\VOCtrainval_06-Nov-2007.zip to C:\Users\dxu1\Desktop\Dissertation\PTQ\datasets\VOC\images\VOCdevkit...: 13% ━╸────────── 1469/10945 353.9files/s 3.9s<26.8s
[KUnzipping C:\Users\dxu1\Desktop\Dissertation\PTQ\datasets\VOC\images\VOCtest_06-Nov-2007.zip to C:\Users\dxu1\Desktop\Dissertation\PTQ\datasets\VOC\images\VOCdevkit...: 23% ━━╸───────── 2443/10357 361.5files/s 6.1s<21.9s
[KUnzipping C:\Users\dxu1\Desktop\Dissertation\PTQ\datasets\VOC\images\VOCtrainval_06-Nov-2007.zip to C:\Users\dxu1\Desktop\Dissertation\PTQ\datasets\VOC\images\VOCdevkit...: 13% ━╸────────── 1508/10945 363.1files/s 4.0s<26.0s
[KUnzipping C:\Users\dxu1\Desktop\Dissertation\PTQ\datasets\VOC\images\VOCtest_06-Nov-2007.zip to C:\Users\dxu1\Desktop\Dissertation\PTQ\datasets\VOC\images\VOCdevkit...: 23% ━━╸───────── 2479/10357 360.3files/s 6.2s<21.9s
[KDownloading https://ultralytics.com/assets/VOCtrainval_11-May-2012.zip to 'C:\Users\dxu1\Desktop\Dissertation\PTQ\datasets\VOC\images\VOCtrainval_11-May-2012.zip': 27% ━━━───────── 517.0MB/1.8GB 42.0MB/s 17.8s<32.0s
[KUnzipping C:\Users\dxu1\Desktop\Dissertation\PTQ\datasets\VOC\images\VOCtrainval_06-Nov-2007.zip to C:\Users\dxu1\Desktop\Dissertation\PTQ\datasets\VOC\images\VOCdevkit...: 14% ━╸────────── 1548/10945 372.4files/s 4.1s<25.2s
[KUnzipping C:\Users\dxu1\Desktop\Dissertation\PTQ\datasets\VOC\images\VOCtest_06-Nov-2007.zip to C:\Users\dxu1\Desktop\Dissertation\PTQ\datasets\VOC\images\VOCdevkit...: 24% ━━╸───────── 2518/10357 367.0files/s 6.3s<21.4s
[KDownloading https://ultralytics.com/assets/VOCtrainval_11-May-2012.zip to 'C:\Users\dxu1\Desktop\Dissertation\PTQ\datasets\VOC\images\VOCtrainval_11-May-2012.zip': 28% ━━━───────── 521.0MB/1.8GB 24.4MB/s 17.9s<55.0s
[KUnzipping C:\Users\dxu1\Desktop\Dissertation\PTQ\datasets\VOC\images\VOCtrainval_06-Nov-2007.zip to C:\Users\dxu1\Desktop\Dissertation\PTQ\datasets\VOC\images\VOCdevkit...: 14% ━╸────────── 1591/10945 388.0files/s 4.2s<24.1s
[KUnzipping C:\Users\dxu1\Desktop\Dissertation\PTQ\datasets\VOC\images\VOCtest_06-Nov-2007.zip to C:\Users\dxu1\Desktop\Dissertation\PTQ\datasets\VOC\images\VOCdevkit...: 24% ━━╸───────── 2560/10357 380.9files/s 6.4s<20.5s
[KUnzipping C:\Users\dxu1\Desktop\Dissertation\PTQ\datasets\VOC\images\VOCtrainval_06-Nov-2007.zip to C:\Users\dxu1\Desktop\Dissertation\PTQ\datasets\VOC\images\VOCdevkit...: 14% ━╸────────── 1631/10945 389.7files/s 4.3s<23.9s
[KUnzipping C:\Users\dxu1\Desktop\Dissertation\PTQ\datasets\VOC\images\VOCtest_06-Nov-2007.zip to C:\Users\dxu1\Desktop\Dissertation\PTQ\datasets\VOC\images\VOCdevkit...: 25% ━━━───────── 2600/10357 384.7files/s 6.5s<20.2s
[KDownloading https://ultralytics.com/assets/VOCtrainval_11-May-2012.zip to 'C:\Users\dxu1\Desktop\Dissertation\PTQ\datasets\VOC\images\VOCtrainval_11-May-2012.zip': 28% ━━━───────── 527.0MB/1.8GB 43.3MB/s 18.1s<30.8s
[KUnzipping C:\Users\dxu1\Desktop\Dissertation\PTQ\datasets\VOC\images\VOCtrainval_06-Nov-2007.zip to C:\Users\dxu1\Desktop\Dissertation\PTQ\datasets\VOC\images\VOCdevkit...: 15% ━╸────────── 1672/10945 395.3files/s 4.4s<23.5s
[KUnzipping C:\Users\dxu1\Desktop\Dissertation\PTQ\datasets\VOC\images\VOCtest_06-Nov-2007.zip to C:\Users\dxu1\Desktop\Dissertation\PTQ\datasets\VOC\images\VOCdevkit...: 25% ━━━───────── 2641/10357 388.2files/s 6.6s<19.9s
[KUnzipping C:\Users\dxu1\Desktop\Dissertation\PTQ\datasets\VOC\images\VOCtrainval_06-Nov-2007.zip to C:\Users\dxu1\Desktop\Dissertation\PTQ\datasets\VOC\images\VOCdevkit...: 15% ━╸────────── 1708/10945 382.3files/s 4.5s<24.2s
[KUnzipping C:\Users\dxu1\Desktop\Dissertation\PTQ\datasets\VOC\images\VOCtest_06-Nov-2007.zip to C:\Users\dxu1\Desktop\Dissertation\PTQ\datasets\VOC\images\VOCdevkit...: 25% ━━━───────── 2677/10357 379.0files/s 6.7s<20.3s
[KDownloading https://ultralytics.com/assets/VOCtrainval_11-May-2012.zip to 'C:\Users\dxu1\Desktop\Dissertation\PTQ\datasets\VOC\images\VOCtrainval_11-May-2012.zip': 28% ━━━───────── 531.0MB/1.8GB 21.3MB/s 18.3s<1:02
[KUnzipping C:\Users\dxu1\Desktop\Dissertation\PTQ\datasets\VOC\images\VOCtrainval_06-Nov-2007.zip to C:\Users\dxu1\Desktop\Dissertation\PTQ\datasets\VOC\images\VOCdevkit...: 15% ━╸────────── 1745/10945 375.3files/s 4.6s<24.5s
[KUnzipping C:\Users\dxu1\Desktop\Dissertation\PTQ\datasets\VOC\images\VOCtest_06-Nov-2007.zip to C:\Users\dxu1\Desktop\Dissertation\PTQ\datasets\VOC\images\VOCdevkit...: 26% ━━━───────── 2716/10357 382.1files/s 6.8s<20.0s
[KDownloading https://ultralytics.com/assets/VOCtrainval_11-May-2012.zip to 'C:\Users\dxu1\Desktop\Dissertation\PTQ\datasets\VOC\images\VOCtrainval_11-May-2012.zip': 28% ━━━───────── 539.0MB/1.8GB 72.9MB/s 18.4s<18.1s
[KUnzipping C:\Users\dxu1\Desktop\Dissertation\PTQ\datasets\VOC\images\VOCtrainval_06-Nov-2007.zip to C:\Users\dxu1\Desktop\Dissertation\PTQ\datasets\VOC\images\VOCdevkit...: 16% ━╸────────── 1782/10945 372.4files/s 4.7s<24.6s
[KUnzipping C:\Users\dxu1\Desktop\Dissertation\PTQ\datasets\VOC\images\VOCtest_06-Nov-2007.zip to C:\Users\dxu1\Desktop\Dissertation\PTQ\datasets\VOC\images\VOCdevkit...: 26% ━━━───────── 2752/10357 373.7files/s 6.9s<20.3s
[KDownloading https://ultralytics.com/assets/VOCtrainval_11-May-2012.zip to 'C:\Users\dxu1\Desktop\Dissertation\PTQ\datasets\VOC\images\VOCtrainval_11-May-2012.zip': 29% ━━━───────── 542.0MB/1.8GB 28.9MB/s 18.5s<45.6s
[KUnzipping C:\Users\dxu1\Desktop\Dissertation\PTQ\datasets\VOC\images\VOCtrainval_06-Nov-2007.zip to C:\Users\dxu1\Desktop\Dissertation\PTQ\datasets\VOC\images\VOCdevkit...: 16% ━╸────────── 1820/10945 374.4files/s 4.8s<24.4s
[KUnzipping C:\Users\dxu1\Desktop\Dissertation\PTQ\datasets\VOC\images\VOCtest_06-Nov-2007.zip to C:\Users\dxu1\Desktop\Dissertation\PTQ\datasets\VOC\images\VOCdevkit...: 26% ━━━───────── 2789/10357 371.2files/s 7.0s<20.4s
[KDownloading https://ultralytics.com/assets/VOCtrainval_11-May-2012.zip to 'C:\Users\dxu1\Desktop\Dissertation\PTQ\datasets\VOC\images\VOCtrainval_11-May-2012.zip': 29% ━━━╸──────── 550.0MB/1.8GB 74.1MB/s 18.6s<17.7s
[KUnzipping C:\Users\dxu1\Desktop\Dissertation\PTQ\datasets\VOC\images\VOCtrainval_06-Nov-2007.zip to C:\Users\dxu1\Desktop\Dissertation\PTQ\datasets\VOC\images\VOCdevkit...: 17% ━━────────── 1861/10945 384.5files/s 4.9s<23.6s
[KUnzipping C:\Users\dxu1\Desktop\Dissertation\PTQ\datasets\VOC\images\VOCtest_06-Nov-2007.zip to C:\Users\dxu1\Desktop\Dissertation\PTQ\datasets\VOC\images\VOCdevkit...: 27% ━━━───────── 2830/10357 381.1files/s 7.1s<19.8s
[KDownloading https://ultralytics.com/assets/VOCtrainval_11-May-2012.zip to 'C:\Users\dxu1\Desktop\Dissertation\PTQ\datasets\VOC\images\VOCtrainval_11-May-2012.zip': 29% ━━━╸──────── 551.0MB/1.8GB 8.5MB/s 18.7s<2:33
[KUnzipping C:\Users\dxu1\Desktop\Dissertation\PTQ\datasets\VOC\images\VOCtrainval_06-Nov-2007.zip to C:\Users\dxu1\Desktop\Dissertation\PTQ\datasets\VOC\images\VOCdevkit...: 17% ━━────────── 1901/10945 387.5files/s 5.0s<23.3s
[KUnzipping C:\Users\dxu1\Desktop\Dissertation\PTQ\datasets\VOC\images\VOCtest_06-Nov-2007.zip to C:\Users\dxu1\Desktop\Dissertation\PTQ\datasets\VOC\images\VOCdevkit...: 27% ━━━───────── 2869/10357 382.3files/s 7.2s<19.6s
[KDownloading https://ultralytics.com/assets/VOCtrainval_11-May-2012.zip to 'C:\Users\dxu1\Desktop\Dissertation\PTQ\datasets\VOC\images\VOCtrainval_11-May-2012.zip': 30% ━━━╸──────── 558.0MB/1.8GB 66.2MB/s 18.8s<19.7s
[KUnzipping C:\Users\dxu1\Desktop\Dissertation\PTQ\datasets\VOC\images\VOCtrainval_06-Nov-2007.zip to C:\Users\dxu1\Desktop\Dissertation\PTQ\datasets\VOC\images\VOCdevkit...: 17% ━━────────── 1940/10945 385.4files/s 5.1s<23.4s
[KUnzipping C:\Users\dxu1\Desktop\Dissertation\PTQ\datasets\VOC\images\VOCtest_06-Nov-2007.zip to C:\Users\dxu1\Desktop\Dissertation\PTQ\datasets\VOC\images\VOCdevkit...: 28% ━━━───────── 2907/10357 379.2files/s 7.3s<19.6s
[KDownloading https://ultralytics.com/assets/VOCtrainval_11-May-2012.zip to 'C:\Users\dxu1\Desktop\Dissertation\PTQ\datasets\VOC\images\VOCtrainval_11-May-2012.zip': 30% ━━━╸──────── 561.0MB/1.8GB 23.2MB/s 18.9s<56.0s
[KUnzipping C:\Users\dxu1\Desktop\Dissertation\PTQ\datasets\VOC\images\VOCtrainval_06-Nov-2007.zip to C:\Users\dxu1\Desktop\Dissertation\PTQ\datasets\VOC\images\VOCdevkit...: 17% ━━────────── 1962/10945 327.5files/s 5.2s<27.4s
[KUnzipping C:\Users\dxu1\Desktop\Dissertation\PTQ\datasets\VOC\images\VOCtest_06-Nov-2007.zip to C:\Users\dxu1\Desktop\Dissertation\PTQ\datasets\VOC\images\VOCdevkit...: 28% ━━━───────── 2939/10357 332.3files/s 7.5s<22.3s
[KUnzipping C:\Users\dxu1\Desktop\Dissertation\PTQ\datasets\VOC\images\VOCtrainval_06-Nov-2007.zip to C:\Users\dxu1\Desktop\Dissertation\PTQ\datasets\VOC\images\VOCdevkit...: 18% ━━────────── 1998/10945 335.4files/s 5.3s<26.7s
[KDownloading https://ultralytics.com/assets/VOCtrainval_11-May-2012.zip to 'C:\Users\dxu1\Desktop\Dissertation\PTQ\datasets\VOC\images\VOCtrainval_11-May-2012.zip': 30% ━━━╸──────── 566.0MB/1.8GB 30.5MB/s 19.1s<42.5s
[KUnzipping C:\Users\dxu1\Desktop\Dissertation\PTQ\datasets\VOC\images\VOCtest_06-Nov-2007.zip to C:\Users\dxu1\Desktop\Dissertation\PTQ\datasets\VOC\images\VOCdevkit...: 28% ━━━───────── 2966/10357 312.4files/s 7.6s<23.7s
[KUnzipping C:\Users\dxu1\Desktop\Dissertation\PTQ\datasets\VOC\images\VOCtrainval_06-Nov-2007.zip to C:\Users\dxu1\Desktop\Dissertation\PTQ\datasets\VOC\images\VOCdevkit...: 18% ━━────────── 2033/10945 339.6files/s 5.4s<26.2s
[KUnzipping C:\Users\dxu1\Desktop\Dissertation\PTQ\datasets\VOC\images\VOCtest_06-Nov-2007.zip to C:\Users\dxu1\Desktop\Dissertation\PTQ\datasets\VOC\images\VOCdevkit...: 28% ━━━───────── 3001/10357 323.6files/s 7.7s<22.7s
[KDownloading https://ultralytics.com/assets/VOCtrainval_11-May-2012.zip to 'C:\Users\dxu1\Desktop\Dissertation\PTQ\datasets\VOC\images\VOCtrainval_11-May-2012.zip': 30% ━━━╸──────── 570.0MB/1.8GB 31.2MB/s 19.2s<41.3s
[KUnzipping C:\Users\dxu1\Desktop\Dissertation\PTQ\datasets\VOC\images\VOCtrainval_06-Nov-2007.zip to C:\Users\dxu1\Desktop\Dissertation\PTQ\datasets\VOC\images\VOCdevkit...: 18% ━━────────── 2075/10945 362.8files/s 5.5s<24.5s
[KUnzipping C:\Users\dxu1\Desktop\Dissertation\PTQ\datasets\VOC\images\VOCtest_06-Nov-2007.zip to C:\Users\dxu1\Desktop\Dissertation\PTQ\datasets\VOC\images\VOCdevkit...: 29% ━━━╸──────── 3042/10357 348.5files/s 7.8s<21.0s
[KDownloading https://ultralytics.com/assets/VOCtrainval_11-May-2012.zip to 'C:\Users\dxu1\Desktop\Dissertation\PTQ\datasets\VOC\images\VOCtrainval_11-May-2012.zip': 30% ━━━╸──────── 572.0MB/1.8GB 19.2MB/s 19.3s<1:07
[KUnzipping C:\Users\dxu1\Desktop\Dissertation\PTQ\datasets\VOC\images\VOCtrainval_06-Nov-2007.zip to C:\Users\dxu1\Desktop\Dissertation\PTQ\datasets\VOC\images\VOCdevkit...: 19% ━━────────── 2115/10945 372.6files/s 5.6s<23.7s
[KUnzipping C:\Users\dxu1\Desktop\Dissertation\PTQ\datasets\VOC\images\VOCtest_06-Nov-2007.zip to C:\Users\dxu1\Desktop\Dissertation\PTQ\datasets\VOC\images\VOCdevkit...: 29% ━━━╸──────── 3082/10357 361.3files/s 7.9s<20.1s
[KDownloading https://ultralytics.com/assets/VOCtrainval_11-May-2012.zip to 'C:\Users\dxu1\Desktop\Dissertation\PTQ\datasets\VOC\images\VOCtrainval_11-May-2012.zip': 31% ━━━╸──────── 577.0MB/1.8GB 36.9MB/s 19.5s<34.8s
[KUnzipping C:\Users\dxu1\Desktop\Dissertation\PTQ\datasets\VOC\images\VOCtrainval_06-Nov-2007.zip to C:\Users\dxu1\Desktop\Dissertation\PTQ\datasets\VOC\images\VOCdevkit...: 19% ━━────────── 2154/10945 376.6files/s 5.7s<23.3s
[KUnzipping C:\Users\dxu1\Desktop\Dissertation\PTQ\datasets\VOC\images\VOCtest_06-Nov-2007.zip to C:\Users\dxu1\Desktop\Dissertation\PTQ\datasets\VOC\images\VOCdevkit...: 30% ━━━╸──────── 3120/10357 366.0files/s 8.0s<19.8s
[KUnzipping C:\Users\dxu1\Desktop\Dissertation\PTQ\datasets\VOC\images\VOCtrainval_06-Nov-2007.zip to C:\Users\dxu1\Desktop\Dissertation\PTQ\datasets\VOC\images\VOCdevkit...: 19% ━━────────── 2186/10945 358.7files/s 5.8s<24.4s
[KUnzipping C:\Users\dxu1\Desktop\Dissertation\PTQ\datasets\VOC\images\VOCtest_06-Nov-2007.zip to C:\Users\dxu1\Desktop\Dissertation\PTQ\datasets\VOC\images\VOCdevkit...: 30% ━━━╸──────── 3159/10357 372.3files/s 8.1s<19.3s
[KDownloading https://ultralytics.com/assets/VOCtrainval_11-May-2012.zip to 'C:\Users\dxu1\Desktop\Dissertation\PTQ\datasets\VOC\images\VOCtrainval_11-May-2012.zip': 31% ━━━╸──────── 581.0MB/1.8GB 19.6MB/s 19.7s<1:05
[KUnzipping C:\Users\dxu1\Desktop\Dissertation\PTQ\datasets\VOC\images\VOCtrainval_06-Nov-2007.zip to C:\Users\dxu1\Desktop\Dissertation\PTQ\datasets\VOC\images\VOCdevkit...: 20% ━━────────── 2224/10945 365.0files/s 5.9s<23.9s
[KUnzipping C:\Users\dxu1\Desktop\Dissertation\PTQ\datasets\VOC\images\VOCtest_06-Nov-2007.zip to C:\Users\dxu1\Desktop\Dissertation\PTQ\datasets\VOC\images\VOCdevkit...: 30% ━━━╸──────── 3191/10357 356.2files/s 8.2s<20.1s
[KUnzipping C:\Users\dxu1\Desktop\Dissertation\PTQ\datasets\VOC\images\VOCtrainval_06-Nov-2007.zip to C:\Users\dxu1\Desktop\Dissertation\PTQ\datasets\VOC\images\VOCdevkit...: 20% ━━────────── 2260/10945 363.1files/s 6.0s<23.9s
[KDownloading https://ultralytics.com/assets/VOCtrainval_11-May-2012.zip to 'C:\Users\dxu1\Desktop\Dissertation\PTQ\datasets\VOC\images\VOCtrainval_11-May-2012.zip': 31% ━━━╸──────── 586.0MB/1.8GB 43.6MB/s 19.8s<29.2s
[KUnzipping C:\Users\dxu1\Desktop\Dissertation\PTQ\datasets\VOC\images\VOCtest_06-Nov-2007.zip to C:\Users\dxu1\Desktop\Dissertation\PTQ\datasets\VOC\images\VOCdevkit...: 31% ━━━╸──────── 3222/10357 340.7files/s 8.3s<20.9s
[KUnzipping C:\Users\dxu1\Desktop\Dissertation\PTQ\datasets\VOC\images\VOCtrainval_06-Nov-2007.zip to C:\Users\dxu1\Desktop\Dissertation\PTQ\datasets\VOC\images\VOCdevkit...: 20% ━━╸───────── 2296/10945 361.9files/s 6.1s<23.9s
[KDownloading https://ultralytics.com/assets/VOCtrainval_11-May-2012.zip to 'C:\Users\dxu1\Desktop\Dissertation\PTQ\datasets\VOC\images\VOCtrainval_11-May-2012.zip': 31% ━━━╸──────── 590.0MB/1.8GB 36.3MB/s 19.9s<35.0s
[KUnzipping C:\Users\dxu1\Desktop\Dissertation\PTQ\datasets\VOC\images\VOCtest_06-Nov-2007.zip to C:\Users\dxu1\Desktop\Dissertation\PTQ\datasets\VOC\images\VOCdevkit...: 31% ━━━╸──────── 3255/10357 333.8files/s 8.4s<21.3s
[KUnzipping C:\Users\dxu1\Desktop\Dissertation\PTQ\datasets\VOC\images\VOCtrainval_06-Nov-2007.zip to C:\Users\dxu1\Desktop\Dissertation\PTQ\datasets\VOC\images\VOCdevkit...: 21% ━━╸───────── 2327/10945 345.7files/s 6.2s<24.9s
[KUnzipping C:\Users\dxu1\Desktop\Dissertation\PTQ\datasets\VOC\images\VOCtest_06-Nov-2007.zip to C:\Users\dxu1\Desktop\Dissertation\PTQ\datasets\VOC\images\VOCdevkit...: 31% ━━━╸──────── 3282/10357 314.5files/s 8.5s<22.5s
[KDownloading https://ultralytics.com/assets/VOCtrainval_11-May-2012.zip to 'C:\Users\dxu1\Desktop\Dissertation\PTQ\datasets\VOC\images\VOCtrainval_11-May-2012.zip': 31% ━━━╸──────── 591.0MB/1.8GB 6.7MB/s 20.1s<3:10
[KUnzipping C:\Users\dxu1\Desktop\Dissertation\PTQ\datasets\VOC\images\VOCtrainval_06-Nov-2007.zip to C:\Users\dxu1\Desktop\Dissertation\PTQ\datasets\VOC\images\VOCdevkit...: 21% ━━╸───────── 2369/10945 367.0files/s 6.3s<23.4s
[KUnzipping C:\Users\dxu1\Desktop\Dissertation\PTQ\datasets\VOC\images\VOCtest_06-Nov-2007.zip to C:\Users\dxu1\Desktop\Dissertation\PTQ\datasets\VOC\images\VOCdevkit...: 32% ━━━╸──────── 3321/10357 336.3files/s 8.6s<20.9s
[KDownloading https://ultralytics.com/assets/VOCtrainval_11-May-2012.zip to 'C:\Users\dxu1\Desktop\Dissertation\PTQ\datasets\VOC\images\VOCtrainval_11-May-2012.zip': 32% ━━━╸──────── 596.0MB/1.8GB 46.3MB/s 20.2s<27.3s
[KUnzipping C:\Users\dxu1\Desktop\Dissertation\PTQ\datasets\VOC\images\VOCtrainval_06-Nov-2007.zip to C:\Users\dxu1\Desktop\Dissertation\PTQ\datasets\VOC\images\VOCdevkit...: 22% ━━╸───────── 2409/10945 376.2files/s 6.4s<22.7s
[KUnzipping C:\Users\dxu1\Desktop\Dissertation\PTQ\datasets\VOC\images\VOCtest_06-Nov-2007.zip to C:\Users\dxu1\Desktop\Dissertation\PTQ\datasets\VOC\images\VOCdevkit...: 32% ━━━╸──────── 3362/10357 357.4files/s 8.7s<19.6s
[KUnzipping C:\Users\dxu1\Desktop\Dissertation\PTQ\datasets\VOC\images\VOCtrainval_06-Nov-2007.zip to C:\Users\dxu1\Desktop\Dissertation\PTQ\datasets\VOC\images\VOCdevkit...: 22% ━━╸───────── 2451/10945 387.9files/s 6.5s<21.9s
[KUnzipping C:\Users\dxu1\Desktop\Dissertation\PTQ\datasets\VOC\images\VOCtest_06-Nov-2007.zip to C:\Users\dxu1\Desktop\Dissertation\PTQ\datasets\VOC\images\VOCdevkit...: 32% ━━━╸──────── 3404/10357 373.2files/s 8.8s<18.6s
[KDownloading https://ultralytics.com/assets/VOCtrainval_11-May-2012.zip to 'C:\Users\dxu1\Desktop\Dissertation\PTQ\datasets\VOC\images\VOCtrainval_11-May-2012.zip': 32% ━━━╸──────── 601.0MB/1.8GB 26.1MB/s 20.4s<48.2s
[KUnzipping C:\Users\dxu1\Desktop\Dissertation\PTQ\datasets\VOC\images\VOCtrainval_06-Nov-2007.zip to C:\Users\dxu1\Desktop\Dissertation\PTQ\datasets\VOC\images\VOCdevkit...: 22% ━━╸───────── 2485/10945 373.2files/s 6.6s<22.7s
[KUnzipping C:\Users\dxu1\Desktop\Dissertation\PTQ\datasets\VOC\images\VOCtest_06-Nov-2007.zip to C:\Users\dxu1\Desktop\Dissertation\PTQ\datasets\VOC\images\VOCdevkit...: 33% ━━━╸──────── 3442/10357 374.3files/s 8.9s<18.5s
[KUnzipping C:\Users\dxu1\Desktop\Dissertation\PTQ\datasets\VOC\images\VOCtrainval_06-Nov-2007.zip to C:\Users\dxu1\Desktop\Dissertation\PTQ\datasets\VOC\images\VOCdevkit...: 23% ━━╸───────── 2524/10945 377.9files/s 6.7s<22.3s
[KDownloading https://ultralytics.com/assets/VOCtrainval_11-May-2012.zip to 'C:\Users\dxu1\Desktop\Dissertation\PTQ\datasets\VOC\images\VOCtrainval_11-May-2012.zip': 32% ━━━╸──────── 607.0MB/1.8GB 39.9MB/s 20.5s<31.4s
[KUnzipping C:\Users\dxu1\Desktop\Dissertation\PTQ\datasets\VOC\images\VOCtest_06-Nov-2007.zip to C:\Users\dxu1\Desktop\Dissertation\PTQ\datasets\VOC\images\VOCdevkit...: 33% ━━━━──────── 3477/10357 366.9files/s 9.0s<18.8s
[KUnzipping C:\Users\dxu1\Desktop\Dissertation\PTQ\datasets\VOC\images\VOCtrainval_06-Nov-2007.zip to C:\Users\dxu1\Desktop\Dissertation\PTQ\datasets\VOC\images\VOCdevkit...: 23% ━━╸───────── 2561/10945 373.9files/s 6.8s<22.4s
[KUnzipping C:\Users\dxu1\Desktop\Dissertation\PTQ\datasets\VOC\images\VOCtest_06-Nov-2007.zip to C:\Users\dxu1\Desktop\Dissertation\PTQ\datasets\VOC\images\VOCdevkit...: 33% ━━━━──────── 3517/10357 375.6files/s 9.1s<18.2s
[KDownloading https://ultralytics.com/assets/VOCtrainval_11-May-2012.zip to 'C:\Users\dxu1\Desktop\Dissertation\PTQ\datasets\VOC\images\VOCtrainval_11-May-2012.zip': 32% ━━━╸──────── 611.0MB/1.8GB 23.8MB/s 20.7s<52.5s
[KUnzipping C:\Users\dxu1\Desktop\Dissertation\PTQ\datasets\VOC\images\VOCtrainval_06-Nov-2007.zip to C:\Users\dxu1\Desktop\Dissertation\PTQ\datasets\VOC\images\VOCdevkit...: 23% ━━╸───────── 2598/10945 370.3files/s 6.9s<22.5s
[KUnzipping C:\Users\dxu1\Desktop\Dissertation\PTQ\datasets\VOC\images\VOCtest_06-Nov-2007.zip to C:\Users\dxu1\Desktop\Dissertation\PTQ\datasets\VOC\images\VOCdevkit...: 34% ━━━━──────── 3554/10357 373.6files/s 9.2s<18.2s
[KDownloading https://ultralytics.com/assets/VOCtrainval_11-May-2012.zip to 'C:\Users\dxu1\Desktop\Dissertation\PTQ\datasets\VOC\images\VOCtrainval_11-May-2012.zip': 33% ━━━╸──────── 619.0MB/1.8GB 73.2MB/s 20.8s<17.0s
[KUnzipping C:\Users\dxu1\Desktop\Dissertation\PTQ\datasets\VOC\images\VOCtrainval_06-Nov-2007.zip to C:\Users\dxu1\Desktop\Dissertation\PTQ\datasets\VOC\images\VOCdevkit...: 24% ━━╸───────── 2629/10945 352.2files/s 7.0s<23.6s
[KUnzipping C:\Users\dxu1\Desktop\Dissertation\PTQ\datasets\VOC\images\VOCtest_06-Nov-2007.zip to C:\Users\dxu1\Desktop\Dissertation\PTQ\datasets\VOC\images\VOCdevkit...: 34% ━━━━──────── 3592/10357 374.7files/s 9.3s<18.1s
[KDownloading https://ultralytics.com/assets/VOCtrainval_11-May-2012.zip to 'C:\Users\dxu1\Desktop\Dissertation\PTQ\datasets\VOC\images\VOCtrainval_11-May-2012.zip': 33% ━━━━──────── 622.0MB/1.8GB 29.4MB/s 20.9s<42.1s
[KUnzipping C:\Users\dxu1\Desktop\Dissertation\PTQ\datasets\VOC\images\VOCtrainval_06-Nov-2007.zip to C:\Users\dxu1\Desktop\Dissertation\PTQ\datasets\VOC\images\VOCdevkit...: 24% ━━╸───────── 2665/10945 354.0files/s 7.1s<23.4s
[KUnzipping C:\Users\dxu1\Desktop\Dissertation\PTQ\datasets\VOC\images\VOCtest_06-Nov-2007.zip to C:\Users\dxu1\Desktop\Dissertation\PTQ\datasets\VOC\images\VOCdevkit...: 35% ━━━━──────── 3632/10357 380.5files/s 9.4s<17.7s
[KDownloading https://ultralytics.com/assets/VOCtrainval_11-May-2012.zip to 'C:\Users\dxu1\Desktop\Dissertation\PTQ\datasets\VOC\images\VOCtrainval_11-May-2012.zip': 33% ━━━━──────── 627.0MB/1.8GB 49.3MB/s 21.0s<25.0s
[KUnzipping C:\Users\dxu1\Desktop\Dissertation\PTQ\datasets\VOC\images\VOCtrainval_06-Nov-2007.zip to C:\Users\dxu1\Desktop\Dissertation\PTQ\datasets\VOC\images\VOCdevkit...: 24% ━━╸───────── 2708/10945 376.7files/s 7.2s<21.9s
[KUnzipping C:\Users\dxu1\Desktop\Dissertation\PTQ\datasets\VOC\images\VOCtest_06-Nov-2007.zip to C:\Users\dxu1\Desktop\Dissertation\PTQ\datasets\VOC\images\VOCdevkit...: 35% ━━━━──────── 3669/10357 376.1files/s 9.5s<17.8s
[KUnzipping C:\Users\dxu1\Desktop\Dissertation\PTQ\datasets\VOC\images\VOCtrainval_06-Nov-2007.zip to C:\Users\dxu1\Desktop\Dissertation\PTQ\datasets\VOC\images\VOCdevkit...: 25% ━━━───────── 2748/10945 383.4files/s 7.3s<21.4s
[KDownloading https://ultralytics.com/assets/VOCtrainval_11-May-2012.zip to 'C:\Users\dxu1\Desktop\Dissertation\PTQ\datasets\VOC\images\VOCtrainval_11-May-2012.zip': 33% ━━━━──────── 630.0MB/1.8GB 24.6MB/s 21.1s<50.1s
[KUnzipping C:\Users\dxu1\Desktop\Dissertation\PTQ\datasets\VOC\images\VOCtest_06-Nov-2007.zip to C:\Users\dxu1\Desktop\Dissertation\PTQ\datasets\VOC\images\VOCdevkit...: 35% ━━━━──────── 3710/10357 384.0files/s 9.6s<17.3s
[KUnzipping C:\Users\dxu1\Desktop\Dissertation\PTQ\datasets\VOC\images\VOCtrainval_06-Nov-2007.zip to C:\Users\dxu1\Desktop\Dissertation\PTQ\datasets\VOC\images\VOCdevkit...: 25% ━━━───────── 2789/10945 390.9files/s 7.4s<20.9s
[KDownloading https://ultralytics.com/assets/VOCtrainval_11-May-2012.zip to 'C:\Users\dxu1\Desktop\Dissertation\PTQ\datasets\VOC\images\VOCtrainval_11-May-2012.zip': 33% ━━━━──────── 632.0MB/1.8GB 19.2MB/s 21.2s<1:04
[KUnzipping C:\Users\dxu1\Desktop\Dissertation\PTQ\datasets\VOC\images\VOCtest_06-Nov-2007.zip to C:\Users\dxu1\Desktop\Dissertation\PTQ\datasets\VOC\images\VOCdevkit...: 36% ━━━━──────── 3747/10357 378.1files/s 9.7s<17.5s
[KUnzipping C:\Users\dxu1\Desktop\Dissertation\PTQ\datasets\VOC\images\VOCtrainval_06-Nov-2007.zip to C:\Users\dxu1\Desktop\Dissertation\PTQ\datasets\VOC\images\VOCdevkit...: 25% ━━━───────── 2825/10945 380.7files/s 7.5s<21.3s
[KDownloading https://ultralytics.com/assets/VOCtrainval_11-May-2012.zip to 'C:\Users\dxu1\Desktop\Dissertation\PTQ\datasets\VOC\images\VOCtrainval_11-May-2012.zip': 34% ━━━━──────── 639.0MB/1.8GB 61.4MB/s 21.3s<19.9s
[KUnzipping C:\Users\dxu1\Desktop\Dissertation\PTQ\datasets\VOC\images\VOCtest_06-Nov-2007.zip to C:\Users\dxu1\Desktop\Dissertation\PTQ\datasets\VOC\images\VOCdevkit...: 36% ━━━━──────── 3784/10357 372.7files/s 9.8s<17.6s
[KUnzipping C:\Users\dxu1\Desktop\Dissertation\PTQ\datasets\VOC\images\VOCtrainval_06-Nov-2007.zip to C:\Users\dxu1\Desktop\Dissertation\PTQ\datasets\VOC\images\VOCdevkit...: 26% ━━━───────── 2859/10945 366.8files/s 7.6s<22.0s
[KDownloading https://ultralytics.com/assets/VOCtrainval_11-May-2012.zip to 'C:\Users\dxu1\Desktop\Dissertation\PTQ\datasets\VOC\images\VOCtrainval_11-May-2012.zip': 34% ━━━━──────── 641.0MB/1.8GB 17.0MB/s 21.4s<1:12
[KUnzipping C:\Users\dxu1\Desktop\Dissertation\PTQ\datasets\VOC\images\VOCtest_06-Nov-2007.zip to C:\Users\dxu1\Desktop\Dissertation\PTQ\datasets\VOC\images\VOCdevkit...: 36% ━━━━──────── 3819/10357 365.5files/s 9.9s<17.9s
[KUnzipping C:\Users\dxu1\Desktop\Dissertation\PTQ\datasets\VOC\images\VOCtrainval_06-Nov-2007.zip to C:\Users\dxu1\Desktop\Dissertation\PTQ\datasets\VOC\images\VOCdevkit...: 26% ━━━───────── 2896/10945 362.1files/s 7.7s<22.2s
[KUnzipping C:\Users\dxu1\Desktop\Dissertation\PTQ\datasets\VOC\images\VOCtest_06-Nov-2007.zip to C:\Users\dxu1\Desktop\Dissertation\PTQ\datasets\VOC\images\VOCdevkit...: 37% ━━━━──────── 3852/10357 354.4files/s 10.0s<18.4s
[KDownloading https://ultralytics.com/assets/VOCtrainval_11-May-2012.zip to 'C:\Users\dxu1\Desktop\Dissertation\PTQ\datasets\VOC\images\VOCtrainval_11-May-2012.zip': 34% ━━━━──────── 649.0MB/1.8GB 75.0MB/s 21.5s<16.1s
[KUnzipping C:\Users\dxu1\Desktop\Dissertation\PTQ\datasets\VOC\images\VOCtrainval_06-Nov-2007.zip to C:\Users\dxu1\Desktop\Dissertation\PTQ\datasets\VOC\images\VOCdevkit...: 26% ━━━───────── 2933/10945 363.0files/s 7.8s<22.1s
[KUnzipping C:\Users\dxu1\Desktop\Dissertation\PTQ\datasets\VOC\images\VOCtest_06-Nov-2007.zip to C:\Users\dxu1\Desktop\Dissertation\PTQ\datasets\VOC\images\VOCdevkit...: 37% ━━━━╸─────── 3891/10357 363.3files/s 10.1s<17.8s
[KDownloading https://ultralytics.com/assets/VOCtrainval_11-May-2012.zip to 'C:\Users\dxu1\Desktop\Dissertation\PTQ\datasets\VOC\images\VOCtrainval_11-May-2012.zip': 35% ━━━━──────── 652.0MB/1.8GB 29.8MB/s 21.6s<40.5s
[KUnzipping C:\Users\dxu1\Desktop\Dissertation\PTQ\datasets\VOC\images\VOCtrainval_06-Nov-2007.zip to C:\Users\dxu1\Desktop\Dissertation\PTQ\datasets\VOC\images\VOCdevkit...: 27% ━━━───────── 2972/10945 369.5files/s 7.9s<21.6s
[KUnzipping C:\Users\dxu1\Desktop\Dissertation\PTQ\datasets\VOC\images\VOCtest_06-Nov-2007.zip to C:\Users\dxu1\Desktop\Dissertation\PTQ\datasets\VOC\images\VOCdevkit...: 37% ━━━━╸─────── 3931/10357 371.5files/s 10.2s<17.3s
[KDownloading https://ultralytics.com/assets/VOCtrainval_11-May-2012.zip to 'C:\Users\dxu1\Desktop\Dissertation\PTQ\datasets\VOC\images\VOCtrainval_11-May-2012.zip': 35% ━━━━──────── 660.0MB/1.8GB 75.7MB/s 21.8s<15.8s
[KUnzipping C:\Users\dxu1\Desktop\Dissertation\PTQ\datasets\VOC\images\VOCtrainval_06-Nov-2007.zip to C:\Users\dxu1\Desktop\Dissertation\PTQ\datasets\VOC\images\VOCdevkit...: 27% ━━━───────── 3010/10945 370.8files/s 8.0s<21.4s
[KUnzipping C:\Users\dxu1\Desktop\Dissertation\PTQ\datasets\VOC\images\VOCtest_06-Nov-2007.zip to C:\Users\dxu1\Desktop\Dissertation\PTQ\datasets\VOC\images\VOCdevkit...: 38% ━━━━╸─────── 3967/10357 367.9files/s 10.3s<17.4s
[KDownloading https://ultralytics.com/assets/VOCtrainval_11-May-2012.zip to 'C:\Users\dxu1\Desktop\Dissertation\PTQ\datasets\VOC\images\VOCtrainval_11-May-2012.zip': 35% ━━━━──────── 663.0MB/1.8GB 27.5MB/s 21.9s<43.6s
[KUnzipping C:\Users\dxu1\Desktop\Dissertation\PTQ\datasets\VOC\images\VOCtrainval_06-Nov-2007.zip to C:\Users\dxu1\Desktop\Dissertation\PTQ\datasets\VOC\images\VOCdevkit...: 27% ━━━───────── 3045/10945 362.4files/s 8.1s<21.8s
[KUnzipping C:\Users\dxu1\Desktop\Dissertation\PTQ\datasets\VOC\images\VOCtest_06-Nov-2007.zip to C:\Users\dxu1\Desktop\Dissertation\PTQ\datasets\VOC\images\VOCdevkit...: 38% ━━━━╸─────── 4002/10357 361.9files/s 10.4s<17.6s
[KDownloading https://ultralytics.com/assets/VOCtrainval_11-May-2012.zip to 'C:\Users\dxu1\Desktop\Dissertation\PTQ\datasets\VOC\images\VOCtrainval_11-May-2012.zip': 35% ━━━━──────── 667.0MB/1.8GB 32.1MB/s 22.0s<37.2s
[KUnzipping C:\Users\dxu1\Desktop\Dissertation\PTQ\datasets\VOC\images\VOCtrainval_06-Nov-2007.zip to C:\Users\dxu1\Desktop\Dissertation\PTQ\datasets\VOC\images\VOCdevkit...: 28% ━━━───────── 3077/10945 343.3files/s 8.2s<22.9s
[KUnzipping C:\Users\dxu1\Desktop\Dissertation\PTQ\datasets\VOC\images\VOCtest_06-Nov-2007.zip to C:\Users\dxu1\Desktop\Dissertation\PTQ\datasets\VOC\images\VOCdevkit...: 39% ━━━━╸─────── 4040/10357 365.1files/s 10.5s<17.3s
[KUnzipping C:\Users\dxu1\Desktop\Dissertation\PTQ\datasets\VOC\images\VOCtrainval_06-Nov-2007.zip to C:\Users\dxu1\Desktop\Dissertation\PTQ\datasets\VOC\images\VOCdevkit...: 28% ━━━───────── 3117/10945 357.1files/s 8.3s<21.9s
[KUnzipping C:\Users\dxu1\Desktop\Dissertation\PTQ\datasets\VOC\images\VOCtest_06-Nov-2007.zip to C:\Users\dxu1\Desktop\Dissertation\PTQ\datasets\VOC\images\VOCdevkit...: 39% ━━━━╸─────── 4076/10357 361.7files/s 10.6s<17.4s
[KDownloading https://ultralytics.com/assets/VOCtrainval_11-May-2012.zip to 'C:\Users\dxu1\Desktop\Dissertation\PTQ\datasets\VOC\images\VOCtrainval_11-May-2012.zip': 36% ━━━━──────── 671.0MB/1.8GB 21.7MB/s 22.2s<54.8s
[KUnzipping C:\Users\dxu1\Desktop\Dissertation\PTQ\datasets\VOC\images\VOCtrainval_06-Nov-2007.zip to C:\Users\dxu1\Desktop\Dissertation\PTQ\datasets\VOC\images\VOCdevkit...: 28% ━━━───────── 3152/10945 353.4files/s 8.4s<22.1s
[KUnzipping C:\Users\dxu1\Desktop\Dissertation\PTQ\datasets\VOC\images\VOCtest_06-Nov-2007.zip to C:\Users\dxu1\Desktop\Dissertation\PTQ\datasets\VOC\images\VOCdevkit...: 39% ━━━━╸─────── 4112/10357 360.0files/s 10.7s<17.3s
[KDownloading https://ultralytics.com/assets/VOCtrainval_11-May-2012.zip to 'C:\Users\dxu1\Desktop\Dissertation\PTQ\datasets\VOC\images\VOCtrainval_11-May-2012.zip': 36% ━━━━──────── 676.0MB/1.8GB 49.3MB/s 22.3s<24.0s
[KUnzipping C:\Users\dxu1\Desktop\Dissertation\PTQ\datasets\VOC\images\VOCtrainval_06-Nov-2007.zip to C:\Users\dxu1\Desktop\Dissertation\PTQ\datasets\VOC\images\VOCdevkit...: 29% ━━━───────── 3190/10945 359.9files/s 8.5s<21.5s
[KUnzipping C:\Users\dxu1\Desktop\Dissertation\PTQ\datasets\VOC\images\VOCtest_06-Nov-2007.zip to C:\Users\dxu1\Desktop\Dissertation\PTQ\datasets\VOC\images\VOCdevkit...: 40% ━━━━╸─────── 4150/10357 365.6files/s 10.8s<17.0s
[KUnzipping C:\Users\dxu1\Desktop\Dissertation\PTQ\datasets\VOC\images\VOCtrainval_06-Nov-2007.zip to C:\Users\dxu1\Desktop\Dissertation\PTQ\datasets\VOC\images\VOCdevkit...: 29% ━━━╸──────── 3232/10945 376.4files/s 8.6s<20.5s
[KUnzipping C:\Users\dxu1\Desktop\Dissertation\PTQ\datasets\VOC\images\VOCtest_06-Nov-2007.zip to C:\Users\dxu1\Desktop\Dissertation\PTQ\datasets\VOC\images\VOCdevkit...: 40% ━━━━╸─────── 4192/10357 380.2files/s 10.9s<16.2s
[KUnzipping C:\Users\dxu1\Desktop\Dissertation\PTQ\datasets\VOC\images\VOCtrainval_06-Nov-2007.zip to C:\Users\dxu1\Desktop\Dissertation\PTQ\datasets\VOC\images\VOCdevkit...: 29% ━━━╸──────── 3273/10945 383.9files/s 8.7s<20.0s
[KUnzipping C:\Users\dxu1\Desktop\Dissertation\PTQ\datasets\VOC\images\VOCtest_06-Nov-2007.zip to C:\Users\dxu1\Desktop\Dissertation\PTQ\datasets\VOC\images\VOCdevkit...: 40% ━━━━╸─────── 4235/10357 393.1files/s 11.0s<15.6s
[KUnzipping C:\Users\dxu1\Desktop\Dissertation\PTQ\datasets\VOC\images\VOCtrainval_06-Nov-2007.zip to C:\Users\dxu1\Desktop\Dissertation\PTQ\datasets\VOC\images\VOCdevkit...: 30% ━━━╸──────── 3311/10945 382.7files/s 8.8s<19.9s
[KUnzipping C:\Users\dxu1\Desktop\Dissertation\PTQ\datasets\VOC\images\VOCtest_06-Nov-2007.zip to C:\Users\dxu1\Desktop\Dissertation\PTQ\datasets\VOC\images\VOCdevkit...: 41% ━━━━╸─────── 4268/10357 373.9files/s 11.1s<16.3s
[KUnzipping C:\Users\dxu1\Desktop\Dissertation\PTQ\datasets\VOC\images\VOCtrainval_06-Nov-2007.zip to C:\Users\dxu1\Desktop\Dissertation\PTQ\datasets\VOC\images\VOCdevkit...: 30% ━━━╸──────── 3349/10945 381.4files/s 8.9s<19.9s
[KUnzipping C:\Users\dxu1\Desktop\Dissertation\PTQ\datasets\VOC\images\VOCtest_06-Nov-2007.zip to C:\Users\dxu1\Desktop\Dissertation\PTQ\datasets\VOC\images\VOCdevkit...: 41% ━━━━╸─────── 4301/10357 360.1files/s 11.2s<16.8s
[KUnzipping C:\Users\dxu1\Desktop\Dissertation\PTQ\datasets\VOC\images\VOCtrainval_06-Nov-2007.zip to C:\Users\dxu1\Desktop\Dissertation\PTQ\datasets\VOC\images\VOCdevkit...: 30% ━━━╸──────── 3387/10945 378.9files/s 9.0s<19.9s
[KUnzipping C:\Users\dxu1\Desktop\Dissertation\PTQ\datasets\VOC\images\VOCtest_06-Nov-2007.zip to C:\Users\dxu1\Desktop\Dissertation\PTQ\datasets\VOC\images\VOCdevkit...: 41% ━━━━━─────── 4337/10357 357.9files/s 11.3s<16.8s
[KDownloading https://ultralytics.com/assets/VOCtrainval_11-May-2012.zip to 'C:\Users\dxu1\Desktop\Dissertation\PTQ\datasets\VOC\images\VOCtrainval_11-May-2012.zip': 36% ━━━━──────── 681.0MB/1.8GB 8.4MB/s 22.9s<2:20
[KUnzipping C:\Users\dxu1\Desktop\Dissertation\PTQ\datasets\VOC\images\VOCtrainval_06-Nov-2007.zip to C:\Users\dxu1\Desktop\Dissertation\PTQ\datasets\VOC\images\VOCdevkit...: 31% ━━━╸──────── 3420/10945 362.7files/s 9.1s<20.7s
[KUnzipping C:\Users\dxu1\Desktop\Dissertation\PTQ\datasets\VOC\images\VOCtest_06-Nov-2007.zip to C:\Users\dxu1\Desktop\Dissertation\PTQ\datasets\VOC\images\VOCdevkit...: 42% ━━━━━─────── 4373/10357 357.0files/s 11.4s<16.8s
[KDownloading https://ultralytics.com/assets/VOCtrainval_11-May-2012.zip to 'C:\Users\dxu1\Desktop\Dissertation\PTQ\datasets\VOC\images\VOCtrainval_11-May-2012.zip': 36% ━━━━──────── 683.0MB/1.8GB 15.9MB/s 23.0s<1:14
[KUnzipping C:\Users\dxu1\Desktop\Dissertation\PTQ\datasets\VOC\images\VOCtrainval_06-Nov-2007.zip to C:\Users\dxu1\Desktop\Dissertation\PTQ\datasets\VOC\images\VOCdevkit...: 31% ━━━╸──────── 3453/10945 351.0files/s 9.2s<21.3s
[KUnzipping C:\Users\dxu1\Desktop\Dissertation\PTQ\datasets\VOC\images\VOCtest_06-Nov-2007.zip to C:\Users\dxu1\Desktop\Dissertation\PTQ\datasets\VOC\images\VOCdevkit...: 42% ━━━━━─────── 4402/10357 336.5files/s 11.5s<17.7s
[KDownloading https://ultralytics.com/assets/VOCtrainval_11-May-2012.zip to 'C:\Users\dxu1\Desktop\Dissertation\PTQ\datasets\VOC\images\VOCtrainval_11-May-2012.zip': 37% ━━━━──────── 689.0MB/1.8GB 55.3MB/s 23.1s<21.2s
[KUnzipping C:\Users\dxu1\Desktop\Dissertation\PTQ\datasets\VOC\images\VOCtrainval_06-Nov-2007.zip to C:\Users\dxu1\Desktop\Dissertation\PTQ\datasets\VOC\images\VOCdevkit...: 31% ━━━╸──────── 3488/10945 349.2files/s 9.3s<21.4s
[KUnzipping C:\Users\dxu1\Desktop\Dissertation\PTQ\datasets\VOC\images\VOCtest_06-Nov-2007.zip to C:\Users\dxu1\Desktop\Dissertation\PTQ\datasets\VOC\images\VOCdevkit...: 42% ━━━━━─────── 4436/10357 335.3files/s 11.6s<17.7s
[KDownloading https://ultralytics.com/assets/VOCtrainval_11-May-2012.zip to 'C:\Users\dxu1\Desktop\Dissertation\PTQ\datasets\VOC\images\VOCtrainval_11-May-2012.zip': 37% ━━━━──────── 691.0MB/1.8GB 15.7MB/s 23.2s<1:15
[KUnzipping C:\Users\dxu1\Desktop\Dissertation\PTQ\datasets\VOC\images\VOCtrainval_06-Nov-2007.zip to C:\Users\dxu1\Desktop\Dissertation\PTQ\datasets\VOC\images\VOCdevkit...: 32% ━━━╸──────── 3527/10945 358.3files/s 9.5s<20.7s
[KUnzipping C:\Users\dxu1\Desktop\Dissertation\PTQ\datasets\VOC\images\VOCtest_06-Nov-2007.zip to C:\Users\dxu1\Desktop\Dissertation\PTQ\datasets\VOC\images\VOCdevkit...: 43% ━━━━━─────── 4474/10357 347.5files/s 11.7s<16.9s
[KDownloading https://ultralytics.com/assets/VOCtrainval_11-May-2012.zip to 'C:\Users\dxu1\Desktop\Dissertation\PTQ\datasets\VOC\images\VOCtrainval_11-May-2012.zip': 37% ━━━━──────── 697.0MB/1.8GB 58.4MB/s 23.3s<19.9s
[KUnzipping C:\Users\dxu1\Desktop\Dissertation\PTQ\datasets\VOC\images\VOCtrainval_06-Nov-2007.zip to C:\Users\dxu1\Desktop\Dissertation\PTQ\datasets\VOC\images\VOCdevkit...: 32% ━━━╸──────── 3560/10945 347.0files/s 9.6s<21.3s
[KUnzipping C:\Users\dxu1\Desktop\Dissertation\PTQ\datasets\VOC\images\VOCtest_06-Nov-2007.zip to C:\Users\dxu1\Desktop\Dissertation\PTQ\datasets\VOC\images\VOCdevkit...: 43% ━━━━━─────── 4506/10357 337.8files/s 11.8s<17.3s
[KUnzipping C:\Users\dxu1\Desktop\Dissertation\PTQ\datasets\VOC\images\VOCtrainval_06-Nov-2007.zip to C:\Users\dxu1\Desktop\Dissertation\PTQ\datasets\VOC\images\VOCdevkit...: 32% ━━━╸──────── 3589/10945 307.6files/s 9.7s<23.9s
[KUnzipping C:\Users\dxu1\Desktop\Dissertation\PTQ\datasets\VOC\images\VOCtest_06-Nov-2007.zip to C:\Users\dxu1\Desktop\Dissertation\PTQ\datasets\VOC\images\VOCdevkit...: 43% ━━━━━─────── 4543/10357 326.6files/s 12.0s<17.8s
[KUnzipping C:\Users\dxu1\Desktop\Dissertation\PTQ\datasets\VOC\images\VOCtrainval_06-Nov-2007.zip to C:\Users\dxu1\Desktop\Dissertation\PTQ\datasets\VOC\images\VOCdevkit...: 32% ━━━╸──────── 3608/10945 269.1files/s 9.8s<27.3s
[KUnzipping C:\Users\dxu1\Desktop\Dissertation\PTQ\datasets\VOC\images\VOCtest_06-Nov-2007.zip to C:\Users\dxu1\Desktop\Dissertation\PTQ\datasets\VOC\images\VOCdevkit...: 44% ━━━━━─────── 4577/10357 327.5files/s 12.1s<17.7s
[KUnzipping C:\Users\dxu1\Desktop\Dissertation\PTQ\datasets\VOC\images\VOCtrainval_06-Nov-2007.zip to C:\Users\dxu1\Desktop\Dissertation\PTQ\datasets\VOC\images\VOCdevkit...: 33% ━━━╸──────── 3634/10945 265.3files/s 9.9s<27.6s
[KUnzipping C:\Users\dxu1\Desktop\Dissertation\PTQ\datasets\VOC\images\VOCtest_06-Nov-2007.zip to C:\Users\dxu1\Desktop\Dissertation\PTQ\datasets\VOC\images\VOCdevkit...: 44% ━━━━━─────── 4611/10357 329.5files/s 12.2s<17.4s
[KDownloading https://ultralytics.com/assets/VOCtrainval_11-May-2012.zip to 'C:\Users\dxu1\Desktop\Dissertation\PTQ\datasets\VOC\images\VOCtrainval_11-May-2012.zip': 37% ━━━━╸─────── 701.0MB/1.8GB 9.9MB/s 23.7s<1:57
[KUnzipping C:\Users\dxu1\Desktop\Dissertation\PTQ\datasets\VOC\images\VOCtrainval_06-Nov-2007.zip to C:\Users\dxu1\Desktop\Dissertation\PTQ\datasets\VOC\images\VOCdevkit...: 33% ━━━━──────── 3654/10945 243.9files/s 10.0s<29.9s
[KUnzipping C:\Users\dxu1\Desktop\Dissertation\PTQ\datasets\VOC\images\VOCtest_06-Nov-2007.zip to C:\Users\dxu1\Desktop\Dissertation\PTQ\datasets\VOC\images\VOCdevkit...: 44% ━━━━━─────── 4648/10357 339.1files/s 12.3s<16.8s
[KDownloading https://ultralytics.com/assets/VOCtrainval_11-May-2012.zip to 'C:\Users\dxu1\Desktop\Dissertation\PTQ\datasets\VOC\images\VOCtrainval_11-May-2012.zip': 37% ━━━━╸─────── 703.0MB/1.8GB 16.0MB/s 23.9s<1:12
[KUnzipping C:\Users\dxu1\Desktop\Dissertation\PTQ\datasets\VOC\images\VOCtrainval_06-Nov-2007.zip to C:\Users\dxu1\Desktop\Dissertation\PTQ\datasets\VOC\images\VOCdevkit...: 33% ━━━━──────── 3682/10945 254.6files/s 10.1s<28.5s
[KUnzipping C:\Users\dxu1\Desktop\Dissertation\PTQ\datasets\VOC\images\VOCtest_06-Nov-2007.zip to C:\Users\dxu1\Desktop\Dissertation\PTQ\datasets\VOC\images\VOCdevkit...: 45% ━━━━━─────── 4681/10357 335.8files/s 12.4s<16.9s
[KDownloading https://ultralytics.com/assets/VOCtrainval_11-May-2012.zip to 'C:\Users\dxu1\Desktop\Dissertation\PTQ\datasets\VOC\images\VOCtrainval_11-May-2012.zip': 38% ━━━━╸─────── 709.0MB/1.8GB 55.7MB/s 24.0s<20.6s
[KUnzipping C:\Users\dxu1\Desktop\Dissertation\PTQ\datasets\VOC\images\VOCtrainval_06-Nov-2007.zip to C:\Users\dxu1\Desktop\Dissertation\PTQ\datasets\VOC\images\VOCdevkit...: 33% ━━━━──────── 3714/10945 274.0files/s 10.2s<26.4s
[KUnzipping C:\Users\dxu1\Desktop\Dissertation\PTQ\datasets\VOC\images\VOCtest_06-Nov-2007.zip to C:\Users\dxu1\Desktop\Dissertation\PTQ\datasets\VOC\images\VOCdevkit...: 45% ━━━━━─────── 4717/10357 336.5files/s 12.5s<16.8s
[KUnzipping C:\Users\dxu1\Desktop\Dissertation\PTQ\datasets\VOC\images\VOCtrainval_06-Nov-2007.zip to C:\Users\dxu1\Desktop\Dissertation\PTQ\datasets\VOC\images\VOCdevkit...: 34% ━━━━──────── 3746/10945 287.3files/s 10.3s<25.1s
[KDownloading https://ultralytics.com/assets/VOCtrainval_11-May-2012.zip to 'C:\Users\dxu1\Desktop\Dissertation\PTQ\datasets\VOC\images\VOCtrainval_11-May-2012.zip': 38% ━━━━╸─────── 711.0MB/1.8GB 15.7MB/s 24.1s<1:13
[KUnzipping C:\Users\dxu1\Desktop\Dissertation\PTQ\datasets\VOC\images\VOCtest_06-Nov-2007.zip to C:\Users\dxu1\Desktop\Dissertation\PTQ\datasets\VOC\images\VOCdevkit...: 45% ━━━━━╸────── 4753/10357 342.0files/s 12.6s<16.4s
[KUnzipping C:\Users\dxu1\Desktop\Dissertation\PTQ\datasets\VOC\images\VOCtrainval_06-Nov-2007.zip to C:\Users\dxu1\Desktop\Dissertation\PTQ\datasets\VOC\images\VOCdevkit...: 34% ━━━━──────── 3765/10945 257.0files/s 10.4s<27.9s
[KDownloading https://ultralytics.com/assets/VOCtrainval_11-May-2012.zip to 'C:\Users\dxu1\Desktop\Dissertation\PTQ\datasets\VOC\images\VOCtrainval_11-May-2012.zip': 38% ━━━━╸─────── 718.0MB/1.8GB 63.9MB/s 24.2s<17.9s
[KUnzipping C:\Users\dxu1\Desktop\Dissertation\PTQ\datasets\VOC\images\VOCtest_06-Nov-2007.zip to C:\Users\dxu1\Desktop\Dissertation\PTQ\datasets\VOC\images\VOCdevkit...: 46% ━━━━━╸────── 4785/10357 335.0files/s 12.7s<16.6s
[KUnzipping C:\Users\dxu1\Desktop\Dissertation\PTQ\datasets\VOC\images\VOCtrainval_06-Nov-2007.zip to C:\Users\dxu1\Desktop\Dissertation\PTQ\datasets\VOC\images\VOCdevkit...: 34% ━━━━──────── 3804/10945 294.7files/s 10.5s<24.2s
[KUnzipping C:\Users\dxu1\Desktop\Dissertation\PTQ\datasets\VOC\images\VOCtest_06-Nov-2007.zip to C:\Users\dxu1\Desktop\Dissertation\PTQ\datasets\VOC\images\VOCdevkit...: 46% ━━━━━╸────── 4821/10357 342.0files/s 12.8s<16.2s
[KDownloading https://ultralytics.com/assets/VOCtrainval_11-May-2012.zip to 'C:\Users\dxu1\Desktop\Dissertation\PTQ\datasets\VOC\images\VOCtrainval_11-May-2012.zip': 38% ━━━━╸─────── 721.0MB/1.8GB 22.6MB/s 24.3s<50.3s
[KUnzipping C:\Users\dxu1\Desktop\Dissertation\PTQ\datasets\VOC\images\VOCtrainval_06-Nov-2007.zip to C:\Users\dxu1\Desktop\Dissertation\PTQ\datasets\VOC\images\VOCdevkit...: 35% ━━━━──────── 3845/10945 327.9files/s 10.6s<21.7s
[KUnzipping C:\Users\dxu1\Desktop\Dissertation\PTQ\datasets\VOC\images\VOCtest_06-Nov-2007.zip to C:\Users\dxu1\Desktop\Dissertation\PTQ\datasets\VOC\images\VOCdevkit...: 46% ━━━━━╸────── 4863/10357 362.9files/s 12.9s<15.1s
[KDownloading https://ultralytics.com/assets/VOCtrainval_11-May-2012.zip to 'C:\Users\dxu1\Desktop\Dissertation\PTQ\datasets\VOC\images\VOCtrainval_11-May-2012.zip': 39% ━━━━╸─────── 729.0MB/1.8GB 76.3MB/s 24.4s<14.8s
[KUnzipping C:\Users\dxu1\Desktop\Dissertation\PTQ\datasets\VOC\images\VOCtrainval_06-Nov-2007.zip to C:\Users\dxu1\Desktop\Dissertation\PTQ\datasets\VOC\images\VOCdevkit...: 35% ━━━━──────── 3880/10945 333.0files/s 10.7s<21.2s
[KUnzipping C:\Users\dxu1\Desktop\Dissertation\PTQ\datasets\VOC\images\VOCtest_06-Nov-2007.zip to C:\Users\dxu1\Desktop\Dissertation\PTQ\datasets\VOC\images\VOCdevkit...: 47% ━━━━━╸────── 4900/10357 356.4files/s 13.0s<15.3s
[KDownloading https://ultralytics.com/assets/VOCtrainval_11-May-2012.zip to 'C:\Users\dxu1\Desktop\Dissertation\PTQ\datasets\VOC\images\VOCtrainval_11-May-2012.zip': 39% ━━━━╸─────── 731.0MB/1.8GB 14.7MB/s 24.6s<1:17
[KUnzipping C:\Users\dxu1\Desktop\Dissertation\PTQ\datasets\VOC\images\VOCtrainval_06-Nov-2007.zip to C:\Users\dxu1\Desktop\Dissertation\PTQ\datasets\VOC\images\VOCdevkit...: 35% ━━━━──────── 3917/10945 343.4files/s 10.8s<20.5s
[KUnzipping C:\Users\dxu1\Desktop\Dissertation\PTQ\datasets\VOC\images\VOCtest_06-Nov-2007.zip to C:\Users\dxu1\Desktop\Dissertation\PTQ\datasets\VOC\images\VOCdevkit...: 47% ━━━━━╸────── 4936/10357 357.1files/s 13.1s<15.2s
[KUnzipping C:\Users\dxu1\Desktop\Dissertation\PTQ\datasets\VOC\images\VOCtrainval_06-Nov-2007.zip to C:\Users\dxu1\Desktop\Dissertation\PTQ\datasets\VOC\images\VOCdevkit...: 36% ━━━━──────── 3948/10945 333.0files/s 10.9s<21.0s
[KDownloading https://ultralytics.com/assets/VOCtrainval_11-May-2012.zip to 'C:\Users\dxu1\Desktop\Dissertation\PTQ\datasets\VOC\images\VOCtrainval_11-May-2012.zip': 39% ━━━━╸─────── 737.0MB/1.8GB 54.3MB/s 24.7s<20.7s
[KUnzipping C:\Users\dxu1\Desktop\Dissertation\PTQ\datasets\VOC\images\VOCtest_06-Nov-2007.zip to C:\Users\dxu1\Desktop\Dissertation\PTQ\datasets\VOC\images\VOCdevkit...: 47% ━━━━━╸────── 4969/10357 346.1files/s 13.2s<15.6s
[KUnzipping C:\Users\dxu1\Desktop\Dissertation\PTQ\datasets\VOC\images\VOCtrainval_06-Nov-2007.zip to C:\Users\dxu1\Desktop\Dissertation\PTQ\datasets\VOC\images\VOCdevkit...: 36% ━━━━──────── 3985/10945 342.5files/s 11.0s<20.3s
[KUnzipping C:\Users\dxu1\Desktop\Dissertation\PTQ\datasets\VOC\images\VOCtest_06-Nov-2007.zip to C:\Users\dxu1\Desktop\Dissertation\PTQ\datasets\VOC\images\VOCdevkit...: 48% ━━━━━╸────── 4997/10357 324.6files/s 13.3s<16.5s
[KDownloading https://ultralytics.com/assets/VOCtrainval_11-May-2012.zip to 'C:\Users\dxu1\Desktop\Dissertation\PTQ\datasets\VOC\images\VOCtrainval_11-May-2012.zip': 39% ━━━━╸─────── 741.0MB/1.8GB 23.7MB/s 24.9s<47.2s
[KUnzipping C:\Users\dxu1\Desktop\Dissertation\PTQ\datasets\VOC\images\VOCtrainval_06-Nov-2007.zip to C:\Users\dxu1\Desktop\Dissertation\PTQ\datasets\VOC\images\VOCdevkit...: 36% ━━━━──────── 4019/10945 341.1files/s 11.1s<20.3s
[KUnzipping C:\Users\dxu1\Desktop\Dissertation\PTQ\datasets\VOC\images\VOCtest_06-Nov-2007.zip to C:\Users\dxu1\Desktop\Dissertation\PTQ\datasets\VOC\images\VOCdevkit...: 48% ━━━━━╸────── 5038/10357 346.8files/s 13.4s<15.3s
[KDownloading https://ultralytics.com/assets/VOCtrainval_11-May-2012.zip to 'C:\Users\dxu1\Desktop\Dissertation\PTQ\datasets\VOC\images\VOCtrainval_11-May-2012.zip': 40% ━━━━╸─────── 746.0MB/1.8GB 48.3MB/s 25.0s<23.1s
[KUnzipping C:\Users\dxu1\Desktop\Dissertation\PTQ\datasets\VOC\images\VOCtrainval_06-Nov-2007.zip to C:\Users\dxu1\Desktop\Dissertation\PTQ\datasets\VOC\images\VOCdevkit...: 37% ━━━━──────── 4055/10945 346.1files/s 11.2s<19.9s
[KUnzipping C:\Users\dxu1\Desktop\Dissertation\PTQ\datasets\VOC\images\VOCtest_06-Nov-2007.zip to C:\Users\dxu1\Desktop\Dissertation\PTQ\datasets\VOC\images\VOCdevkit...: 48% ━━━━━╸────── 5069/10357 331.3files/s 13.5s<16.0s
[KDownloading https://ultralytics.com/assets/VOCtrainval_11-May-2012.zip to 'C:\Users\dxu1\Desktop\Dissertation\PTQ\datasets\VOC\images\VOCtrainval_11-May-2012.zip': 40% ━━━━╸─────── 750.0MB/1.8GB 32.3MB/s 25.1s<34.4s
[KUnzipping C:\Users\dxu1\Desktop\Dissertation\PTQ\datasets\VOC\images\VOCtrainval_06-Nov-2007.zip to C:\Users\dxu1\Desktop\Dissertation\PTQ\datasets\VOC\images\VOCdevkit...: 37% ━━━━──────── 4081/10945 314.4files/s 11.3s<21.8s
[KUnzipping C:\Users\dxu1\Desktop\Dissertation\PTQ\datasets\VOC\images\VOCtest_06-Nov-2007.zip to C:\Users\dxu1\Desktop\Dissertation\PTQ\datasets\VOC\images\VOCdevkit...: 49% ━━━━━╸────── 5105/10357 338.8files/s 13.6s<15.5s
[KDownloading https://ultralytics.com/assets/VOCtrainval_11-May-2012.zip to 'C:\Users\dxu1\Desktop\Dissertation\PTQ\datasets\VOC\images\VOCtrainval_11-May-2012.zip': 40% ━━━━╸─────── 752.0MB/1.8GB 19.1MB/s 25.2s<58.0s
[KUnzipping C:\Users\dxu1\Desktop\Dissertation\PTQ\datasets\VOC\images\VOCtrainval_06-Nov-2007.zip to C:\Users\dxu1\Desktop\Dissertation\PTQ\datasets\VOC\images\VOCdevkit...: 37% ━━━━╸─────── 4117/10945 325.5files/s 11.4s<21.0s
[KUnzipping C:\Users\dxu1\Desktop\Dissertation\PTQ\datasets\VOC\images\VOCtest_06-Nov-2007.zip to C:\Users\dxu1\Desktop\Dissertation\PTQ\datasets\VOC\images\VOCdevkit...: 49% ━━━━━╸────── 5133/10357 319.3files/s 13.7s<16.4s
[KDownloading https://ultralytics.com/assets/VOCtrainval_11-May-2012.zip to 'C:\Users\dxu1\Desktop\Dissertation\PTQ\datasets\VOC\images\VOCtrainval_11-May-2012.zip': 40% ━━━━╸─────── 760.0MB/1.8GB 79.0MB/s 25.3s<13.9s
[KUnzipping C:\Users\dxu1\Desktop\Dissertation\PTQ\datasets\VOC\images\VOCtrainval_06-Nov-2007.zip to C:\Users\dxu1\Desktop\Dissertation\PTQ\datasets\VOC\images\VOCdevkit...: 37% ━━━━╸─────── 4150/10945 326.6files/s 11.5s<20.8s
[KUnzipping C:\Users\dxu1\Desktop\Dissertation\PTQ\datasets\VOC\images\VOCtest_06-Nov-2007.zip to C:\Users\dxu1\Desktop\Dissertation\PTQ\datasets\VOC\images\VOCdevkit...: 49% ━━━━━╸────── 5166/10357 322.5files/s 13.8s<16.1s
[KUnzipping C:\Users\dxu1\Desktop\Dissertation\PTQ\datasets\VOC\images\VOCtrainval_06-Nov-2007.zip to C:\Users\dxu1\Desktop\Dissertation\PTQ\datasets\VOC\images\VOCdevkit...: 38% ━━━━╸─────── 4185/10945 331.8files/s 11.6s<20.4s
[KUnzipping C:\Users\dxu1\Desktop\Dissertation\PTQ\datasets\VOC\images\VOCtest_06-Nov-2007.zip to C:\Users\dxu1\Desktop\Dissertation\PTQ\datasets\VOC\images\VOCdevkit...: 50% ━━━━━━────── 5197/10357 317.5files/s 13.9s<16.3s
[KDownloading https://ultralytics.com/assets/VOCtrainval_11-May-2012.zip to 'C:\Users\dxu1\Desktop\Dissertation\PTQ\datasets\VOC\images\VOCtrainval_11-May-2012.zip': 41% ━━━━╸─────── 764.0MB/1.8GB 27.4MB/s 25.4s<40.0s
[KUnzipping C:\Users\dxu1\Desktop\Dissertation\PTQ\datasets\VOC\images\VOCtrainval_06-Nov-2007.zip to C:\Users\dxu1\Desktop\Dissertation\PTQ\datasets\VOC\images\VOCdevkit...: 38% ━━━━╸─────── 4222/10945 340.7files/s 11.7s<19.7s
[KUnzipping C:\Users\dxu1\Desktop\Dissertation\PTQ\datasets\VOC\images\VOCtest_06-Nov-2007.zip to C:\Users\dxu1\Desktop\Dissertation\PTQ\datasets\VOC\images\VOCdevkit...: 50% ━━━━━━────── 5234/10357 330.8files/s 14.0s<15.5s
[KDownloading https://ultralytics.com/assets/VOCtrainval_11-May-2012.zip to 'C:\Users\dxu1\Desktop\Dissertation\PTQ\datasets\VOC\images\VOCtrainval_11-May-2012.zip': 41% ━━━━╸─────── 770.0MB/1.8GB 59.4MB/s 25.5s<18.3s
[KUnzipping C:\Users\dxu1\Desktop\Dissertation\PTQ\datasets\VOC\images\VOCtrainval_06-Nov-2007.zip to C:\Users\dxu1\Desktop\Dissertation\PTQ\datasets\VOC\images\VOCdevkit...: 38% ━━━━╸─────── 4260/10945 349.4files/s 11.8s<19.1s
[KDownloading https://ultralytics.com/assets/VOCtrainval_11-May-2012.zip to 'C:\Users\dxu1\Desktop\Dissertation\PTQ\datasets\VOC\images\VOCtrainval_11-May-2012.zip': 41% ━━━━╸─────── 773.0MB/1.8GB 29.6MB/s 25.6s<36.8s
[KUnzipping C:\Users\dxu1\Desktop\Dissertation\PTQ\datasets\VOC\images\VOCtest_06-Nov-2007.zip to C:\Users\dxu1\Desktop\Dissertation\PTQ\datasets\VOC\images\VOCdevkit...: 50% ━━━━━━────── 5266/10357 324.3files/s 14.1s<15.7s
[KUnzipping C:\Users\dxu1\Desktop\Dissertation\PTQ\datasets\VOC\images\VOCtrainval_06-Nov-2007.zip to C:\Users\dxu1\Desktop\Dissertation\PTQ\datasets\VOC\images\VOCdevkit...: 39% ━━━━╸─────── 4295/10945 348.8files/s 11.9s<19.1s
[KUnzipping C:\Users\dxu1\Desktop\Dissertation\PTQ\datasets\VOC\images\VOCtest_06-Nov-2007.zip to C:\Users\dxu1\Desktop\Dissertation\PTQ\datasets\VOC\images\VOCdevkit...: 51% ━━━━━━────── 5306/10357 344.2files/s 14.2s<14.7s
[KDownloading https://ultralytics.com/assets/VOCtrainval_11-May-2012.zip to 'C:\Users\dxu1\Desktop\Dissertation\PTQ\datasets\VOC\images\VOCtrainval_11-May-2012.zip': 41% ━━━━━─────── 777.0MB/1.8GB 32.2MB/s 25.8s<33.6s
[KUnzipping C:\Users\dxu1\Desktop\Dissertation\PTQ\datasets\VOC\images\VOCtrainval_06-Nov-2007.zip to C:\Users\dxu1\Desktop\Dissertation\PTQ\datasets\VOC\images\VOCdevkit...: 39% ━━━━╸─────── 4334/10945 358.5files/s 12.0s<18.4s
[KUnzipping C:\Users\dxu1\Desktop\Dissertation\PTQ\datasets\VOC\images\VOCtest_06-Nov-2007.zip to C:\Users\dxu1\Desktop\Dissertation\PTQ\datasets\VOC\images\VOCdevkit...: 51% ━━━━━━────── 5347/10357 361.2files/s 14.3s<13.9s
[KDownloading https://ultralytics.com/assets/VOCtrainval_11-May-2012.zip to 'C:\Users\dxu1\Desktop\Dissertation\PTQ\datasets\VOC\images\VOCtrainval_11-May-2012.zip': 41% ━━━━━─────── 781.0MB/1.8GB 31.7MB/s 25.9s<34.1s
[KUnzipping C:\Users\dxu1\Desktop\Dissertation\PTQ\datasets\VOC\images\VOCtrainval_06-Nov-2007.zip to C:\Users\dxu1\Desktop\Dissertation\PTQ\datasets\VOC\images\VOCdevkit...: 39% ━━━━╸─────── 4374/10945 370.5files/s 12.1s<17.7s
[KUnzipping C:\Users\dxu1\Desktop\Dissertation\PTQ\datasets\VOC\images\VOCtest_06-Nov-2007.zip to C:\Users\dxu1\Desktop\Dissertation\PTQ\datasets\VOC\images\VOCdevkit...: 52% ━━━━━━────── 5388/10357 372.2files/s 14.4s<13.3s
[KDownloading https://ultralytics.com/assets/VOCtrainval_11-May-2012.zip to 'C:\Users\dxu1\Desktop\Dissertation\PTQ\datasets\VOC\images\VOCtrainval_11-May-2012.zip': 42% ━━━━━─────── 785.0MB/1.8GB 36.3MB/s 26.0s<29.6s
[KUnzipping C:\Users\dxu1\Desktop\Dissertation\PTQ\datasets\VOC\images\VOCtrainval_06-Nov-2007.zip to C:\Users\dxu1\Desktop\Dissertation\PTQ\datasets\VOC\images\VOCdevkit...: 40% ━━━━╸─────── 4409/10945 362.7files/s 12.2s<18.0s
[KUnzipping C:\Users\dxu1\Desktop\Dissertation\PTQ\datasets\VOC\images\VOCtest_06-Nov-2007.zip to C:\Users\dxu1\Desktop\Dissertation\PTQ\datasets\VOC\images\VOCdevkit...: 52% ━━━━━━────── 5421/10357 357.8files/s 14.5s<13.8s
[KDownloading https://ultralytics.com/assets/VOCtrainval_11-May-2012.zip to 'C:\Users\dxu1\Desktop\Dissertation\PTQ\datasets\VOC\images\VOCtrainval_11-May-2012.zip': 42% ━━━━━─────── 789.0MB/1.8GB 35.6MB/s 26.1s<30.1s
[KUnzipping C:\Users\dxu1\Desktop\Dissertation\PTQ\datasets\VOC\images\VOCtrainval_06-Nov-2007.zip to C:\Users\dxu1\Desktop\Dissertation\PTQ\datasets\VOC\images\VOCdevkit...: 40% ━━━━╸─────── 4445/10945 359.7files/s 12.3s<18.1s
[KUnzipping C:\Users\dxu1\Desktop\Dissertation\PTQ\datasets\VOC\images\VOCtest_06-Nov-2007.zip to C:\Users\dxu1\Desktop\Dissertation\PTQ\datasets\VOC\images\VOCdevkit...: 52% ━━━━━━────── 5453/10357 345.3files/s 14.6s<14.2s
[KUnzipping C:\Users\dxu1\Desktop\Dissertation\PTQ\datasets\VOC\images\VOCtrainval_06-Nov-2007.zip to C:\Users\dxu1\Desktop\Dissertation\PTQ\datasets\VOC\images\VOCdevkit...: 40% ━━━━╸─────── 4485/10945 366.4files/s 12.4s<17.6s
[KDownloading https://ultralytics.com/assets/VOCtrainval_11-May-2012.zip to 'C:\Users\dxu1\Desktop\Dissertation\PTQ\datasets\VOC\images\VOCtrainval_11-May-2012.zip': 42% ━━━━━─────── 791.0MB/1.8GB 14.4MB/s 26.3s<1:14
[KUnzipping C:\Users\dxu1\Desktop\Dissertation\PTQ\datasets\VOC\images\VOCtest_06-Nov-2007.zip to C:\Users\dxu1\Desktop\Dissertation\PTQ\datasets\VOC\images\VOCdevkit...: 52% ━━━━━━────── 5488/10357 345.4files/s 14.7s<14.1s
[KUnzipping C:\Users\dxu1\Desktop\Dissertation\PTQ\datasets\VOC\images\VOCtrainval_06-Nov-2007.zip to C:\Users\dxu1\Desktop\Dissertation\PTQ\datasets\VOC\images\VOCdevkit...: 41% ━━━━╸─────── 4530/10945 385.6files/s 12.5s<16.6s
[KUnzipping C:\Users\dxu1\Desktop\Dissertation\PTQ\datasets\VOC\images\VOCtest_06-Nov-2007.zip to C:\Users\dxu1\Desktop\Dissertation\PTQ\datasets\VOC\images\VOCdevkit...: 53% ━━━━━━────── 5529/10357 364.6files/s 14.8s<13.2s
[KDownloading https://ultralytics.com/assets/VOCtrainval_11-May-2012.zip to 'C:\Users\dxu1\Desktop\Dissertation\PTQ\datasets\VOC\images\VOCtrainval_11-May-2012.zip': 42% ━━━━━─────── 794.0MB/1.8GB 23.4MB/s 26.4s<45.5s
[KUnzipping C:\Users\dxu1\Desktop\Dissertation\PTQ\datasets\VOC\images\VOCtrainval_06-Nov-2007.zip to C:\Users\dxu1\Desktop\Dissertation\PTQ\datasets\VOC\images\VOCdevkit...: 41% ━━━━━─────── 4568/10945 376.5files/s 12.7s<16.9s
[KUnzipping C:\Users\dxu1\Desktop\Dissertation\PTQ\datasets\VOC\images\VOCtest_06-Nov-2007.zip to C:\Users\dxu1\Desktop\Dissertation\PTQ\datasets\VOC\images\VOCdevkit...: 53% ━━━━━━────── 5564/10357 355.6files/s 14.9s<13.5s
[KUnzipping C:\Users\dxu1\Desktop\Dissertation\PTQ\datasets\VOC\images\VOCtrainval_06-Nov-2007.zip to C:\Users\dxu1\Desktop\Dissertation\PTQ\datasets\VOC\images\VOCdevkit...: 42% ━━━━━─────── 4616/10945 407.0files/s 12.8s<15.5s
[KUnzipping C:\Users\dxu1\Desktop\Dissertation\PTQ\datasets\VOC\images\VOCtest_06-Nov-2007.zip to C:\Users\dxu1\Desktop\Dissertation\PTQ\datasets\VOC\images\VOCdevkit...: 54% ━━━━━━────── 5606/10357 371.7files/s 15.0s<12.8s
[KDownloading https://ultralytics.com/assets/VOCtrainval_11-May-2012.zip to 'C:\Users\dxu1\Desktop\Dissertation\PTQ\datasets\VOC\images\VOCtrainval_11-May-2012.zip': 43% ━━━━━─────── 801.0MB/1.8GB 38.9MB/s 26.6s<27.2s
[KUnzipping C:\Users\dxu1\Desktop\Dissertation\PTQ\datasets\VOC\images\VOCtrainval_06-Nov-2007.zip to C:\Users\dxu1\Desktop\Dissertation\PTQ\datasets\VOC\images\VOCdevkit...: 42% ━━━━━─────── 4646/10945 374.4files/s 12.9s<16.8s
[KUnzipping C:\Users\dxu1\Desktop\Dissertation\PTQ\datasets\VOC\images\VOCtest_06-Nov-2007.zip to C:\Users\dxu1\Desktop\Dissertation\PTQ\datasets\VOC\images\VOCdevkit...: 54% ━━━━━━╸───── 5631/10357 334.4files/s 15.1s<14.1s
[KDownloading https://ultralytics.com/assets/VOCtrainval_11-May-2012.zip to 'C:\Users\dxu1\Desktop\Dissertation\PTQ\datasets\VOC\images\VOCtrainval_11-May-2012.zip': 43% ━━━━━─────── 809.0MB/1.8GB 77.0MB/s 26.7s<13.6s
[KUnzipping C:\Users\dxu1\Desktop\Dissertation\PTQ\datasets\VOC\images\VOCtrainval_06-Nov-2007.zip to C:\Users\dxu1\Desktop\Dissertation\PTQ\datasets\VOC\images\VOCdevkit...: 42% ━━━━━─────── 4691/10945 396.6files/s 13.0s<15.8s
[KUnzipping C:\Users\dxu1\Desktop\Dissertation\PTQ\datasets\VOC\images\VOCtest_06-Nov-2007.zip to C:\Users\dxu1\Desktop\Dissertation\PTQ\datasets\VOC\images\VOCdevkit...: 54% ━━━━━━╸───── 5671/10357 353.0files/s 15.2s<13.3s
[KDownloading https://ultralytics.com/assets/VOCtrainval_11-May-2012.zip to 'C:\Users\dxu1\Desktop\Dissertation\PTQ\datasets\VOC\images\VOCtrainval_11-May-2012.zip': 43% ━━━━━─────── 811.0MB/1.8GB 18.2MB/s 26.8s<57.7s
[KUnzipping C:\Users\dxu1\Desktop\Dissertation\PTQ\datasets\VOC\images\VOCtrainval_06-Nov-2007.zip to C:\Users\dxu1\Desktop\Dissertation\PTQ\datasets\VOC\images\VOCdevkit...: 43% ━━━━━─────── 4731/10945 396.4files/s 13.1s<15.7s
[KUnzipping C:\Users\dxu1\Desktop\Dissertation\PTQ\datasets\VOC\images\VOCtest_06-Nov-2007.zip to C:\Users\dxu1\Desktop\Dissertation\PTQ\datasets\VOC\images\VOCdevkit...: 55% ━━━━━━╸───── 5708/10357 355.5files/s 15.3s<13.1s
[KDownloading https://ultralytics.com/assets/VOCtrainval_11-May-2012.zip to 'C:\Users\dxu1\Desktop\Dissertation\PTQ\datasets\VOC\images\VOCtrainval_11-May-2012.zip': 44% ━━━━━─────── 819.0MB/1.8GB 79.1MB/s 26.9s<13.2s
[KUnzipping C:\Users\dxu1\Desktop\Dissertation\PTQ\datasets\VOC\images\VOCtrainval_06-Nov-2007.zip to C:\Users\dxu1\Desktop\Dissertation\PTQ\datasets\VOC\images\VOCdevkit...: 43% ━━━━━─────── 4775/10945 407.0files/s 13.2s<15.2s
[KUnzipping C:\Users\dxu1\Desktop\Dissertation\PTQ\datasets\VOC\images\VOCtest_06-Nov-2007.zip to C:\Users\dxu1\Desktop\Dissertation\PTQ\datasets\VOC\images\VOCdevkit...: 55% ━━━━━━╸───── 5744/10357 356.2files/s 15.4s<13.0s
[KDownloading https://ultralytics.com/assets/VOCtrainval_11-May-2012.zip to 'C:\Users\dxu1\Desktop\Dissertation\PTQ\datasets\VOC\images\VOCtrainval_11-May-2012.zip': 44% ━━━━━─────── 822.0MB/1.8GB 29.8MB/s 27.0s<34.8s
[KUnzipping C:\Users\dxu1\Desktop\Dissertation\PTQ\datasets\VOC\images\VOCtrainval_06-Nov-2007.zip to C:\Users\dxu1\Desktop\Dissertation\PTQ\datasets\VOC\images\VOCdevkit...: 43% ━━━━━─────── 4808/10945 381.5files/s 13.3s<16.1s
[KUnzipping C:\Users\dxu1\Desktop\Dissertation\PTQ\datasets\VOC\images\VOCtest_06-Nov-2007.zip to C:\Users\dxu1\Desktop\Dissertation\PTQ\datasets\VOC\images\VOCdevkit...: 55% ━━━━━━╸───── 5780/10357 355.2files/s 15.5s<12.9s
[KDownloading https://ultralytics.com/assets/VOCtrainval_11-May-2012.zip to 'C:\Users\dxu1\Desktop\Dissertation\PTQ\datasets\VOC\images\VOCtrainval_11-May-2012.zip': 44% ━━━━━─────── 827.0MB/1.8GB 38.0MB/s 27.1s<27.2s
[KUnzipping C:\Users\dxu1\Desktop\Dissertation\PTQ\datasets\VOC\images\VOCtrainval_06-Nov-2007.zip to C:\Users\dxu1\Desktop\Dissertation\PTQ\datasets\VOC\images\VOCdevkit...: 44% ━━━━━─────── 4844/10945 369.1files/s 13.4s<16.5s
[KUnzipping C:\Users\dxu1\Desktop\Dissertation\PTQ\datasets\VOC\images\VOCtest_06-Nov-2007.zip to C:\Users\dxu1\Desktop\Dissertation\PTQ\datasets\VOC\images\VOCdevkit...: 56% ━━━━━━╸───── 5802/10357 314.1files/s 15.6s<14.5s
[KUnzipping C:\Users\dxu1\Desktop\Dissertation\PTQ\datasets\VOC\images\VOCtrainval_06-Nov-2007.zip to C:\Users\dxu1\Desktop\Dissertation\PTQ\datasets\VOC\images\VOCdevkit...: 44% ━━━━━─────── 4891/10945 397.9files/s 13.5s<15.2s
[KDownloading https://ultralytics.com/assets/VOCtrainval_11-May-2012.zip to 'C:\Users\dxu1\Desktop\Dissertation\PTQ\datasets\VOC\images\VOCtrainval_11-May-2012.zip': 44% ━━━━━─────── 831.0MB/1.8GB 27.8MB/s 27.3s<37.0s
[KUnzipping C:\Users\dxu1\Desktop\Dissertation\PTQ\datasets\VOC\images\VOCtest_06-Nov-2007.zip to C:\Users\dxu1\Desktop\Dissertation\PTQ\datasets\VOC\images\VOCdevkit...: 56% ━━━━━━╸───── 5840/10357 332.8files/s 15.7s<13.6s
[KUnzipping C:\Users\dxu1\Desktop\Dissertation\PTQ\datasets\VOC\images\VOCtrainval_06-Nov-2007.zip to C:\Users\dxu1\Desktop\Dissertation\PTQ\datasets\VOC\images\VOCdevkit...: 45% ━━━━━─────── 4934/10945 407.3files/s 13.6s<14.8s
[KDownloading https://ultralytics.com/assets/VOCtrainval_11-May-2012.zip to 'C:\Users\dxu1\Desktop\Dissertation\PTQ\datasets\VOC\images\VOCtrainval_11-May-2012.zip': 45% ━━━━━─────── 838.0MB/1.8GB 69.4MB/s 27.4s<14.7s
[KUnzipping C:\Users\dxu1\Desktop\Dissertation\PTQ\datasets\VOC\images\VOCtest_06-Nov-2007.zip to C:\Users\dxu1\Desktop\Dissertation\PTQ\datasets\VOC\images\VOCdevkit...: 56% ━━━━━━╸───── 5878/10357 345.3files/s 15.8s<13.0s
[KUnzipping C:\Users\dxu1\Desktop\Dissertation\PTQ\datasets\VOC\images\VOCtrainval_06-Nov-2007.zip to C:\Users\dxu1\Desktop\Dissertation\PTQ\datasets\VOC\images\VOCdevkit...: 45% ━━━━━─────── 4978/10945 416.5files/s 13.7s<14.3s
[KDownloading https://ultralytics.com/assets/VOCtrainval_11-May-2012.zip to 'C:\Users\dxu1\Desktop\Dissertation\PTQ\datasets\VOC\images\VOCtrainval_11-May-2012.zip': 45% ━━━━━─────── 841.0MB/1.8GB 25.1MB/s 27.5s<40.6s
[KUnzipping C:\Users\dxu1\Desktop\Dissertation\PTQ\datasets\VOC\images\VOCtest_06-Nov-2007.zip to C:\Users\dxu1\Desktop\Dissertation\PTQ\datasets\VOC\images\VOCdevkit...: 57% ━━━━━━╸───── 5920/10357 364.5files/s 15.9s<12.2s
[KUnzipping C:\Users\dxu1\Desktop\Dissertation\PTQ\datasets\VOC\images\VOCtrainval_06-Nov-2007.zip to C:\Users\dxu1\Desktop\Dissertation\PTQ\datasets\VOC\images\VOCdevkit...: 45% ━━━━━╸────── 5023/10945 424.4files/s 13.8s<14.0s
[KDownloading https://ultralytics.com/assets/VOCtrainval_11-May-2012.zip to 'C:\Users\dxu1\Desktop\Dissertation\PTQ\datasets\VOC\images\VOCtrainval_11-May-2012.zip': 45% ━━━━━─────── 847.0MB/1.8GB 59.7MB/s 27.6s<17.0s
[KUnzipping C:\Users\dxu1\Desktop\Dissertation\PTQ\datasets\VOC\images\VOCtest_06-Nov-2007.zip to C:\Users\dxu1\Desktop\Dissertation\PTQ\datasets\VOC\images\VOCdevkit...: 57% ━━━━━━╸───── 5955/10357 357.9files/s 16.0s<12.3s
[KUnzipping C:\Users\dxu1\Desktop\Dissertation\PTQ\datasets\VOC\images\VOCtrainval_06-Nov-2007.zip to C:\Users\dxu1\Desktop\Dissertation\PTQ\datasets\VOC\images\VOCdevkit...: 46% ━━━━━╸────── 5055/10945 389.9files/s 13.9s<15.1s
[KUnzipping C:\Users\dxu1\Desktop\Dissertation\PTQ\datasets\VOC\images\VOCtest_06-Nov-2007.zip to C:\Users\dxu1\Desktop\Dissertation\PTQ\datasets\VOC\images\VOCdevkit...: 57% ━━━━━━╸───── 5988/10357 346.7files/s 16.1s<12.6s
[KDownloading https://ultralytics.com/assets/VOCtrainval_11-May-2012.zip to 'C:\Users\dxu1\Desktop\Dissertation\PTQ\datasets\VOC\images\VOCtrainval_11-May-2012.zip': 45% ━━━━━─────── 851.0MB/1.8GB 26.5MB/s 27.7s<38.1s
[KUnzipping C:\Users\dxu1\Desktop\Dissertation\PTQ\datasets\VOC\images\VOCtrainval_06-Nov-2007.zip to C:\Users\dxu1\Desktop\Dissertation\PTQ\datasets\VOC\images\VOCdevkit...: 46% ━━━━━╸────── 5094/10945 388.5files/s 14.0s<15.1s
[KUnzipping C:\Users\dxu1\Desktop\Dissertation\PTQ\datasets\VOC\images\VOCtest_06-Nov-2007.zip to C:\Users\dxu1\Desktop\Dissertation\PTQ\datasets\VOC\images\VOCdevkit...: 58% ━━━━━━╸───── 6017/10357 328.8files/s 16.2s<13.2s
[KUnzipping C:\Users\dxu1\Desktop\Dissertation\PTQ\datasets\VOC\images\VOCtrainval_06-Nov-2007.zip to C:\Users\dxu1\Desktop\Dissertation\PTQ\datasets\VOC\images\VOCdevkit...: 46% ━━━━━╸────── 5137/10945 398.6files/s 14.1s<14.6s
[KDownloading https://ultralytics.com/assets/VOCtrainval_11-May-2012.zip to 'C:\Users\dxu1\Desktop\Dissertation\PTQ\datasets\VOC\images\VOCtrainval_11-May-2012.zip': 46% ━━━━━╸────── 856.0MB/1.8GB 33.5MB/s 27.9s<29.9s
[KUnzipping C:\Users\dxu1\Desktop\Dissertation\PTQ\datasets\VOC\images\VOCtest_06-Nov-2007.zip to C:\Users\dxu1\Desktop\Dissertation\PTQ\datasets\VOC\images\VOCdevkit...: 58% ━━━━━━━───── 6053/10357 336.5files/s 16.4s<12.8s
[KUnzipping C:\Users\dxu1\Desktop\Dissertation\PTQ\datasets\VOC\images\VOCtrainval_06-Nov-2007.zip to C:\Users\dxu1\Desktop\Dissertation\PTQ\datasets\VOC\images\VOCdevkit...: 47% ━━━━━╸────── 5174/10945 387.9files/s 14.2s<14.9s
[KUnzipping C:\Users\dxu1\Desktop\Dissertation\PTQ\datasets\VOC\images\VOCtest_06-Nov-2007.zip to C:\Users\dxu1\Desktop\Dissertation\PTQ\datasets\VOC\images\VOCdevkit...: 58% ━━━━━━━───── 6090/10357 345.6files/s 16.5s<12.3s
[KDownloading https://ultralytics.com/assets/VOCtrainval_11-May-2012.zip to 'C:\Users\dxu1\Desktop\Dissertation\PTQ\datasets\VOC\images\VOCtrainval_11-May-2012.zip': 46% ━━━━━╸────── 861.0MB/1.8GB 29.2MB/s 28.0s<34.2s
[KUnzipping C:\Users\dxu1\Desktop\Dissertation\PTQ\datasets\VOC\images\VOCtrainval_06-Nov-2007.zip to C:\Users\dxu1\Desktop\Dissertation\PTQ\datasets\VOC\images\VOCdevkit...: 47% ━━━━━╸────── 5219/10945 404.1files/s 14.3s<14.2s
[KUnzipping C:\Users\dxu1\Desktop\Dissertation\PTQ\datasets\VOC\images\VOCtest_06-Nov-2007.zip to C:\Users\dxu1\Desktop\Dissertation\PTQ\datasets\VOC\images\VOCdevkit...: 59% ━━━━━━━───── 6129/10357 358.7files/s 16.6s<11.8s
[KUnzipping C:\Users\dxu1\Desktop\Dissertation\PTQ\datasets\VOC\images\VOCtrainval_06-Nov-2007.zip to C:\Users\dxu1\Desktop\Dissertation\PTQ\datasets\VOC\images\VOCdevkit...: 48% ━━━━━╸────── 5267/10945 426.4files/s 14.4s<13.3s
[KUnzipping C:\Users\dxu1\Desktop\Dissertation\PTQ\datasets\VOC\images\VOCtest_06-Nov-2007.zip to C:\Users\dxu1\Desktop\Dissertation\PTQ\datasets\VOC\images\VOCdevkit...: 59% ━━━━━━━───── 6168/10357 364.3files/s 16.7s<11.5s
[KDownloading https://ultralytics.com/assets/VOCtrainval_11-May-2012.zip to 'C:\Users\dxu1\Desktop\Dissertation\PTQ\datasets\VOC\images\VOCtrainval_11-May-2012.zip': 46% ━━━━━╸────── 867.0MB/1.8GB 41.1MB/s 28.2s<24.2s
[KUnzipping C:\Users\dxu1\Desktop\Dissertation\PTQ\datasets\VOC\images\VOCtrainval_06-Nov-2007.zip to C:\Users\dxu1\Desktop\Dissertation\PTQ\datasets\VOC\images\VOCdevkit...: 48% ━━━━━╸────── 5312/10945 433.2files/s 14.5s<13.0s
[KUnzipping C:\Users\dxu1\Desktop\Dissertation\PTQ\datasets\VOC\images\VOCtest_06-Nov-2007.zip to C:\Users\dxu1\Desktop\Dissertation\PTQ\datasets\VOC\images\VOCdevkit...: 59% ━━━━━━━───── 6206/10357 367.6files/s 16.8s<11.3s
[KUnzipping C:\Users\dxu1\Desktop\Dissertation\PTQ\datasets\VOC\images\VOCtrainval_06-Nov-2007.zip to C:\Users\dxu1\Desktop\Dissertation\PTQ\datasets\VOC\images\VOCdevkit...: 48% ━━━━━╸────── 5350/10945 415.5files/s 14.6s<13.5s
[KUnzipping C:\Users\dxu1\Desktop\Dissertation\PTQ\datasets\VOC\images\VOCtest_06-Nov-2007.zip to C:\Users\dxu1\Desktop\Dissertation\PTQ\datasets\VOC\images\VOCdevkit...: 60% ━━━━━━━───── 6245/10357 371.4files/s 16.9s<11.1s
[KDownloading https://ultralytics.com/assets/VOCtrainval_11-May-2012.zip to 'C:\Users\dxu1\Desktop\Dissertation\PTQ\datasets\VOC\images\VOCtrainval_11-May-2012.zip': 46% ━━━━━╸────── 871.0MB/1.8GB 18.9MB/s 28.4s<52.3s
[KUnzipping C:\Users\dxu1\Desktop\Dissertation\PTQ\datasets\VOC\images\VOCtrainval_06-Nov-2007.zip to C:\Users\dxu1\Desktop\Dissertation\PTQ\datasets\VOC\images\VOCdevkit...: 49% ━━━━━╸────── 5391/10945 411.0files/s 14.7s<13.5s
[KUnzipping C:\Users\dxu1\Desktop\Dissertation\PTQ\datasets\VOC\images\VOCtest_06-Nov-2007.zip to C:\Users\dxu1\Desktop\Dissertation\PTQ\datasets\VOC\images\VOCdevkit...: 60% ━━━━━━━───── 6282/10357 370.0files/s 17.0s<11.0s
[KDownloading https://ultralytics.com/assets/VOCtrainval_11-May-2012.zip to 'C:\Users\dxu1\Desktop\Dissertation\PTQ\datasets\VOC\images\VOCtrainval_11-May-2012.zip': 47% ━━━━━╸────── 876.0MB/1.8GB 45.3MB/s 28.5s<21.7s
[KUnzipping C:\Users\dxu1\Desktop\Dissertation\PTQ\datasets\VOC\images\VOCtrainval_06-Nov-2007.zip to C:\Users\dxu1\Desktop\Dissertation\PTQ\datasets\VOC\images\VOCdevkit...: 49% ━━━━━╸────── 5434/10945 413.3files/s 14.8s<13.3s
[KUnzipping C:\Users\dxu1\Desktop\Dissertation\PTQ\datasets\VOC\images\VOCtest_06-Nov-2007.zip to C:\Users\dxu1\Desktop\Dissertation\PTQ\datasets\VOC\images\VOCdevkit...: 61% ━━━━━━━───── 6320/10357 372.3files/s 17.1s<10.8s
[KUnzipping C:\Users\dxu1\Desktop\Dissertation\PTQ\datasets\VOC\images\VOCtrainval_06-Nov-2007.zip to C:\Users\dxu1\Desktop\Dissertation\PTQ\datasets\VOC\images\VOCdevkit...: 50% ━━━━━━────── 5476/10945 414.3files/s 14.9s<13.2s
[KDownloading https://ultralytics.com/assets/VOCtrainval_11-May-2012.zip to 'C:\Users\dxu1\Desktop\Dissertation\PTQ\datasets\VOC\images\VOCtrainval_11-May-2012.zip': 47% ━━━━━╸────── 881.0MB/1.8GB 29.6MB/s 28.7s<33.1s
[KUnzipping C:\Users\dxu1\Desktop\Dissertation\PTQ\datasets\VOC\images\VOCtest_06-Nov-2007.zip to C:\Users\dxu1\Desktop\Dissertation\PTQ\datasets\VOC\images\VOCdevkit...: 61% ━━━━━━━───── 6356/10357 366.0files/s 17.2s<10.9s
[KUnzipping C:\Users\dxu1\Desktop\Dissertation\PTQ\datasets\VOC\images\VOCtrainval_06-Nov-2007.zip to C:\Users\dxu1\Desktop\Dissertation\PTQ\datasets\VOC\images\VOCdevkit...: 50% ━━━━━━────── 5521/10945 424.3files/s 15.0s<12.8s
[KDownloading https://ultralytics.com/assets/VOCtrainval_11-May-2012.zip to 'C:\Users\dxu1\Desktop\Dissertation\PTQ\datasets\VOC\images\VOCtrainval_11-May-2012.zip': 47% ━━━━━╸────── 887.0MB/1.8GB 59.7MB/s 28.8s<16.3s
[KUnzipping C:\Users\dxu1\Desktop\Dissertation\PTQ\datasets\VOC\images\VOCtest_06-Nov-2007.zip to C:\Users\dxu1\Desktop\Dissertation\PTQ\datasets\VOC\images\VOCdevkit...: 61% ━━━━━━━───── 6393/10357 366.4files/s 17.3s<10.8s
[KUnzipping C:\Users\dxu1\Desktop\Dissertation\PTQ\datasets\VOC\images\VOCtrainval_06-Nov-2007.zip to C:\Users\dxu1\Desktop\Dissertation\PTQ\datasets\VOC\images\VOCdevkit...: 50% ━━━━━━────── 5567/10945 434.5files/s 15.1s<12.4s
[KUnzipping C:\Users\dxu1\Desktop\Dissertation\PTQ\datasets\VOC\images\VOCtest_06-Nov-2007.zip to C:\Users\dxu1\Desktop\Dissertation\PTQ\datasets\VOC\images\VOCdevkit...: 62% ━━━━━━━───── 6434/10357 376.8files/s 17.4s<10.4s
[KUnzipping C:\Users\dxu1\Desktop\Dissertation\PTQ\datasets\VOC\images\VOCtrainval_06-Nov-2007.zip to C:\Users\dxu1\Desktop\Dissertation\PTQ\datasets\VOC\images\VOCdevkit...: 51% ━━━━━━────── 5617/10945 453.4files/s 15.2s<11.8s
[KUnzipping C:\Users\dxu1\Desktop\Dissertation\PTQ\datasets\VOC\images\VOCtest_06-Nov-2007.zip to C:\Users\dxu1\Desktop\Dissertation\PTQ\datasets\VOC\images\VOCdevkit...: 62% ━━━━━━━╸──── 6475/10357 383.7files/s 17.5s<10.1s
[KUnzipping C:\Users\dxu1\Desktop\Dissertation\PTQ\datasets\VOC\images\VOCtrainval_06-Nov-2007.zip to C:\Users\dxu1\Desktop\Dissertation\PTQ\datasets\VOC\images\VOCdevkit...: 51% ━━━━━━────── 5654/10945 427.6files/s 15.3s<12.4s
[KUnzipping C:\Users\dxu1\Desktop\Dissertation\PTQ\datasets\VOC\images\VOCtest_06-Nov-2007.zip to C:\Users\dxu1\Desktop\Dissertation\PTQ\datasets\VOC\images\VOCdevkit...: 62% ━━━━━━━╸──── 6503/10357 351.9files/s 17.6s<11.0s
[KUnzipping C:\Users\dxu1\Desktop\Dissertation\PTQ\datasets\VOC\images\VOCtrainval_06-Nov-2007.zip to C:\Users\dxu1\Desktop\Dissertation\PTQ\datasets\VOC\images\VOCdevkit...: 51% ━━━━━━────── 5685/10945 391.1files/s 15.4s<13.4s
[KUnzipping C:\Users\dxu1\Desktop\Dissertation\PTQ\datasets\VOC\images\VOCtest_06-Nov-2007.zip to C:\Users\dxu1\Desktop\Dissertation\PTQ\datasets\VOC\images\VOCdevkit...: 63% ━━━━━━━╸──── 6539/10357 350.6files/s 17.7s<10.9s
[KUnzipping C:\Users\dxu1\Desktop\Dissertation\PTQ\datasets\VOC\images\VOCtrainval_06-Nov-2007.zip to C:\Users\dxu1\Desktop\Dissertation\PTQ\datasets\VOC\images\VOCdevkit...: 52% ━━━━━━────── 5719/10945 371.8files/s 15.5s<14.1s
[KUnzipping C:\Users\dxu1\Desktop\Dissertation\PTQ\datasets\VOC\images\VOCtest_06-Nov-2007.zip to C:\Users\dxu1\Desktop\Dissertation\PTQ\datasets\VOC\images\VOCdevkit...: 63% ━━━━━━━╸──── 6565/10357 323.3files/s 17.8s<11.7s
[KDownloading https://ultralytics.com/assets/VOCtrainval_11-May-2012.zip to 'C:\Users\dxu1\Desktop\Dissertation\PTQ\datasets\VOC\images\VOCtrainval_11-May-2012.zip': 47% ━━━━━╸────── 891.0MB/1.8GB 7.1MB/s 29.3s<2:16
[KUnzipping C:\Users\dxu1\Desktop\Dissertation\PTQ\datasets\VOC\images\VOCtrainval_06-Nov-2007.zip to C:\Users\dxu1\Desktop\Dissertation\PTQ\datasets\VOC\images\VOCdevkit...: 52% ━━━━━━────── 5753/10945 361.8files/s 15.6s<14.3s
[KUnzipping C:\Users\dxu1\Desktop\Dissertation\PTQ\datasets\VOC\images\VOCtest_06-Nov-2007.zip to C:\Users\dxu1\Desktop\Dissertation\PTQ\datasets\VOC\images\VOCdevkit...: 63% ━━━━━━━╸──── 6595/10357 314.8files/s 17.9s<11.9s
[KDownloading https://ultralytics.com/assets/VOCtrainval_11-May-2012.zip to 'C:\Users\dxu1\Desktop\Dissertation\PTQ\datasets\VOC\images\VOCtrainval_11-May-2012.zip': 48% ━━━━━╸────── 893.0MB/1.8GB 15.8MB/s 29.5s<1:01
[KUnzipping C:\Users\dxu1\Desktop\Dissertation\PTQ\datasets\VOC\images\VOCtrainval_06-Nov-2007.zip to C:\Users\dxu1\Desktop\Dissertation\PTQ\datasets\VOC\images\VOCdevkit...: 52% ━━━━━━────── 5787/10945 343.6files/s 15.7s<15.0s
[KUnzipping C:\Users\dxu1\Desktop\Dissertation\PTQ\datasets\VOC\images\VOCtest_06-Nov-2007.zip to C:\Users\dxu1\Desktop\Dissertation\PTQ\datasets\VOC\images\VOCdevkit...: 64% ━━━━━━━╸──── 6629/10357 321.7files/s 18.0s<11.6s
[KDownloading https://ultralytics.com/assets/VOCtrainval_11-May-2012.zip to 'C:\Users\dxu1\Desktop\Dissertation\PTQ\datasets\VOC\images\VOCtrainval_11-May-2012.zip': 48% ━━━━━╸────── 899.0MB/1.8GB 56.4MB/s 29.6s<17.0s
[KUnzipping C:\Users\dxu1\Desktop\Dissertation\PTQ\datasets\VOC\images\VOCtrainval_06-Nov-2007.zip to C:\Users\dxu1\Desktop\Dissertation\PTQ\datasets\VOC\images\VOCdevkit...: 53% ━━━━━━────── 5825/10945 353.0files/s 15.8s<14.5s
[KUnzipping C:\Users\dxu1\Desktop\Dissertation\PTQ\datasets\VOC\images\VOCtest_06-Nov-2007.zip to C:\Users\dxu1\Desktop\Dissertation\PTQ\datasets\VOC\images\VOCdevkit...: 64% ━━━━━━━╸──── 6662/10357 323.8files/s 18.1s<11.4s
[KUnzipping C:\Users\dxu1\Desktop\Dissertation\PTQ\datasets\VOC\images\VOCtrainval_06-Nov-2007.zip to C:\Users\dxu1\Desktop\Dissertation\PTQ\datasets\VOC\images\VOCdevkit...: 53% ━━━━━━────── 5863/10945 358.4files/s 15.9s<14.2s
[KDownloading https://ultralytics.com/assets/VOCtrainval_11-May-2012.zip to 'C:\Users\dxu1\Desktop\Dissertation\PTQ\datasets\VOC\images\VOCtrainval_11-May-2012.zip': 48% ━━━━━╸────── 901.0MB/1.8GB 16.2MB/s 29.7s<59.1s
[KUnzipping C:\Users\dxu1\Desktop\Dissertation\PTQ\datasets\VOC\images\VOCtest_06-Nov-2007.zip to C:\Users\dxu1\Desktop\Dissertation\PTQ\datasets\VOC\images\VOCdevkit...: 64% ━━━━━━━╸──── 6699/10357 337.6files/s 18.2s<10.8s
[KUnzipping C:\Users\dxu1\Desktop\Dissertation\PTQ\datasets\VOC\images\VOCtrainval_06-Nov-2007.zip to C:\Users\dxu1\Desktop\Dissertation\PTQ\datasets\VOC\images\VOCdevkit...: 53% ━━━━━━────── 5903/10945 368.8files/s 16.0s<13.7s
[KUnzipping C:\Users\dxu1\Desktop\Dissertation\PTQ\datasets\VOC\images\VOCtest_06-Nov-2007.zip to C:\Users\dxu1\Desktop\Dissertation\PTQ\datasets\VOC\images\VOCdevkit...: 65% ━━━━━━━╸──── 6736/10357 347.3files/s 18.3s<10.4s
[KDownloading https://ultralytics.com/assets/VOCtrainval_11-May-2012.zip to 'C:\Users\dxu1\Desktop\Dissertation\PTQ\datasets\VOC\images\VOCtrainval_11-May-2012.zip': 48% ━━━━━╸────── 907.0MB/1.8GB 40.3MB/s 29.8s<23.7s
[KUnzipping C:\Users\dxu1\Desktop\Dissertation\PTQ\datasets\VOC\images\VOCtrainval_06-Nov-2007.zip to C:\Users\dxu1\Desktop\Dissertation\PTQ\datasets\VOC\images\VOCdevkit...: 54% ━━━━━━╸───── 5943/10945 375.3files/s 16.1s<13.3s
[KUnzipping C:\Users\dxu1\Desktop\Dissertation\PTQ\datasets\VOC\images\VOCtest_06-Nov-2007.zip to C:\Users\dxu1\Desktop\Dissertation\PTQ\datasets\VOC\images\VOCdevkit...: 65% ━━━━━━━╸──── 6775/10357 356.7files/s 18.4s<10.0s
[KUnzipping C:\Users\dxu1\Desktop\Dissertation\PTQ\datasets\VOC\images\VOCtrainval_06-Nov-2007.zip to C:\Users\dxu1\Desktop\Dissertation\PTQ\datasets\VOC\images\VOCdevkit...: 54% ━━━━━━╸───── 5976/10945 361.3files/s 16.2s<13.8s
[KUnzipping C:\Users\dxu1\Desktop\Dissertation\PTQ\datasets\VOC\images\VOCtest_06-Nov-2007.zip to C:\Users\dxu1\Desktop\Dissertation\PTQ\datasets\VOC\images\VOCdevkit...: 65% ━━━━━━━╸──── 6809/10357 348.7files/s 18.5s<10.2s
[KDownloading https://ultralytics.com/assets/VOCtrainval_11-May-2012.zip to 'C:\Users\dxu1\Desktop\Dissertation\PTQ\datasets\VOC\images\VOCtrainval_11-May-2012.zip': 48% ━━━━━╸────── 911.0MB/1.8GB 23.3MB/s 30.0s<40.7s
[KUnzipping C:\Users\dxu1\Desktop\Dissertation\PTQ\datasets\VOC\images\VOCtrainval_06-Nov-2007.zip to C:\Users\dxu1\Desktop\Dissertation\PTQ\datasets\VOC\images\VOCdevkit...: 54% ━━━━━━╸───── 6001/10945 327.3files/s 16.3s<15.1s
[KUnzipping C:\Users\dxu1\Desktop\Dissertation\PTQ\datasets\VOC\images\VOCtest_06-Nov-2007.zip to C:\Users\dxu1\Desktop\Dissertation\PTQ\datasets\VOC\images\VOCdevkit...: 66% ━━━━━━━╸──── 6837/10357 326.3files/s 18.6s<10.8s
[KDownloading https://ultralytics.com/assets/VOCtrainval_11-May-2012.zip to 'C:\Users\dxu1\Desktop\Dissertation\PTQ\datasets\VOC\images\VOCtrainval_11-May-2012.zip': 49% ━━━━━╸────── 916.0MB/1.8GB 34.5MB/s 30.2s<27.4s
[KUnzipping C:\Users\dxu1\Desktop\Dissertation\PTQ\datasets\VOC\images\VOCtrainval_06-Nov-2007.zip to C:\Users\dxu1\Desktop\Dissertation\PTQ\datasets\VOC\images\VOCdevkit...: 55% ━━━━━━╸───── 6029/10945 311.3files/s 16.4s<15.8s
[KUnzipping C:\Users\dxu1\Desktop\Dissertation\PTQ\datasets\VOC\images\VOCtest_06-Nov-2007.zip to C:\Users\dxu1\Desktop\Dissertation\PTQ\datasets\VOC\images\VOCdevkit...: 66% ━━━━━━━╸──── 6869/10357 322.5files/s 18.7s<10.8s
[KUnzipping C:\Users\dxu1\Desktop\Dissertation\PTQ\datasets\VOC\images\VOCtrainval_06-Nov-2007.zip to C:\Users\dxu1\Desktop\Dissertation\PTQ\datasets\VOC\images\VOCdevkit...: 55% ━━━━━━╸───── 6065/10945 324.2files/s 16.5s<15.1s
[KUnzipping C:\Users\dxu1\Desktop\Dissertation\PTQ\datasets\VOC\images\VOCtest_06-Nov-2007.zip to C:\Users\dxu1\Desktop\Dissertation\PTQ\datasets\VOC\images\VOCdevkit...: 66% ━━━━━━━╸──── 6900/10357 316.9files/s 18.8s<10.9s
[KDownloading https://ultralytics.com/assets/VOCtrainval_11-May-2012.zip to 'C:\Users\dxu1\Desktop\Dissertation\PTQ\datasets\VOC\images\VOCtrainval_11-May-2012.zip': 49% ━━━━━╸────── 921.0MB/1.8GB 27.5MB/s 30.3s<34.1s
[KUnzipping C:\Users\dxu1\Desktop\Dissertation\PTQ\datasets\VOC\images\VOCtrainval_06-Nov-2007.zip to C:\Users\dxu1\Desktop\Dissertation\PTQ\datasets\VOC\images\VOCdevkit...: 55% ━━━━━━╸───── 6099/10945 327.4files/s 16.6s<14.8s
[KUnzipping C:\Users\dxu1\Desktop\Dissertation\PTQ\datasets\VOC\images\VOCtest_06-Nov-2007.zip to C:\Users\dxu1\Desktop\Dissertation\PTQ\datasets\VOC\images\VOCdevkit...: 66% ━━━━━━━━──── 6933/10357 319.9files/s 18.9s<10.7s
[KDownloading https://ultralytics.com/assets/VOCtrainval_11-May-2012.zip to 'C:\Users\dxu1\Desktop\Dissertation\PTQ\datasets\VOC\images\VOCtrainval_11-May-2012.zip': 50% ━━━━━━────── 930.0MB/1.8GB 82.4MB/s 30.5s<11.3s
[KUnzipping C:\Users\dxu1\Desktop\Dissertation\PTQ\datasets\VOC\images\VOCtrainval_06-Nov-2007.zip to C:\Users\dxu1\Desktop\Dissertation\PTQ\datasets\VOC\images\VOCdevkit...: 56% ━━━━━━╸───── 6135/10945 336.6files/s 16.7s<14.3s
[KUnzipping C:\Users\dxu1\Desktop\Dissertation\PTQ\datasets\VOC\images\VOCtest_06-Nov-2007.zip to C:\Users\dxu1\Desktop\Dissertation\PTQ\datasets\VOC\images\VOCdevkit...: 67% ━━━━━━━━──── 6970/10357 334.7files/s 19.0s<10.1s
[KDownloading https://ultralytics.com/assets/VOCtrainval_11-May-2012.zip to 'C:\Users\dxu1\Desktop\Dissertation\PTQ\datasets\VOC\images\VOCtrainval_11-May-2012.zip': 50% ━━━━━━────── 932.0MB/1.8GB 19.7MB/s 30.6s<47.1s
[KUnzipping C:\Users\dxu1\Desktop\Dissertation\PTQ\datasets\VOC\images\VOCtrainval_06-Nov-2007.zip to C:\Users\dxu1\Desktop\Dissertation\PTQ\datasets\VOC\images\VOCdevkit...: 56% ━━━━━━╸───── 6169/10945 337.0files/s 16.8s<14.2s
[KUnzipping C:\Users\dxu1\Desktop\Dissertation\PTQ\datasets\VOC\images\VOCtest_06-Nov-2007.zip to C:\Users\dxu1\Desktop\Dissertation\PTQ\datasets\VOC\images\VOCdevkit...: 67% ━━━━━━━━──── 7006/10357 341.2files/s 19.1s<9.8s
[KDownloading https://ultralytics.com/assets/VOCtrainval_11-May-2012.zip to 'C:\Users\dxu1\Desktop\Dissertation\PTQ\datasets\VOC\images\VOCtrainval_11-May-2012.zip': 50% ━━━━━━────── 937.0MB/1.8GB 39.3MB/s 30.7s<23.5s
[KUnzipping C:\Users\dxu1\Desktop\Dissertation\PTQ\datasets\VOC\images\VOCtrainval_06-Nov-2007.zip to C:\Users\dxu1\Desktop\Dissertation\PTQ\datasets\VOC\images\VOCdevkit...: 56% ━━━━━━╸───── 6203/10945 335.1files/s 16.9s<14.2s
[KUnzipping C:\Users\dxu1\Desktop\Dissertation\PTQ\datasets\VOC\images\VOCtest_06-Nov-2007.zip to C:\Users\dxu1\Desktop\Dissertation\PTQ\datasets\VOC\images\VOCdevkit...: 67% ━━━━━━━━──── 7040/10357 339.8files/s 19.2s<9.8s
[KUnzipping C:\Users\dxu1\Desktop\Dissertation\PTQ\datasets\VOC\images\VOCtrainval_06-Nov-2007.zip to C:\Users\dxu1\Desktop\Dissertation\PTQ\datasets\VOC\images\VOCdevkit...: 56% ━━━━━━╸───── 6237/10945 336.5files/s 17.0s<14.0s
[KUnzipping C:\Users\dxu1\Desktop\Dissertation\PTQ\datasets\VOC\images\VOCtest_06-Nov-2007.zip to C:\Users\dxu1\Desktop\Dissertation\PTQ\datasets\VOC\images\VOCdevkit...: 68% ━━━━━━━━──── 7074/10357 339.7files/s 19.3s<9.7s
[KDownloading https://ultralytics.com/assets/VOCtrainval_11-May-2012.zip to 'C:\Users\dxu1\Desktop\Dissertation\PTQ\datasets\VOC\images\VOCtrainval_11-May-2012.zip': 50% ━━━━━━────── 941.0MB/1.8GB 24.8MB/s 30.8s<37.1s
[KUnzipping C:\Users\dxu1\Desktop\Dissertation\PTQ\datasets\VOC\images\VOCtrainval_06-Nov-2007.zip to C:\Users\dxu1\Desktop\Dissertation\PTQ\datasets\VOC\images\VOCdevkit...: 57% ━━━━━━╸───── 6269/10945 327.8files/s 17.1s<14.3s
[KUnzipping C:\Users\dxu1\Desktop\Dissertation\PTQ\datasets\VOC\images\VOCtest_06-Nov-2007.zip to C:\Users\dxu1\Desktop\Dissertation\PTQ\datasets\VOC\images\VOCdevkit...: 68% ━━━━━━━━──── 7104/10357 325.0files/s 19.4s<10.0s
[KDownloading https://ultralytics.com/assets/VOCtrainval_11-May-2012.zip to 'C:\Users\dxu1\Desktop\Dissertation\PTQ\datasets\VOC\images\VOCtrainval_11-May-2012.zip': 50% ━━━━━━────── 946.0MB/1.8GB 35.3MB/s 31.0s<25.9s
[KUnzipping C:\Users\dxu1\Desktop\Dissertation\PTQ\datasets\VOC\images\VOCtrainval_06-Nov-2007.zip to C:\Users\dxu1\Desktop\Dissertation\PTQ\datasets\VOC\images\VOCdevkit...: 57% ━━━━━━╸───── 6302/10945 325.8files/s 17.2s<14.3s
[KUnzipping C:\Users\dxu1\Desktop\Dissertation\PTQ\datasets\VOC\images\VOCtest_06-Nov-2007.zip to C:\Users\dxu1\Desktop\Dissertation\PTQ\datasets\VOC\images\VOCdevkit...: 68% ━━━━━━━━──── 7138/10357 329.0files/s 19.5s<9.8s
[KUnzipping C:\Users\dxu1\Desktop\Dissertation\PTQ\datasets\VOC\images\VOCtrainval_06-Nov-2007.zip to C:\Users\dxu1\Desktop\Dissertation\PTQ\datasets\VOC\images\VOCdevkit...: 57% ━━━━━━╸───── 6336/10945 329.5files/s 17.3s<14.0s
[KUnzipping C:\Users\dxu1\Desktop\Dissertation\PTQ\datasets\VOC\images\VOCtest_06-Nov-2007.zip to C:\Users\dxu1\Desktop\Dissertation\PTQ\datasets\VOC\images\VOCdevkit...: 69% ━━━━━━━━──── 7171/10357 328.9files/s 19.6s<9.7s
[KDownloading https://ultralytics.com/assets/VOCtrainval_11-May-2012.zip to 'C:\Users\dxu1\Desktop\Dissertation\PTQ\datasets\VOC\images\VOCtrainval_11-May-2012.zip': 51% ━━━━━━────── 951.0MB/1.8GB 27.6MB/s 31.2s<32.9s
[KUnzipping C:\Users\dxu1\Desktop\Dissertation\PTQ\datasets\VOC\images\VOCtrainval_06-Nov-2007.zip to C:\Users\dxu1\Desktop\Dissertation\PTQ\datasets\VOC\images\VOCdevkit...: 58% ━━━━━━╸───── 6368/10945 320.5files/s 17.4s<14.3s
[KUnzipping C:\Users\dxu1\Desktop\Dissertation\PTQ\datasets\VOC\images\VOCtest_06-Nov-2007.zip to C:\Users\dxu1\Desktop\Dissertation\PTQ\datasets\VOC\images\VOCdevkit...: 69% ━━━━━━━━──── 7208/10357 340.0files/s 19.7s<9.3s
[KDownloading https://ultralytics.com/assets/VOCtrainval_11-May-2012.zip to 'C:\Users\dxu1\Desktop\Dissertation\PTQ\datasets\VOC\images\VOCtrainval_11-May-2012.zip': 51% ━━━━━━────── 957.0MB/1.8GB 40.8MB/s 31.3s<22.1s
[KUnzipping C:\Users\dxu1\Desktop\Dissertation\PTQ\datasets\VOC\images\VOCtest_06-Nov-2007.zip to C:\Users\dxu1\Desktop\Dissertation\PTQ\datasets\VOC\images\VOCdevkit...: 69% ━━━━━━━━──── 7237/10357 324.3files/s 19.8s<9.6s
[KUnzipping C:\Users\dxu1\Desktop\Dissertation\PTQ\datasets\VOC\images\VOCtrainval_06-Nov-2007.zip to C:\Users\dxu1\Desktop\Dissertation\PTQ\datasets\VOC\images\VOCdevkit...: 58% ━━━━━━━───── 6398/10945 307.5files/s 17.5s<14.8s
[KUnzipping C:\Users\dxu1\Desktop\Dissertation\PTQ\datasets\VOC\images\VOCtrainval_06-Nov-2007.zip to C:\Users\dxu1\Desktop\Dissertation\PTQ\datasets\VOC\images\VOCdevkit...: 58% ━━━━━━━───── 6423/10945 290.1files/s 17.6s<15.6s
[KUnzipping C:\Users\dxu1\Desktop\Dissertation\PTQ\datasets\VOC\images\VOCtest_06-Nov-2007.zip to C:\Users\dxu1\Desktop\Dissertation\PTQ\datasets\VOC\images\VOCdevkit...: 70% ━━━━━━━━──── 7265/10357 310.5files/s 19.9s<10.0s
[KDownloading https://ultralytics.com/assets/VOCtrainval_11-May-2012.zip to 'C:\Users\dxu1\Desktop\Dissertation\PTQ\datasets\VOC\images\VOCtrainval_11-May-2012.zip': 51% ━━━━━━────── 961.0MB/1.8GB 24.2MB/s 31.5s<37.1s
[KUnzipping C:\Users\dxu1\Desktop\Dissertation\PTQ\datasets\VOC\images\VOCtrainval_06-Nov-2007.zip to C:\Users\dxu1\Desktop\Dissertation\PTQ\datasets\VOC\images\VOCdevkit...: 58% ━━━━━━━───── 6451/10945 285.6files/s 17.7s<15.7s
[KUnzipping C:\Users\dxu1\Desktop\Dissertation\PTQ\datasets\VOC\images\VOCtest_06-Nov-2007.zip to C:\Users\dxu1\Desktop\Dissertation\PTQ\datasets\VOC\images\VOCdevkit...: 70% ━━━━━━━━──── 7297/10357 311.3files/s 20.0s<9.8s
[KDownloading https://ultralytics.com/assets/VOCtrainval_11-May-2012.zip to 'C:\Users\dxu1\Desktop\Dissertation\PTQ\datasets\VOC\images\VOCtrainval_11-May-2012.zip': 51% ━━━━━━────── 967.0MB/1.8GB 40.0MB/s 31.6s<22.3s
[KUnzipping C:\Users\dxu1\Desktop\Dissertation\PTQ\datasets\VOC\images\VOCtest_06-Nov-2007.zip to C:\Users\dxu1\Desktop\Dissertation\PTQ\datasets\VOC\images\VOCdevkit...: 70% ━━━━━━━━──── 7329/10357 313.3files/s 20.1s<9.7s
[KUnzipping C:\Users\dxu1\Desktop\Dissertation\PTQ\datasets\VOC\images\VOCtrainval_06-Nov-2007.zip to C:\Users\dxu1\Desktop\Dissertation\PTQ\datasets\VOC\images\VOCdevkit...: 59% ━━━━━━━───── 6481/10945 287.6files/s 17.9s<15.5s
[KUnzipping C:\Users\dxu1\Desktop\Dissertation\PTQ\datasets\VOC\images\VOCtest_06-Nov-2007.zip to C:\Users\dxu1\Desktop\Dissertation\PTQ\datasets\VOC\images\VOCdevkit...: 71% ━━━━━━━━╸─── 7364/10357 322.4files/s 20.2s<9.3s
[KUnzipping C:\Users\dxu1\Desktop\Dissertation\PTQ\datasets\VOC\images\VOCtrainval_06-Nov-2007.zip to C:\Users\dxu1\Desktop\Dissertation\PTQ\datasets\VOC\images\VOCdevkit...: 59% ━━━━━━━───── 6516/10945 303.8files/s 18.0s<14.6s
[KDownloading https://ultralytics.com/assets/VOCtrainval_11-May-2012.zip to 'C:\Users\dxu1\Desktop\Dissertation\PTQ\datasets\VOC\images\VOCtrainval_11-May-2012.zip': 52% ━━━━━━────── 971.0MB/1.8GB 21.1MB/s 31.8s<42.1s
[KUnzipping C:\Users\dxu1\Desktop\Dissertation\PTQ\datasets\VOC\images\VOCtest_06-Nov-2007.zip to C:\Users\dxu1\Desktop\Dissertation\PTQ\datasets\VOC\images\VOCdevkit...: 71% ━━━━━━━━╸─── 7398/10357 327.0files/s 20.3s<9.0s
[KUnzipping C:\Users\dxu1\Desktop\Dissertation\PTQ\datasets\VOC\images\VOCtrainval_06-Nov-2007.zip to C:\Users\dxu1\Desktop\Dissertation\PTQ\datasets\VOC\images\VOCdevkit...: 59% ━━━━━━━───── 6553/10945 321.5files/s 18.1s<13.7s
[KDownloading https://ultralytics.com/assets/VOCtrainval_11-May-2012.zip to 'C:\Users\dxu1\Desktop\Dissertation\PTQ\datasets\VOC\images\VOCtrainval_11-May-2012.zip': 52% ━━━━━━────── 977.0MB/1.8GB 58.8MB/s 31.9s<15.0s
[KUnzipping C:\Users\dxu1\Desktop\Dissertation\PTQ\datasets\VOC\images\VOCtest_06-Nov-2007.zip to C:\Users\dxu1\Desktop\Dissertation\PTQ\datasets\VOC\images\VOCdevkit...: 71% ━━━━━━━━╸─── 7431/10357 326.1files/s 20.4s<9.0s
[KUnzipping C:\Users\dxu1\Desktop\Dissertation\PTQ\datasets\VOC\images\VOCtrainval_06-Nov-2007.zip to C:\Users\dxu1\Desktop\Dissertation\PTQ\datasets\VOC\images\VOCdevkit...: 60% ━━━━━━━───── 6588/10945 328.1files/s 18.2s<13.3s
[KUnzipping C:\Users\dxu1\Desktop\Dissertation\PTQ\datasets\VOC\images\VOCtest_06-Nov-2007.zip to C:\Users\dxu1\Desktop\Dissertation\PTQ\datasets\VOC\images\VOCdevkit...: 72% ━━━━━━━━╸─── 7462/10357 319.0files/s 20.5s<9.1s
[KUnzipping C:\Users\dxu1\Desktop\Dissertation\PTQ\datasets\VOC\images\VOCtrainval_06-Nov-2007.zip to C:\Users\dxu1\Desktop\Dissertation\PTQ\datasets\VOC\images\VOCdevkit...: 60% ━━━━━━━───── 6622/10945 329.1files/s 18.3s<13.1s
[KDownloading https://ultralytics.com/assets/VOCtrainval_11-May-2012.zip to 'C:\Users\dxu1\Desktop\Dissertation\PTQ\datasets\VOC\images\VOCtrainval_11-May-2012.zip': 52% ━━━━━━────── 981.0MB/1.8GB 24.0MB/s 32.1s<36.6s
[KUnzipping C:\Users\dxu1\Desktop\Dissertation\PTQ\datasets\VOC\images\VOCtest_06-Nov-2007.zip to C:\Users\dxu1\Desktop\Dissertation\PTQ\datasets\VOC\images\VOCdevkit...: 72% ━━━━━━━━╸─── 7499/10357 331.8files/s 20.6s<8.6s
[KUnzipping C:\Users\dxu1\Desktop\Dissertation\PTQ\datasets\VOC\images\VOCtrainval_06-Nov-2007.zip to C:\Users\dxu1\Desktop\Dissertation\PTQ\datasets\VOC\images\VOCdevkit...: 60% ━━━━━━━───── 6653/10945 321.0files/s 18.4s<13.4s
[KDownloading https://ultralytics.com/assets/VOCtrainval_11-May-2012.zip to 'C:\Users\dxu1\Desktop\Dissertation\PTQ\datasets\VOC\images\VOCtrainval_11-May-2012.zip': 53% ━━━━━━────── 986.0MB/1.8GB 34.3MB/s 32.2s<25.5s
[KUnzipping C:\Users\dxu1\Desktop\Dissertation\PTQ\datasets\VOC\images\VOCtest_06-Nov-2007.zip to C:\Users\dxu1\Desktop\Dissertation\PTQ\datasets\VOC\images\VOCdevkit...: 72% ━━━━━━━━╸─── 7529/10357 320.9files/s 20.7s<8.8s
[KUnzipping C:\Users\dxu1\Desktop\Dissertation\PTQ\datasets\VOC\images\VOCtrainval_06-Nov-2007.zip to C:\Users\dxu1\Desktop\Dissertation\PTQ\datasets\VOC\images\VOCdevkit...: 61% ━━━━━━━───── 6684/10945 317.3files/s 18.5s<13.4s
[KUnzipping C:\Users\dxu1\Desktop\Dissertation\PTQ\datasets\VOC\images\VOCtest_06-Nov-2007.zip to C:\Users\dxu1\Desktop\Dissertation\PTQ\datasets\VOC\images\VOCdevkit...: 73% ━━━━━━━━╸─── 7564/10357 329.5files/s 20.8s<8.5s
[KUnzipping C:\Users\dxu1\Desktop\Dissertation\PTQ\datasets\VOC\images\VOCtrainval_06-Nov-2007.zip to C:\Users\dxu1\Desktop\Dissertation\PTQ\datasets\VOC\images\VOCdevkit...: 61% ━━━━━━━───── 6719/10945 323.8files/s 18.6s<13.1s
[KDownloading https://ultralytics.com/assets/VOCtrainval_11-May-2012.zip to 'C:\Users\dxu1\Desktop\Dissertation\PTQ\datasets\VOC\images\VOCtrainval_11-May-2012.zip': 53% ━━━━━━────── 991.0MB/1.8GB 28.3MB/s 32.4s<30.7s
[KUnzipping C:\Users\dxu1\Desktop\Dissertation\PTQ\datasets\VOC\images\VOCtest_06-Nov-2007.zip to C:\Users\dxu1\Desktop\Dissertation\PTQ\datasets\VOC\images\VOCdevkit...: 73% ━━━━━━━━╸─── 7602/10357 339.8files/s 20.9s<8.1s
[KUnzipping C:\Users\dxu1\Desktop\Dissertation\PTQ\datasets\VOC\images\VOCtrainval_06-Nov-2007.zip to C:\Users\dxu1\Desktop\Dissertation\PTQ\datasets\VOC\images\VOCdevkit...: 61% ━━━━━━━───── 6755/10945 334.5files/s 18.7s<12.5s
[KDownloading https://ultralytics.com/assets/VOCtrainval_11-May-2012.zip to 'C:\Users\dxu1\Desktop\Dissertation\PTQ\datasets\VOC\images\VOCtrainval_11-May-2012.zip': 53% ━━━━━━────── 999.0MB/1.8GB 76.2MB/s 32.5s<11.3s
[KUnzipping C:\Users\dxu1\Desktop\Dissertation\PTQ\datasets\VOC\images\VOCtest_06-Nov-2007.zip to C:\Users\dxu1\Desktop\Dissertation\PTQ\datasets\VOC\images\VOCdevkit...: 73% ━━━━━━━━╸─── 7635/10357 336.0files/s 21.0s<8.1s
[KUnzipping C:\Users\dxu1\Desktop\Dissertation\PTQ\datasets\VOC\images\VOCtrainval_06-Nov-2007.zip to C:\Users\dxu1\Desktop\Dissertation\PTQ\datasets\VOC\images\VOCdevkit...: 62% ━━━━━━━───── 6789/10945 335.8files/s 18.8s<12.4s
[KUnzipping C:\Users\dxu1\Desktop\Dissertation\PTQ\datasets\VOC\images\VOCtrainval_06-Nov-2007.zip to C:\Users\dxu1\Desktop\Dissertation\PTQ\datasets\VOC\images\VOCdevkit...: 62% ━━━━━━━───── 6825/10945 342.3files/s 18.9s<12.0s
[KUnzipping C:\Users\dxu1\Desktop\Dissertation\PTQ\datasets\VOC\images\VOCtest_06-Nov-2007.zip to C:\Users\dxu1\Desktop\Dissertation\PTQ\datasets\VOC\images\VOCdevkit...: 74% ━━━━━━━━╸─── 7671/10357 341.1files/s 21.1s<7.9s
[KDownloading https://ultralytics.com/assets/VOCtrainval_11-May-2012.zip to 'C:\Users\dxu1\Desktop\Dissertation\PTQ\datasets\VOC\images\VOCtrainval_11-May-2012.zip': 53% ━━━━━━────── 1001.0MB/1.8GB 13.6MB/s 32.7s<1:03
[KUnzipping C:\Users\dxu1\Desktop\Dissertation\PTQ\datasets\VOC\images\VOCtrainval_06-Nov-2007.zip to C:\Users\dxu1\Desktop\Dissertation\PTQ\datasets\VOC\images\VOCdevkit...: 62% ━━━━━━━╸──── 6862/10945 349.5files/s 19.0s<11.7s
[KUnzipping C:\Users\dxu1\Desktop\Dissertation\PTQ\datasets\VOC\images\VOCtest_06-Nov-2007.zip to C:\Users\dxu1\Desktop\Dissertation\PTQ\datasets\VOC\images\VOCdevkit...: 74% ━━━━━━━━╸─── 7707/10357 345.5files/s 21.2s<7.7s
[KDownloading https://ultralytics.com/assets/VOCtrainval_11-May-2012.zip to 'C:\Users\dxu1\Desktop\Dissertation\PTQ\datasets\VOC\images\VOCtrainval_11-May-2012.zip': 53% ━━━━━━────── 1004.0MB/1.8GB 29.4MB/s 32.8s<29.1s
[KUnzipping C:\Users\dxu1\Desktop\Dissertation\PTQ\datasets\VOC\images\VOCtrainval_06-Nov-2007.zip to C:\Users\dxu1\Desktop\Dissertation\PTQ\datasets\VOC\images\VOCdevkit...: 63% ━━━━━━━╸──── 6898/10945 351.0files/s 19.1s<11.5s
[KUnzipping C:\Users\dxu1\Desktop\Dissertation\PTQ\datasets\VOC\images\VOCtest_06-Nov-2007.zip to C:\Users\dxu1\Desktop\Dissertation\PTQ\datasets\VOC\images\VOCdevkit...: 74% ━━━━━━━━╸─── 7744/10357 351.8files/s 21.3s<7.4s
[KDownloading https://ultralytics.com/assets/VOCtrainval_11-May-2012.zip to 'C:\Users\dxu1\Desktop\Dissertation\PTQ\datasets\VOC\images\VOCtrainval_11-May-2012.zip': 54% ━━━━━━────── 1007.0MB/1.8GB 21.6MB/s 32.9s<39.5s
[KUnzipping C:\Users\dxu1\Desktop\Dissertation\PTQ\datasets\VOC\images\VOCtest_06-Nov-2007.zip to C:\Users\dxu1\Desktop\Dissertation\PTQ\datasets\VOC\images\VOCdevkit...: 75% ━━━━━━━━━─── 7777/10357 343.9files/s 21.4s<7.5s
[KUnzipping C:\Users\dxu1\Desktop\Dissertation\PTQ\datasets\VOC\images\VOCtrainval_06-Nov-2007.zip to C:\Users\dxu1\Desktop\Dissertation\PTQ\datasets\VOC\images\VOCdevkit...: 63% ━━━━━━━╸──── 6932/10945 345.0files/s 19.2s<11.6s
[KDownloading https://ultralytics.com/assets/VOCtrainval_11-May-2012.zip to 'C:\Users\dxu1\Desktop\Dissertation\PTQ\datasets\VOC\images\VOCtrainval_11-May-2012.zip': 54% ━━━━━━╸───── 1010.0MB/1.8GB 29.3MB/s 33.0s<29.0s
[KUnzipping C:\Users\dxu1\Desktop\Dissertation\PTQ\datasets\VOC\images\VOCtest_06-Nov-2007.zip to C:\Users\dxu1\Desktop\Dissertation\PTQ\datasets\VOC\images\VOCdevkit...: 75% ━━━━━━━━━─── 7808/10357 332.4files/s 21.5s<7.7s
[KUnzipping C:\Users\dxu1\Desktop\Dissertation\PTQ\datasets\VOC\images\VOCtrainval_06-Nov-2007.zip to C:\Users\dxu1\Desktop\Dissertation\PTQ\datasets\VOC\images\VOCdevkit...: 63% ━━━━━━━╸──── 6962/10945 329.8files/s 19.3s<12.1s
[KDownloading https://ultralytics.com/assets/VOCtrainval_11-May-2012.zip to 'C:\Users\dxu1\Desktop\Dissertation\PTQ\datasets\VOC\images\VOCtrainval_11-May-2012.zip': 54% ━━━━━━╸───── 1012.0MB/1.8GB 19.1MB/s 33.1s<44.3s
[KUnzipping C:\Users\dxu1\Desktop\Dissertation\PTQ\datasets\VOC\images\VOCtest_06-Nov-2007.zip to C:\Users\dxu1\Desktop\Dissertation\PTQ\datasets\VOC\images\VOCdevkit...: 75% ━━━━━━━━━─── 7836/10357 314.8files/s 21.6s<8.0s
[KUnzipping C:\Users\dxu1\Desktop\Dissertation\PTQ\datasets\VOC\images\VOCtrainval_06-Nov-2007.zip to C:\Users\dxu1\Desktop\Dissertation\PTQ\datasets\VOC\images\VOCdevkit...: 63% ━━━━━━━╸──── 6994/10945 325.5files/s 19.4s<12.1s
[KDownloading https://ultralytics.com/assets/VOCtrainval_11-May-2012.zip to 'C:\Users\dxu1\Desktop\Dissertation\PTQ\datasets\VOC\images\VOCtrainval_11-May-2012.zip': 54% ━━━━━━╸───── 1017.0MB/1.8GB 37.2MB/s 33.2s<22.6s
[KUnzipping C:\Users\dxu1\Desktop\Dissertation\PTQ\datasets\VOC\images\VOCtest_06-Nov-2007.zip to C:\Users\dxu1\Desktop\Dissertation\PTQ\datasets\VOC\images\VOCdevkit...: 75% ━━━━━━━━━─── 7868/10357 315.3files/s 21.7s<7.9s
[KUnzipping C:\Users\dxu1\Desktop\Dissertation\PTQ\datasets\VOC\images\VOCtrainval_06-Nov-2007.zip to C:\Users\dxu1\Desktop\Dissertation\PTQ\datasets\VOC\images\VOCdevkit...: 64% ━━━━━━━╸──── 7029/10945 331.2files/s 19.5s<11.8s
[KDownloading https://ultralytics.com/assets/VOCtrainval_11-May-2012.zip to 'C:\Users\dxu1\Desktop\Dissertation\PTQ\datasets\VOC\images\VOCtrainval_11-May-2012.zip': 54% ━━━━━━╸───── 1021.0MB/1.8GB 36.3MB/s 33.4s<23.1s
[KUnzipping C:\Users\dxu1\Desktop\Dissertation\PTQ\datasets\VOC\images\VOCtest_06-Nov-2007.zip to C:\Users\dxu1\Desktop\Dissertation\PTQ\datasets\VOC\images\VOCdevkit...: 76% ━━━━━━━━━─── 7903/10357 324.7files/s 21.8s<7.6s
[KUnzipping C:\Users\dxu1\Desktop\Dissertation\PTQ\datasets\VOC\images\VOCtrainval_06-Nov-2007.zip to C:\Users\dxu1\Desktop\Dissertation\PTQ\datasets\VOC\images\VOCdevkit...: 64% ━━━━━━━╸──── 7063/10945 332.2files/s 19.6s<11.7s
[KUnzipping C:\Users\dxu1\Desktop\Dissertation\PTQ\datasets\VOC\images\VOCtest_06-Nov-2007.zip to C:\Users\dxu1\Desktop\Dissertation\PTQ\datasets\VOC\images\VOCdevkit...: 76% ━━━━━━━━━─── 7940/10357 336.8files/s 21.9s<7.2s
[KUnzipping C:\Users\dxu1\Desktop\Dissertation\PTQ\datasets\VOC\images\VOCtrainval_06-Nov-2007.zip to C:\Users\dxu1\Desktop\Dissertation\PTQ\datasets\VOC\images\VOCdevkit...: 64% ━━━━━━━╸──── 7094/10945 323.3files/s 19.7s<11.9s
[KDownloading https://ultralytics.com/assets/VOCtrainval_11-May-2012.zip to 'C:\Users\dxu1\Desktop\Dissertation\PTQ\datasets\VOC\images\VOCtrainval_11-May-2012.zip': 55% ━━━━━━╸───── 1.0/1.8GB 41.7MB/s 33.5s<20.0s
[KUnzipping C:\Users\dxu1\Desktop\Dissertation\PTQ\datasets\VOC\images\VOCtest_06-Nov-2007.zip to C:\Users\dxu1\Desktop\Dissertation\PTQ\datasets\VOC\images\VOCdevkit...: 77% ━━━━━━━━━─── 7975/10357 340.7files/s 22.0s<7.0s
[KUnzipping C:\Users\dxu1\Desktop\Dissertation\PTQ\datasets\VOC\images\VOCtrainval_06-Nov-2007.zip to C:\Users\dxu1\Desktop\Dissertation\PTQ\datasets\VOC\images\VOCdevkit...: 65% ━━━━━━━╸──── 7132/10945 339.2files/s 19.8s<11.2s
[KDownloading https://ultralytics.com/assets/VOCtrainval_11-May-2012.zip to 'C:\Users\dxu1\Desktop\Dissertation\PTQ\datasets\VOC\images\VOCtrainval_11-May-2012.zip': 55% ━━━━━━╸───── 1.0/1.8GB 28.9MB/s 33.6s<28.7s
[KUnzipping C:\Users\dxu1\Desktop\Dissertation\PTQ\datasets\VOC\images\VOCtest_06-Nov-2007.zip to C:\Users\dxu1\Desktop\Dissertation\PTQ\datasets\VOC\images\VOCdevkit...: 77% ━━━━━━━━━─── 8013/10357 348.3files/s 22.1s<6.7s
[KUnzipping C:\Users\dxu1\Desktop\Dissertation\PTQ\datasets\VOC\images\VOCtrainval_06-Nov-2007.zip to C:\Users\dxu1\Desktop\Dissertation\PTQ\datasets\VOC\images\VOCdevkit...: 65% ━━━━━━━╸──── 7169/10945 347.3files/s 19.9s<10.9s
[KDownloading https://ultralytics.com/assets/VOCtrainval_11-May-2012.zip to 'C:\Users\dxu1\Desktop\Dissertation\PTQ\datasets\VOC\images\VOCtrainval_11-May-2012.zip': 55% ━━━━━━╸───── 1.0/1.8GB 47.2MB/s 33.7s<17.5s
[KUnzipping C:\Users\dxu1\Desktop\Dissertation\PTQ\datasets\VOC\images\VOCtrainval_06-Nov-2007.zip to C:\Users\dxu1\Desktop\Dissertation\PTQ\datasets\VOC\images\VOCdevkit...: 65% ━━━━━━━╸──── 7203/10945 345.1files/s 20.0s<10.8s
[KUnzipping C:\Users\dxu1\Desktop\Dissertation\PTQ\datasets\VOC\images\VOCtest_06-Nov-2007.zip to C:\Users\dxu1\Desktop\Dissertation\PTQ\datasets\VOC\images\VOCdevkit...: 77% ━━━━━━━━━─── 8047/10357 343.4files/s 22.2s<6.7s
[KUnzipping C:\Users\dxu1\Desktop\Dissertation\PTQ\datasets\VOC\images\VOCtrainval_06-Nov-2007.zip to C:\Users\dxu1\Desktop\Dissertation\PTQ\datasets\VOC\images\VOCdevkit...: 66% ━━━━━━━╸──── 7235/10945 336.5files/s 20.1s<11.0s
[KUnzipping C:\Users\dxu1\Desktop\Dissertation\PTQ\datasets\VOC\images\VOCtest_06-Nov-2007.zip to C:\Users\dxu1\Desktop\Dissertation\PTQ\datasets\VOC\images\VOCdevkit...: 78% ━━━━━━━━━─── 8082/10357 344.6files/s 22.3s<6.6s
[KDownloading https://ultralytics.com/assets/VOCtrainval_11-May-2012.zip to 'C:\Users\dxu1\Desktop\Dissertation\PTQ\datasets\VOC\images\VOCtrainval_11-May-2012.zip': 55% ━━━━━━╸───── 1.0/1.8GB 26.5MB/s 33.9s<30.9s
[KUnzipping C:\Users\dxu1\Desktop\Dissertation\PTQ\datasets\VOC\images\VOCtrainval_06-Nov-2007.zip to C:\Users\dxu1\Desktop\Dissertation\PTQ\datasets\VOC\images\VOCdevkit...: 66% ━━━━━━━╸──── 7268/10945 334.5files/s 20.2s<11.0s
[KUnzipping C:\Users\dxu1\Desktop\Dissertation\PTQ\datasets\VOC\images\VOCtest_06-Nov-2007.zip to C:\Users\dxu1\Desktop\Dissertation\PTQ\datasets\VOC\images\VOCdevkit...: 78% ━━━━━━━━━─── 8116/10357 341.4files/s 22.4s<6.6s
[KDownloading https://ultralytics.com/assets/VOCtrainval_11-May-2012.zip to 'C:\Users\dxu1\Desktop\Dissertation\PTQ\datasets\VOC\images\VOCtrainval_11-May-2012.zip': 56% ━━━━━━╸───── 1.0/1.8GB 76.8MB/s 34.0s<10.6s
[KUnzipping C:\Users\dxu1\Desktop\Dissertation\PTQ\datasets\VOC\images\VOCtrainval_06-Nov-2007.zip to C:\Users\dxu1\Desktop\Dissertation\PTQ\datasets\VOC\images\VOCdevkit...: 66% ━━━━━━━━──── 7302/10945 335.7files/s 20.3s<10.9s
[KUnzipping C:\Users\dxu1\Desktop\Dissertation\PTQ\datasets\VOC\images\VOCtest_06-Nov-2007.zip to C:\Users\dxu1\Desktop\Dissertation\PTQ\datasets\VOC\images\VOCdevkit...: 78% ━━━━━━━━━─── 8145/10357 324.7files/s 22.5s<6.8s
[KDownloading https://ultralytics.com/assets/VOCtrainval_11-May-2012.zip to 'C:\Users\dxu1\Desktop\Dissertation\PTQ\datasets\VOC\images\VOCtrainval_11-May-2012.zip': 56% ━━━━━━╸───── 1.0/1.8GB 15.3MB/s 34.2s<52.8s
[KUnzipping C:\Users\dxu1\Desktop\Dissertation\PTQ\datasets\VOC\images\VOCtrainval_06-Nov-2007.zip to C:\Users\dxu1\Desktop\Dissertation\PTQ\datasets\VOC\images\VOCdevkit...: 67% ━━━━━━━━──── 7339/10945 342.9files/s 20.4s<10.5s
[KUnzipping C:\Users\dxu1\Desktop\Dissertation\PTQ\datasets\VOC\images\VOCtest_06-Nov-2007.zip to C:\Users\dxu1\Desktop\Dissertation\PTQ\datasets\VOC\images\VOCdevkit...: 78% ━━━━━━━━━─── 8181/10357 333.3files/s 22.6s<6.5s
[KUnzipping C:\Users\dxu1\Desktop\Dissertation\PTQ\datasets\VOC\images\VOCtrainval_06-Nov-2007.zip to C:\Users\dxu1\Desktop\Dissertation\PTQ\datasets\VOC\images\VOCdevkit...: 67% ━━━━━━━━──── 7374/10945 343.4files/s 20.5s<10.4s
[KUnzipping C:\Users\dxu1\Desktop\Dissertation\PTQ\datasets\VOC\images\VOCtest_06-Nov-2007.zip to C:\Users\dxu1\Desktop\Dissertation\PTQ\datasets\VOC\images\VOCdevkit...: 79% ━━━━━━━━━╸── 8204/10357 302.0files/s 22.7s<7.1s
[KDownloading https://ultralytics.com/assets/VOCtrainval_11-May-2012.zip to 'C:\Users\dxu1\Desktop\Dissertation\PTQ\datasets\VOC\images\VOCtrainval_11-May-2012.zip': 56% ━━━━━━╸───── 1.0/1.8GB 75.1MB/s 34.3s<10.7s
[KUnzipping C:\Users\dxu1\Desktop\Dissertation\PTQ\datasets\VOC\images\VOCtrainval_06-Nov-2007.zip to C:\Users\dxu1\Desktop\Dissertation\PTQ\datasets\VOC\images\VOCdevkit...: 67% ━━━━━━━━──── 7413/10945 356.7files/s 20.6s<9.9s
[KUnzipping C:\Users\dxu1\Desktop\Dissertation\PTQ\datasets\VOC\images\VOCtest_06-Nov-2007.zip to C:\Users\dxu1\Desktop\Dissertation\PTQ\datasets\VOC\images\VOCdevkit...: 79% ━━━━━━━━━╸── 8242/10357 322.7files/s 22.8s<6.6s
[KDownloading https://ultralytics.com/assets/VOCtrainval_11-May-2012.zip to 'C:\Users\dxu1\Desktop\Dissertation\PTQ\datasets\VOC\images\VOCtrainval_11-May-2012.zip': 57% ━━━━━━╸───── 1.0/1.8GB 15.2MB/s 34.4s<52.5s
[KUnzipping C:\Users\dxu1\Desktop\Dissertation\PTQ\datasets\VOC\images\VOCtrainval_06-Nov-2007.zip to C:\Users\dxu1\Desktop\Dissertation\PTQ\datasets\VOC\images\VOCdevkit...: 68% ━━━━━━━━──── 7446/10945 346.6files/s 20.7s<10.1s
[KUnzipping C:\Users\dxu1\Desktop\Dissertation\PTQ\datasets\VOC\images\VOCtest_06-Nov-2007.zip to C:\Users\dxu1\Desktop\Dissertation\PTQ\datasets\VOC\images\VOCdevkit...: 79% ━━━━━━━━━╸── 8270/10357 309.0files/s 22.9s<6.8s
[KDownloading https://ultralytics.com/assets/VOCtrainval_11-May-2012.zip to 'C:\Users\dxu1\Desktop\Dissertation\PTQ\datasets\VOC\images\VOCtrainval_11-May-2012.zip': 57% ━━━━━━╸───── 1.0/1.8GB 83.6MB/s 34.5s<9.4s
[KUnzipping C:\Users\dxu1\Desktop\Dissertation\PTQ\datasets\VOC\images\VOCtrainval_06-Nov-2007.zip to C:\Users\dxu1\Desktop\Dissertation\PTQ\datasets\VOC\images\VOCdevkit...: 68% ━━━━━━━━──── 7475/10945 328.8files/s 20.8s<10.6s
[KUnzipping C:\Users\dxu1\Desktop\Dissertation\PTQ\datasets\VOC\images\VOCtest_06-Nov-2007.zip to C:\Users\dxu1\Desktop\Dissertation\PTQ\datasets\VOC\images\VOCdevkit...: 80% ━━━━━━━━━╸── 8302/10357 312.1files/s 23.0s<6.6s
[KDownloading https://ultralytics.com/assets/VOCtrainval_11-May-2012.zip to 'C:\Users\dxu1\Desktop\Dissertation\PTQ\datasets\VOC\images\VOCtrainval_11-May-2012.zip': 57% ━━━━━━╸───── 1.0/1.8GB 37.6MB/s 34.6s<20.9s
[KUnzipping C:\Users\dxu1\Desktop\Dissertation\PTQ\datasets\VOC\images\VOCtrainval_06-Nov-2007.zip to C:\Users\dxu1\Desktop\Dissertation\PTQ\datasets\VOC\images\VOCdevkit...: 68% ━━━━━━━━──── 7506/10945 321.0files/s 20.9s<10.7s
[KUnzipping C:\Users\dxu1\Desktop\Dissertation\PTQ\datasets\VOC\images\VOCtest_06-Nov-2007.zip to C:\Users\dxu1\Desktop\Dissertation\PTQ\datasets\VOC\images\VOCdevkit...: 80% ━━━━━━━━━╸── 8336/10357 320.3files/s 23.1s<6.3s
[KUnzipping C:\Users\dxu1\Desktop\Dissertation\PTQ\datasets\VOC\images\VOCtrainval_06-Nov-2007.zip to C:\Users\dxu1\Desktop\Dissertation\PTQ\datasets\VOC\images\VOCdevkit...: 68% ━━━━━━━━──── 7538/10945 319.5files/s 21.0s<10.7s
[KUnzipping C:\Users\dxu1\Desktop\Dissertation\PTQ\datasets\VOC\images\VOCtest_06-Nov-2007.zip to C:\Users\dxu1\Desktop\Dissertation\PTQ\datasets\VOC\images\VOCdevkit...: 80% ━━━━━━━━━╸── 8367/10357 314.9files/s 23.2s<6.3s
[KDownloading https://ultralytics.com/assets/VOCtrainval_11-May-2012.zip to 'C:\Users\dxu1\Desktop\Dissertation\PTQ\datasets\VOC\images\VOCtrainval_11-May-2012.zip': 58% ━━━━━━╸───── 1.1/1.8GB 40.5MB/s 34.8s<19.2s
[KUnzipping C:\Users\dxu1\Desktop\Dissertation\PTQ\datasets\VOC\images\VOCtrainval_06-Nov-2007.zip to C:\Users\dxu1\Desktop\Dissertation\PTQ\datasets\VOC\images\VOCdevkit...: 69% ━━━━━━━━──── 7573/10945 327.1files/s 21.1s<10.3s
[KUnzipping C:\Users\dxu1\Desktop\Dissertation\PTQ\datasets\VOC\images\VOCtest_06-Nov-2007.zip to C:\Users\dxu1\Desktop\Dissertation\PTQ\datasets\VOC\images\VOCdevkit...: 81% ━━━━━━━━━╸── 8402/10357 324.3files/s 23.4s<6.0s
[KDownloading https://ultralytics.com/assets/VOCtrainval_11-May-2012.zip to 'C:\Users\dxu1\Desktop\Dissertation\PTQ\datasets\VOC\images\VOCtrainval_11-May-2012.zip': 58% ━━━━━━━───── 1.1/1.8GB 64.4MB/s 34.9s<12.0s
[KUnzipping C:\Users\dxu1\Desktop\Dissertation\PTQ\datasets\VOC\images\VOCtrainval_06-Nov-2007.zip to C:\Users\dxu1\Desktop\Dissertation\PTQ\datasets\VOC\images\VOCdevkit...: 69% ━━━━━━━━──── 7610/10945 337.3files/s 21.2s<9.9s
[KUnzipping C:\Users\dxu1\Desktop\Dissertation\PTQ\datasets\VOC\images\VOCtest_06-Nov-2007.zip to C:\Users\dxu1\Desktop\Dissertation\PTQ\datasets\VOC\images\VOCdevkit...: 81% ━━━━━━━━━╸── 8440/10357 338.5files/s 23.5s<5.7s
[KDownloading https://ultralytics.com/assets/VOCtrainval_11-May-2012.zip to 'C:\Users\dxu1\Desktop\Dissertation\PTQ\datasets\VOC\images\VOCtrainval_11-May-2012.zip': 58% ━━━━━━━───── 1.1/1.8GB 21.3MB/s 35.0s<36.1s
[KUnzipping C:\Users\dxu1\Desktop\Dissertation\PTQ\datasets\VOC\images\VOCtrainval_06-Nov-2007.zip to C:\Users\dxu1\Desktop\Dissertation\PTQ\datasets\VOC\images\VOCdevkit...: 69% ━━━━━━━━──── 7648/10945 349.4files/s 21.3s<9.4s
[KUnzipping C:\Users\dxu1\Desktop\Dissertation\PTQ\datasets\VOC\images\VOCtest_06-Nov-2007.zip to C:\Users\dxu1\Desktop\Dissertation\PTQ\datasets\VOC\images\VOCdevkit...: 81% ━━━━━━━━━╸── 8478/10357 349.3files/s 23.6s<5.4s
[KUnzipping C:\Users\dxu1\Desktop\Dissertation\PTQ\datasets\VOC\images\VOCtrainval_06-Nov-2007.zip to C:\Users\dxu1\Desktop\Dissertation\PTQ\datasets\VOC\images\VOCdevkit...: 70% ━━━━━━━━──── 7683/10945 347.3files/s 21.4s<9.4s
[KUnzipping C:\Users\dxu1\Desktop\Dissertation\PTQ\datasets\VOC\images\VOCtest_06-Nov-2007.zip to C:\Users\dxu1\Desktop\Dissertation\PTQ\datasets\VOC\images\VOCdevkit...: 82% ━━━━━━━━━╸── 8511/10357 342.1files/s 23.7s<5.4s
[KDownloading https://ultralytics.com/assets/VOCtrainval_11-May-2012.zip to 'C:\Users\dxu1\Desktop\Dissertation\PTQ\datasets\VOC\images\VOCtrainval_11-May-2012.zip': 58% ━━━━━━━───── 1.1/1.8GB 34.7MB/s 35.2s<22.0s
[KUnzipping C:\Users\dxu1\Desktop\Dissertation\PTQ\datasets\VOC\images\VOCtest_06-Nov-2007.zip to C:\Users\dxu1\Desktop\Dissertation\PTQ\datasets\VOC\images\VOCdevkit...: 82% ━━━━━━━━━╸── 8543/10357 334.9files/s 23.8s<5.4s
[KUnzipping C:\Users\dxu1\Desktop\Dissertation\PTQ\datasets\VOC\images\VOCtrainval_06-Nov-2007.zip to C:\Users\dxu1\Desktop\Dissertation\PTQ\datasets\VOC\images\VOCdevkit...: 70% ━━━━━━━━──── 7717/10945 343.7files/s 21.5s<9.4s
[KDownloading https://ultralytics.com/assets/VOCtrainval_11-May-2012.zip to 'C:\Users\dxu1\Desktop\Dissertation\PTQ\datasets\VOC\images\VOCtrainval_11-May-2012.zip': 59% ━━━━━━━───── 1.1/1.8GB 27.6MB/s 35.4s<27.5s
[KUnzipping C:\Users\dxu1\Desktop\Dissertation\PTQ\datasets\VOC\images\VOCtest_06-Nov-2007.zip to C:\Users\dxu1\Desktop\Dissertation\PTQ\datasets\VOC\images\VOCdevkit...: 82% ━━━━━━━━━╸── 8578/10357 338.2files/s 23.9s<5.3s
[KUnzipping C:\Users\dxu1\Desktop\Dissertation\PTQ\datasets\VOC\images\VOCtrainval_06-Nov-2007.zip to C:\Users\dxu1\Desktop\Dissertation\PTQ\datasets\VOC\images\VOCdevkit...: 70% ━━━━━━━━──── 7749/10945 334.6files/s 21.6s<9.6s
[KDownloading https://ultralytics.com/assets/VOCtrainval_11-May-2012.zip to 'C:\Users\dxu1\Desktop\Dissertation\PTQ\datasets\VOC\images\VOCtrainval_11-May-2012.zip': 59% ━━━━━━━───── 1.1/1.8GB 66.2MB/s 35.5s<11.4s
[KUnzipping C:\Users\dxu1\Desktop\Dissertation\PTQ\datasets\VOC\images\VOCtest_06-Nov-2007.zip to C:\Users\dxu1\Desktop\Dissertation\PTQ\datasets\VOC\images\VOCdevkit...: 83% ━━━━━━━━━╸── 8605/10357 317.0files/s 24.0s<5.5s
[KUnzipping C:\Users\dxu1\Desktop\Dissertation\PTQ\datasets\VOC\images\VOCtrainval_06-Nov-2007.zip to C:\Users\dxu1\Desktop\Dissertation\PTQ\datasets\VOC\images\VOCdevkit...: 71% ━━━━━━━━╸─── 7780/10945 321.4files/s 21.7s<9.8s
[KDownloading https://ultralytics.com/assets/VOCtrainval_11-May-2012.zip to 'C:\Users\dxu1\Desktop\Dissertation\PTQ\datasets\VOC\images\VOCtrainval_11-May-2012.zip': 59% ━━━━━━━───── 1.1/1.8GB 29.7MB/s 35.6s<25.2s
[KUnzipping C:\Users\dxu1\Desktop\Dissertation\PTQ\datasets\VOC\images\VOCtrainval_06-Nov-2007.zip to C:\Users\dxu1\Desktop\Dissertation\PTQ\datasets\VOC\images\VOCdevkit...: 71% ━━━━━━━━╸─── 7806/10945 302.7files/s 21.8s<10.4s
[KUnzipping C:\Users\dxu1\Desktop\Dissertation\PTQ\datasets\VOC\images\VOCtest_06-Nov-2007.zip to C:\Users\dxu1\Desktop\Dissertation\PTQ\datasets\VOC\images\VOCdevkit...: 83% ━━━━━━━━━╸── 8630/10357 291.1files/s 24.1s<5.9s
[KDownloading https://ultralytics.com/assets/VOCtrainval_11-May-2012.zip to 'C:\Users\dxu1\Desktop\Dissertation\PTQ\datasets\VOC\images\VOCtrainval_11-May-2012.zip': 60% ━━━━━━━───── 1.1/1.8GB 84.0MB/s 35.7s<8.8s
[KUnzipping C:\Users\dxu1\Desktop\Dissertation\PTQ\datasets\VOC\images\VOCtest_06-Nov-2007.zip to C:\Users\dxu1\Desktop\Dissertation\PTQ\datasets\VOC\images\VOCdevkit...: 83% ━━━━━━━━━━── 8655/10357 278.3files/s 24.2s<6.1s
[KUnzipping C:\Users\dxu1\Desktop\Dissertation\PTQ\datasets\VOC\images\VOCtrainval_06-Nov-2007.zip to C:\Users\dxu1\Desktop\Dissertation\PTQ\datasets\VOC\images\VOCdevkit...: 71% ━━━━━━━━╸─── 7824/10945 264.0files/s 21.9s<11.8s
[KDownloading https://ultralytics.com/assets/VOCtrainval_11-May-2012.zip to 'C:\Users\dxu1\Desktop\Dissertation\PTQ\datasets\VOC\images\VOCtrainval_11-May-2012.zip': 60% ━━━━━━━───── 1.1/1.8GB 46.3MB/s 35.8s<15.9s
[KUnzipping C:\Users\dxu1\Desktop\Dissertation\PTQ\datasets\VOC\images\VOCtest_06-Nov-2007.zip to C:\Users\dxu1\Desktop\Dissertation\PTQ\datasets\VOC\images\VOCdevkit...: 83% ━━━━━━━━━━── 8688/10357 291.9files/s 24.3s<5.7s
[KUnzipping C:\Users\dxu1\Desktop\Dissertation\PTQ\datasets\VOC\images\VOCtrainval_06-Nov-2007.zip to C:\Users\dxu1\Desktop\Dissertation\PTQ\datasets\VOC\images\VOCdevkit...: 71% ━━━━━━━━╸─── 7855/10945 276.6files/s 22.0s<11.2s
[KUnzipping C:\Users\dxu1\Desktop\Dissertation\PTQ\datasets\VOC\images\VOCtest_06-Nov-2007.zip to C:\Users\dxu1\Desktop\Dissertation\PTQ\datasets\VOC\images\VOCdevkit...: 84% ━━━━━━━━━━── 8725/10357 315.0files/s 24.4s<5.2s
[KUnzipping C:\Users\dxu1\Desktop\Dissertation\PTQ\datasets\VOC\images\VOCtrainval_06-Nov-2007.zip to C:\Users\dxu1\Desktop\Dissertation\PTQ\datasets\VOC\images\VOCdevkit...: 72% ━━━━━━━━╸─── 7891/10945 300.2files/s 22.1s<10.2s
[KDownloading https://ultralytics.com/assets/VOCtrainval_11-May-2012.zip to 'C:\Users\dxu1\Desktop\Dissertation\PTQ\datasets\VOC\images\VOCtrainval_11-May-2012.zip': 60% ━━━━━━━───── 1.1/1.8GB 37.2MB/s 35.9s<19.6s
[KUnzipping C:\Users\dxu1\Desktop\Dissertation\PTQ\datasets\VOC\images\VOCtest_06-Nov-2007.zip to C:\Users\dxu1\Desktop\Dissertation\PTQ\datasets\VOC\images\VOCdevkit...: 84% ━━━━━━━━━━── 8760/10357 323.4files/s 24.5s<4.9s
[KUnzipping C:\Users\dxu1\Desktop\Dissertation\PTQ\datasets\VOC\images\VOCtrainval_06-Nov-2007.zip to C:\Users\dxu1\Desktop\Dissertation\PTQ\datasets\VOC\images\VOCdevkit...: 72% ━━━━━━━━╸─── 7927/10945 316.6files/s 22.2s<9.5s
[KDownloading https://ultralytics.com/assets/VOCtrainval_11-May-2012.zip to 'C:\Users\dxu1\Desktop\Dissertation\PTQ\datasets\VOC\images\VOCtrainval_11-May-2012.zip': 61% ━━━━━━━───── 1.1/1.8GB 78.4MB/s 36.1s<9.2s
[KUnzipping C:\Users\dxu1\Desktop\Dissertation\PTQ\datasets\VOC\images\VOCtrainval_06-Nov-2007.zip to C:\Users\dxu1\Desktop\Dissertation\PTQ\datasets\VOC\images\VOCdevkit...: 72% ━━━━━━━━╸─── 7958/10945 313.7files/s 22.3s<9.5s
[KUnzipping C:\Users\dxu1\Desktop\Dissertation\PTQ\datasets\VOC\images\VOCtest_06-Nov-2007.zip to C:\Users\dxu1\Desktop\Dissertation\PTQ\datasets\VOC\images\VOCdevkit...: 84% ━━━━━━━━━━── 8795/10357 325.9files/s 24.6s<4.8s
[KUnzipping C:\Users\dxu1\Desktop\Dissertation\PTQ\datasets\VOC\images\VOCtrainval_06-Nov-2007.zip to C:\Users\dxu1\Desktop\Dissertation\PTQ\datasets\VOC\images\VOCdevkit...: 73% ━━━━━━━━╸─── 7992/10945 316.6files/s 22.4s<9.3s
[KUnzipping C:\Users\dxu1\Desktop\Dissertation\PTQ\datasets\VOC\images\VOCtest_06-Nov-2007.zip to C:\Users\dxu1\Desktop\Dissertation\PTQ\datasets\VOC\images\VOCdevkit...: 85% ━━━━━━━━━━── 8829/10357 324.4files/s 24.7s<4.7s
[KUnzipping C:\Users\dxu1\Desktop\Dissertation\PTQ\datasets\VOC\images\VOCtrainval_06-Nov-2007.zip to C:\Users\dxu1\Desktop\Dissertation\PTQ\datasets\VOC\images\VOCdevkit...: 73% ━━━━━━━━╸─── 8021/10945 308.1files/s 22.5s<9.5s
[KUnzipping C:\Users\dxu1\Desktop\Dissertation\PTQ\datasets\VOC\images\VOCtest_06-Nov-2007.zip to C:\Users\dxu1\Desktop\Dissertation\PTQ\datasets\VOC\images\VOCdevkit...: 85% ━━━━━━━━━━── 8860/10357 318.7files/s 24.8s<4.7s
[KUnzipping C:\Users\dxu1\Desktop\Dissertation\PTQ\datasets\VOC\images\VOCtrainval_06-Nov-2007.zip to C:\Users\dxu1\Desktop\Dissertation\PTQ\datasets\VOC\images\VOCdevkit...: 73% ━━━━━━━━╸─── 8056/10945 318.3files/s 22.6s<9.1s
[KUnzipping C:\Users\dxu1\Desktop\Dissertation\PTQ\datasets\VOC\images\VOCtest_06-Nov-2007.zip to C:\Users\dxu1\Desktop\Dissertation\PTQ\datasets\VOC\images\VOCdevkit...: 85% ━━━━━━━━━━── 8894/10357 323.7files/s 24.9s<4.5s
[KUnzipping C:\Users\dxu1\Desktop\Dissertation\PTQ\datasets\VOC\images\VOCtrainval_06-Nov-2007.zip to C:\Users\dxu1\Desktop\Dissertation\PTQ\datasets\VOC\images\VOCdevkit...: 73% ━━━━━━━━╸─── 8087/10945 315.4files/s 22.7s<9.1s
[KUnzipping C:\Users\dxu1\Desktop\Dissertation\PTQ\datasets\VOC\images\VOCtest_06-Nov-2007.zip to C:\Users\dxu1\Desktop\Dissertation\PTQ\datasets\VOC\images\VOCdevkit...: 86% ━━━━━━━━━━── 8927/10357 323.4files/s 25.0s<4.4s
[KDownloading https://ultralytics.com/assets/VOCtrainval_11-May-2012.zip to 'C:\Users\dxu1\Desktop\Dissertation\PTQ\datasets\VOC\images\VOCtrainval_11-May-2012.zip': 61% ━━━━━━━───── 1.1/1.8GB 4.0MB/s 36.6s<3:01
[KUnzipping C:\Users\dxu1\Desktop\Dissertation\PTQ\datasets\VOC\images\VOCtrainval_06-Nov-2007.zip to C:\Users\dxu1\Desktop\Dissertation\PTQ\datasets\VOC\images\VOCdevkit...: 74% ━━━━━━━━╸─── 8123/10945 327.0files/s 22.8s<8.6s
[KUnzipping C:\Users\dxu1\Desktop\Dissertation\PTQ\datasets\VOC\images\VOCtest_06-Nov-2007.zip to C:\Users\dxu1\Desktop\Dissertation\PTQ\datasets\VOC\images\VOCdevkit...: 86% ━━━━━━━━━━── 8963/10357 333.9files/s 25.1s<4.2s
[KDownloading https://ultralytics.com/assets/VOCtrainval_11-May-2012.zip to 'C:\Users\dxu1\Desktop\Dissertation\PTQ\datasets\VOC\images\VOCtrainval_11-May-2012.zip': 61% ━━━━━━━───── 1.1/1.8GB 15.7MB/s 36.7s<45.6s
[KUnzipping C:\Users\dxu1\Desktop\Dissertation\PTQ\datasets\VOC\images\VOCtrainval_06-Nov-2007.zip to C:\Users\dxu1\Desktop\Dissertation\PTQ\datasets\VOC\images\VOCdevkit...: 74% ━━━━━━━━╸─── 8158/10945 333.8files/s 22.9s<8.4s
[KUnzipping C:\Users\dxu1\Desktop\Dissertation\PTQ\datasets\VOC\images\VOCtest_06-Nov-2007.zip to C:\Users\dxu1\Desktop\Dissertation\PTQ\datasets\VOC\images\VOCdevkit...: 86% ━━━━━━━━━━── 8997/10357 335.5files/s 25.2s<4.1s
[KDownloading https://ultralytics.com/assets/VOCtrainval_11-May-2012.zip to 'C:\Users\dxu1\Desktop\Dissertation\PTQ\datasets\VOC\images\VOCtrainval_11-May-2012.zip': 61% ━━━━━━━───── 1.1/1.8GB 55.7MB/s 36.8s<12.8s
[KUnzipping C:\Users\dxu1\Desktop\Dissertation\PTQ\datasets\VOC\images\VOCtrainval_06-Nov-2007.zip to C:\Users\dxu1\Desktop\Dissertation\PTQ\datasets\VOC\images\VOCdevkit...: 74% ━━━━━━━━╸─── 8194/10945 340.6files/s 23.0s<8.1s
[KUnzipping C:\Users\dxu1\Desktop\Dissertation\PTQ\datasets\VOC\images\VOCtest_06-Nov-2007.zip to C:\Users\dxu1\Desktop\Dissertation\PTQ\datasets\VOC\images\VOCdevkit...: 87% ━━━━━━━━━━── 9033/10357 341.7files/s 25.3s<3.9s
[KDownloading https://ultralytics.com/assets/VOCtrainval_11-May-2012.zip to 'C:\Users\dxu1\Desktop\Dissertation\PTQ\datasets\VOC\images\VOCtrainval_11-May-2012.zip': 61% ━━━━━━━───── 1.1/1.8GB 16.1MB/s 36.9s<44.1s
[KUnzipping C:\Users\dxu1\Desktop\Dissertation\PTQ\datasets\VOC\images\VOCtest_06-Nov-2007.zip to C:\Users\dxu1\Desktop\Dissertation\PTQ\datasets\VOC\images\VOCdevkit...: 87% ━━━━━━━━━━╸─ 9065/10357 334.2files/s 25.4s<3.9s
[KUnzipping C:\Users\dxu1\Desktop\Dissertation\PTQ\datasets\VOC\images\VOCtrainval_06-Nov-2007.zip to C:\Users\dxu1\Desktop\Dissertation\PTQ\datasets\VOC\images\VOCdevkit...: 75% ━━━━━━━━━─── 8227/10945 332.1files/s 23.1s<8.2s
[KDownloading https://ultralytics.com/assets/VOCtrainval_11-May-2012.zip to 'C:\Users\dxu1\Desktop\Dissertation\PTQ\datasets\VOC\images\VOCtrainval_11-May-2012.zip': 62% ━━━━━━━───── 1.1/1.8GB 79.2MB/s 37.0s<8.9s
[KUnzipping C:\Users\dxu1\Desktop\Dissertation\PTQ\datasets\VOC\images\VOCtrainval_06-Nov-2007.zip to C:\Users\dxu1\Desktop\Dissertation\PTQ\datasets\VOC\images\VOCdevkit...: 75% ━━━━━━━━━─── 8248/10945 295.3files/s 23.2s<9.1s
[KUnzipping C:\Users\dxu1\Desktop\Dissertation\PTQ\datasets\VOC\images\VOCtest_06-Nov-2007.zip to C:\Users\dxu1\Desktop\Dissertation\PTQ\datasets\VOC\images\VOCdevkit...: 87% ━━━━━━━━━━╸─ 9099/10357 334.2files/s 25.5s<3.8s
[KDownloading https://ultralytics.com/assets/VOCtrainval_11-May-2012.zip to 'C:\Users\dxu1\Desktop\Dissertation\PTQ\datasets\VOC\images\VOCtrainval_11-May-2012.zip': 62% ━━━━━━━───── 1.1/1.8GB 19.1MB/s 37.1s<36.6s
[KUnzipping C:\Users\dxu1\Desktop\Dissertation\PTQ\datasets\VOC\images\VOCtrainval_06-Nov-2007.zip to C:\Users\dxu1\Desktop\Dissertation\PTQ\datasets\VOC\images\VOCdevkit...: 75% ━━━━━━━━━─── 8284/10945 314.2files/s 23.3s<8.5s
[KUnzipping C:\Users\dxu1\Desktop\Dissertation\PTQ\datasets\VOC\images\VOCtest_06-Nov-2007.zip to C:\Users\dxu1\Desktop\Dissertation\PTQ\datasets\VOC\images\VOCdevkit...: 88% ━━━━━━━━━━╸─ 9137/10357 346.7files/s 25.6s<3.5s
[KDownloading https://ultralytics.com/assets/VOCtrainval_11-May-2012.zip to 'C:\Users\dxu1\Desktop\Dissertation\PTQ\datasets\VOC\images\VOCtrainval_11-May-2012.zip': 62% ━━━━━━━╸──── 1.1/1.8GB 68.8MB/s 37.2s<10.0s
[KUnzipping C:\Users\dxu1\Desktop\Dissertation\PTQ\datasets\VOC\images\VOCtrainval_06-Nov-2007.zip to C:\Users\dxu1\Desktop\Dissertation\PTQ\datasets\VOC\images\VOCdevkit...: 76% ━━━━━━━━━─── 8319/10945 323.3files/s 23.4s<8.1s
[KUnzipping C:\Users\dxu1\Desktop\Dissertation\PTQ\datasets\VOC\images\VOCtest_06-Nov-2007.zip to C:\Users\dxu1\Desktop\Dissertation\PTQ\datasets\VOC\images\VOCdevkit...: 88% ━━━━━━━━━━╸─ 9172/10357 346.9files/s 25.7s<3.4s
[KUnzipping C:\Users\dxu1\Desktop\Dissertation\PTQ\datasets\VOC\images\VOCtrainval_06-Nov-2007.zip to C:\Users\dxu1\Desktop\Dissertation\PTQ\datasets\VOC\images\VOCdevkit...: 76% ━━━━━━━━━─── 8352/10945 324.7files/s 23.5s<8.0s
[KUnzipping C:\Users\dxu1\Desktop\Dissertation\PTQ\datasets\VOC\images\VOCtest_06-Nov-2007.zip to C:\Users\dxu1\Desktop\Dissertation\PTQ\datasets\VOC\images\VOCdevkit...: 88% ━━━━━━━━━━╸─ 9206/10357 341.3files/s 25.8s<3.4s
[KDownloading https://ultralytics.com/assets/VOCtrainval_11-May-2012.zip to 'C:\Users\dxu1\Desktop\Dissertation\PTQ\datasets\VOC\images\VOCtrainval_11-May-2012.zip': 62% ━━━━━━━╸──── 1.1/1.8GB 21.1MB/s 37.4s<32.7s
[KUnzipping C:\Users\dxu1\Desktop\Dissertation\PTQ\datasets\VOC\images\VOCtrainval_06-Nov-2007.zip to C:\Users\dxu1\Desktop\Dissertation\PTQ\datasets\VOC\images\VOCdevkit...: 76% ━━━━━━━━━─── 8384/10945 321.4files/s 23.6s<8.0s
[KUnzipping C:\Users\dxu1\Desktop\Dissertation\PTQ\datasets\VOC\images\VOCtest_06-Nov-2007.zip to C:\Users\dxu1\Desktop\Dissertation\PTQ\datasets\VOC\images\VOCdevkit...: 89% ━━━━━━━━━━╸─ 9240/10357 340.5files/s 25.9s<3.3s
[KDownloading https://ultralytics.com/assets/VOCtrainval_11-May-2012.zip to 'C:\Users\dxu1\Desktop\Dissertation\PTQ\datasets\VOC\images\VOCtrainval_11-May-2012.zip': 63% ━━━━━━━╸──── 1.2/1.8GB 65.8MB/s 37.5s<10.4s
[KUnzipping C:\Users\dxu1\Desktop\Dissertation\PTQ\datasets\VOC\images\VOCtrainval_06-Nov-2007.zip to C:\Users\dxu1\Desktop\Dissertation\PTQ\datasets\VOC\images\VOCdevkit...: 76% ━━━━━━━━━─── 8419/10945 329.0files/s 23.7s<7.7s
[KUnzipping C:\Users\dxu1\Desktop\Dissertation\PTQ\datasets\VOC\images\VOCtest_06-Nov-2007.zip to C:\Users\dxu1\Desktop\Dissertation\PTQ\datasets\VOC\images\VOCdevkit...: 89% ━━━━━━━━━━╸─ 9275/10357 342.9files/s 26.0s<3.2s
[KDownloading https://ultralytics.com/assets/VOCtrainval_11-May-2012.zip to 'C:\Users\dxu1\Desktop\Dissertation\PTQ\datasets\VOC\images\VOCtrainval_11-May-2012.zip': 63% ━━━━━━━╸──── 1.2/1.8GB 22.7MB/s 37.6s<30.0s
[KUnzipping C:\Users\dxu1\Desktop\Dissertation\PTQ\datasets\VOC\images\VOCtrainval_06-Nov-2007.zip to C:\Users\dxu1\Desktop\Dissertation\PTQ\datasets\VOC\images\VOCdevkit...: 77% ━━━━━━━━━─── 8452/10945 327.2files/s 23.8s<7.6s
[KUnzipping C:\Users\dxu1\Desktop\Dissertation\PTQ\datasets\VOC\images\VOCtest_06-Nov-2007.zip to C:\Users\dxu1\Desktop\Dissertation\PTQ\datasets\VOC\images\VOCdevkit...: 89% ━━━━━━━━━━╸─ 9305/10357 328.4files/s 26.1s<3.2s
[KUnzipping C:\Users\dxu1\Desktop\Dissertation\PTQ\datasets\VOC\images\VOCtrainval_06-Nov-2007.zip to C:\Users\dxu1\Desktop\Dissertation\PTQ\datasets\VOC\images\VOCdevkit...: 77% ━━━━━━━━━─── 8481/10945 315.8files/s 23.9s<7.8s
[KUnzipping C:\Users\dxu1\Desktop\Dissertation\PTQ\datasets\VOC\images\VOCtest_06-Nov-2007.zip to C:\Users\dxu1\Desktop\Dissertation\PTQ\datasets\VOC\images\VOCdevkit...: 90% ━━━━━━━━━━╸─ 9331/10357 305.0files/s 26.2s<3.4s
[KDownloading https://ultralytics.com/assets/VOCtrainval_11-May-2012.zip to 'C:\Users\dxu1\Desktop\Dissertation\PTQ\datasets\VOC\images\VOCtrainval_11-May-2012.zip': 63% ━━━━━━━╸──── 1.2/1.8GB 42.4MB/s 37.7s<15.9s
[KUnzipping C:\Users\dxu1\Desktop\Dissertation\PTQ\datasets\VOC\images\VOCtrainval_06-Nov-2007.zip to C:\Users\dxu1\Desktop\Dissertation\PTQ\datasets\VOC\images\VOCdevkit...: 77% ━━━━━━━━━─── 8518/10945 330.3files/s 24.1s<7.3s
[KUnzipping C:\Users\dxu1\Desktop\Dissertation\PTQ\datasets\VOC\images\VOCtest_06-Nov-2007.zip to C:\Users\dxu1\Desktop\Dissertation\PTQ\datasets\VOC\images\VOCdevkit...: 90% ━━━━━━━━━━╸─ 9363/10357 308.0files/s 26.3s<3.2s
[KDownloading https://ultralytics.com/assets/VOCtrainval_11-May-2012.zip to 'C:\Users\dxu1\Desktop\Dissertation\PTQ\datasets\VOC\images\VOCtrainval_11-May-2012.zip': 64% ━━━━━━━╸──── 1.2/1.8GB 35.8MB/s 37.9s<18.7s
[KUnzipping C:\Users\dxu1\Desktop\Dissertation\PTQ\datasets\VOC\images\VOCtrainval_06-Nov-2007.zip to C:\Users\dxu1\Desktop\Dissertation\PTQ\datasets\VOC\images\VOCdevkit...: 78% ━━━━━━━━━─── 8551/10945 328.6files/s 24.2s<7.3s
[KUnzipping C:\Users\dxu1\Desktop\Dissertation\PTQ\datasets\VOC\images\VOCtest_06-Nov-2007.zip to C:\Users\dxu1\Desktop\Dissertation\PTQ\datasets\VOC\images\VOCdevkit...: 90% ━━━━━━━━━━╸─ 9398/10357 319.4files/s 26.4s<3.0s
[KDownloading https://ultralytics.com/assets/VOCtrainval_11-May-2012.zip to 'C:\Users\dxu1\Desktop\Dissertation\PTQ\datasets\VOC\images\VOCtrainval_11-May-2012.zip': 64% ━━━━━━━╸──── 1.2/1.8GB 69.3MB/s 38.0s<9.5s
[KUnzipping C:\Users\dxu1\Desktop\Dissertation\PTQ\datasets\VOC\images\VOCtrainval_06-Nov-2007.zip to C:\Users\dxu1\Desktop\Dissertation\PTQ\datasets\VOC\images\VOCdevkit...: 78% ━━━━━━━━━─── 8585/10945 331.4files/s 24.3s<7.1s
[KUnzipping C:\Users\dxu1\Desktop\Dissertation\PTQ\datasets\VOC\images\VOCtest_06-Nov-2007.zip to C:\Users\dxu1\Desktop\Dissertation\PTQ\datasets\VOC\images\VOCdevkit...: 91% ━━━━━━━━━━╸─ 9434/10357 329.4files/s 26.5s<2.8s
[KDownloading https://ultralytics.com/assets/VOCtrainval_11-May-2012.zip to 'C:\Users\dxu1\Desktop\Dissertation\PTQ\datasets\VOC\images\VOCtrainval_11-May-2012.zip': 64% ━━━━━━━╸──── 1.2/1.8GB 17.8MB/s 38.1s<37.1s
[KUnzipping C:\Users\dxu1\Desktop\Dissertation\PTQ\datasets\VOC\images\VOCtrainval_06-Nov-2007.zip to C:\Users\dxu1\Desktop\Dissertation\PTQ\datasets\VOC\images\VOCdevkit...: 78% ━━━━━━━━━─── 8621/10945 338.2files/s 24.4s<6.9s
[KUnzipping C:\Users\dxu1\Desktop\Dissertation\PTQ\datasets\VOC\images\VOCtest_06-Nov-2007.zip to C:\Users\dxu1\Desktop\Dissertation\PTQ\datasets\VOC\images\VOCdevkit...: 91% ━━━━━━━━━━╸─ 9472/10357 341.8files/s 26.6s<2.6s
[KUnzipping C:\Users\dxu1\Desktop\Dissertation\PTQ\datasets\VOC\images\VOCtrainval_06-Nov-2007.zip to C:\Users\dxu1\Desktop\Dissertation\PTQ\datasets\VOC\images\VOCdevkit...: 79% ━━━━━━━━━─── 8652/10945 329.6files/s 24.5s<7.0s
[KUnzipping C:\Users\dxu1\Desktop\Dissertation\PTQ\datasets\VOC\images\VOCtest_06-Nov-2007.zip to C:\Users\dxu1\Desktop\Dissertation\PTQ\datasets\VOC\images\VOCdevkit...: 91% ━━━━━━━━━━━─ 9505/10357 336.8files/s 26.7s<2.5s
[KDownloading https://ultralytics.com/assets/VOCtrainval_11-May-2012.zip to 'C:\Users\dxu1\Desktop\Dissertation\PTQ\datasets\VOC\images\VOCtrainval_11-May-2012.zip': 64% ━━━━━━━╸──── 1.2/1.8GB 41.6MB/s 38.3s<15.7s
[KUnzipping C:\Users\dxu1\Desktop\Dissertation\PTQ\datasets\VOC\images\VOCtest_06-Nov-2007.zip to C:\Users\dxu1\Desktop\Dissertation\PTQ\datasets\VOC\images\VOCdevkit...: 92% ━━━━━━━━━━━─ 9542/10357 346.3files/s 26.8s<2.4s
[KUnzipping C:\Users\dxu1\Desktop\Dissertation\PTQ\datasets\VOC\images\VOCtrainval_06-Nov-2007.zip to C:\Users\dxu1\Desktop\Dissertation\PTQ\datasets\VOC\images\VOCdevkit...: 79% ━━━━━━━━━╸── 8669/10945 268.0files/s 24.6s<8.5s
[KDownloading https://ultralytics.com/assets/VOCtrainval_11-May-2012.zip to 'C:\Users\dxu1\Desktop\Dissertation\PTQ\datasets\VOC\images\VOCtrainval_11-May-2012.zip': 65% ━━━━━━━╸──── 1.2/1.8GB 24.4MB/s 38.4s<26.6s
[KUnzipping C:\Users\dxu1\Desktop\Dissertation\PTQ\datasets\VOC\images\VOCtest_06-Nov-2007.zip to C:\Users\dxu1\Desktop\Dissertation\PTQ\datasets\VOC\images\VOCdevkit...: 92% ━━━━━━━━━━━─ 9571/10357 322.3files/s 26.9s<2.4s
[KUnzipping C:\Users\dxu1\Desktop\Dissertation\PTQ\datasets\VOC\images\VOCtrainval_06-Nov-2007.zip to C:\Users\dxu1\Desktop\Dissertation\PTQ\datasets\VOC\images\VOCdevkit...: 79% ━━━━━━━━━╸── 8694/10945 262.3files/s 24.7s<8.6s
[KDownloading https://ultralytics.com/assets/VOCtrainval_11-May-2012.zip to 'C:\Users\dxu1\Desktop\Dissertation\PTQ\datasets\VOC\images\VOCtrainval_11-May-2012.zip': 65% ━━━━━━━╸──── 1.2/1.8GB 73.7MB/s 38.5s<8.7s
[KUnzipping C:\Users\dxu1\Desktop\Dissertation\PTQ\datasets\VOC\images\VOCtest_06-Nov-2007.zip to C:\Users\dxu1\Desktop\Dissertation\PTQ\datasets\VOC\images\VOCdevkit...: 92% ━━━━━━━━━━━─ 9602/10357 313.7files/s 27.0s<2.4s
[KUnzipping C:\Users\dxu1\Desktop\Dissertation\PTQ\datasets\VOC\images\VOCtrainval_06-Nov-2007.zip to C:\Users\dxu1\Desktop\Dissertation\PTQ\datasets\VOC\images\VOCdevkit...: 79% ━━━━━━━━━╸── 8725/10945 275.6files/s 24.8s<8.1s
[KDownloading https://ultralytics.com/assets/VOCtrainval_11-May-2012.zip to 'C:\Users\dxu1\Desktop\Dissertation\PTQ\datasets\VOC\images\VOCtrainval_11-May-2012.zip': 65% ━━━━━━━╸──── 1.2/1.8GB 18.6MB/s 38.6s<34.3s
[KUnzipping C:\Users\dxu1\Desktop\Dissertation\PTQ\datasets\VOC\images\VOCtest_06-Nov-2007.zip to C:\Users\dxu1\Desktop\Dissertation\PTQ\datasets\VOC\images\VOCdevkit...: 93% ━━━━━━━━━━━─ 9639/10357 328.6files/s 27.1s<2.2s
[KUnzipping C:\Users\dxu1\Desktop\Dissertation\PTQ\datasets\VOC\images\VOCtrainval_06-Nov-2007.zip to C:\Users\dxu1\Desktop\Dissertation\PTQ\datasets\VOC\images\VOCdevkit...: 80% ━━━━━━━━━╸── 8763/10945 304.2files/s 24.9s<7.2s
[KUnzipping C:\Users\dxu1\Desktop\Dissertation\PTQ\datasets\VOC\images\VOCtest_06-Nov-2007.zip to C:\Users\dxu1\Desktop\Dissertation\PTQ\datasets\VOC\images\VOCdevkit...: 93% ━━━━━━━━━━━─ 9672/10357 318.3files/s 27.2s<2.2s
[KUnzipping C:\Users\dxu1\Desktop\Dissertation\PTQ\datasets\VOC\images\VOCtrainval_06-Nov-2007.zip to C:\Users\dxu1\Desktop\Dissertation\PTQ\datasets\VOC\images\VOCdevkit...: 80% ━━━━━━━━━╸── 8793/10945 296.9files/s 25.0s<7.2s
[KDownloading https://ultralytics.com/assets/VOCtrainval_11-May-2012.zip to 'C:\Users\dxu1\Desktop\Dissertation\PTQ\datasets\VOC\images\VOCtrainval_11-May-2012.zip': 65% ━━━━━━━╸──── 1.2/1.8GB 41.6MB/s 38.8s<15.2s
[KUnzipping C:\Users\dxu1\Desktop\Dissertation\PTQ\datasets\VOC\images\VOCtest_06-Nov-2007.zip to C:\Users\dxu1\Desktop\Dissertation\PTQ\datasets\VOC\images\VOCdevkit...: 93% ━━━━━━━━━━━─ 9706/10357 322.2files/s 27.3s<2.0s
[KUnzipping C:\Users\dxu1\Desktop\Dissertation\PTQ\datasets\VOC\images\VOCtrainval_06-Nov-2007.zip to C:\Users\dxu1\Desktop\Dissertation\PTQ\datasets\VOC\images\VOCdevkit...: 80% ━━━━━━━━━╸── 8825/10945 302.2files/s 25.1s<7.0s
[KUnzipping C:\Users\dxu1\Desktop\Dissertation\PTQ\datasets\VOC\images\VOCtest_06-Nov-2007.zip to C:\Users\dxu1\Desktop\Dissertation\PTQ\datasets\VOC\images\VOCdevkit...: 94% ━━━━━━━━━━━─ 9743/10357 332.7files/s 27.4s<1.8s
[KDownloading https://ultralytics.com/assets/VOCtrainval_11-May-2012.zip to 'C:\Users\dxu1\Desktop\Dissertation\PTQ\datasets\VOC\images\VOCtrainval_11-May-2012.zip': 66% ━━━━━━━╸──── 1.2/1.8GB 21.3MB/s 39.0s<29.6s
[KUnzipping C:\Users\dxu1\Desktop\Dissertation\PTQ\datasets\VOC\images\VOCtrainval_06-Nov-2007.zip to C:\Users\dxu1\Desktop\Dissertation\PTQ\datasets\VOC\images\VOCdevkit...: 80% ━━━━━━━━━╸── 8861/10945 317.2files/s 25.2s<6.6s
[KUnzipping C:\Users\dxu1\Desktop\Dissertation\PTQ\datasets\VOC\images\VOCtest_06-Nov-2007.zip to C:\Users\dxu1\Desktop\Dissertation\PTQ\datasets\VOC\images\VOCdevkit...: 94% ━━━━━━━━━━━─ 9779/10357 339.7files/s 27.5s<1.7s
[KUnzipping C:\Users\dxu1\Desktop\Dissertation\PTQ\datasets\VOC\images\VOCtrainval_06-Nov-2007.zip to C:\Users\dxu1\Desktop\Dissertation\PTQ\datasets\VOC\images\VOCdevkit...: 81% ━━━━━━━━━╸── 8896/10945 326.2files/s 25.3s<6.3s
[KDownloading https://ultralytics.com/assets/VOCtrainval_11-May-2012.zip to 'C:\Users\dxu1\Desktop\Dissertation\PTQ\datasets\VOC\images\VOCtrainval_11-May-2012.zip': 66% ━━━━━━━╸──── 1.2/1.8GB 35.7MB/s 39.1s<17.5s
[KUnzipping C:\Users\dxu1\Desktop\Dissertation\PTQ\datasets\VOC\images\VOCtest_06-Nov-2007.zip to C:\Users\dxu1\Desktop\Dissertation\PTQ\datasets\VOC\images\VOCdevkit...: 94% ━━━━━━━━━━━─ 9812/10357 335.5files/s 27.7s<1.6s
[KUnzipping C:\Users\dxu1\Desktop\Dissertation\PTQ\datasets\VOC\images\VOCtrainval_06-Nov-2007.zip to C:\Users\dxu1\Desktop\Dissertation\PTQ\datasets\VOC\images\VOCdevkit...: 81% ━━━━━━━━━╸── 8927/10945 320.0files/s 25.4s<6.3s
[KDownloading https://ultralytics.com/assets/VOCtrainval_11-May-2012.zip to 'C:\Users\dxu1\Desktop\Dissertation\PTQ\datasets\VOC\images\VOCtrainval_11-May-2012.zip': 66% ━━━━━━━╸──── 1.2/1.8GB 37.2MB/s 39.2s<16.7s
[KUnzipping C:\Users\dxu1\Desktop\Dissertation\PTQ\datasets\VOC\images\VOCtest_06-Nov-2007.zip to C:\Users\dxu1\Desktop\Dissertation\PTQ\datasets\VOC\images\VOCdevkit...: 95% ━━━━━━━━━━━─ 9844/10357 329.4files/s 27.8s<1.6s
[KUnzipping C:\Users\dxu1\Desktop\Dissertation\PTQ\datasets\VOC\images\VOCtrainval_06-Nov-2007.zip to C:\Users\dxu1\Desktop\Dissertation\PTQ\datasets\VOC\images\VOCdevkit...: 81% ━━━━━━━━━╸── 8959/10945 317.2files/s 25.5s<6.3s
[KDownloading https://ultralytics.com/assets/VOCtrainval_11-May-2012.zip to 'C:\Users\dxu1\Desktop\Dissertation\PTQ\datasets\VOC\images\VOCtrainval_11-May-2012.zip': 66% ━━━━━━━━──── 1.2/1.8GB 17.3MB/s 39.3s<35.8s
[KUnzipping C:\Users\dxu1\Desktop\Dissertation\PTQ\datasets\VOC\images\VOCtest_06-Nov-2007.zip to C:\Users\dxu1\Desktop\Dissertation\PTQ\datasets\VOC\images\VOCdevkit...: 95% ━━━━━━━━━━━─ 9877/10357 329.3files/s 27.9s<1.5s
[KUnzipping C:\Users\dxu1\Desktop\Dissertation\PTQ\datasets\VOC\images\VOCtrainval_06-Nov-2007.zip to C:\Users\dxu1\Desktop\Dissertation\PTQ\datasets\VOC\images\VOCdevkit...: 82% ━━━━━━━━━╸── 8991/10945 314.0files/s 25.6s<6.2s
[KDownloading https://ultralytics.com/assets/VOCtrainval_11-May-2012.zip to 'C:\Users\dxu1\Desktop\Dissertation\PTQ\datasets\VOC\images\VOCtrainval_11-May-2012.zip': 67% ━━━━━━━━──── 1.2/1.8GB 79.5MB/s 39.4s<7.7s
[KUnzipping C:\Users\dxu1\Desktop\Dissertation\PTQ\datasets\VOC\images\VOCtest_06-Nov-2007.zip to C:\Users\dxu1\Desktop\Dissertation\PTQ\datasets\VOC\images\VOCdevkit...: 95% ━━━━━━━━━━━─ 9910/10357 326.7files/s 28.0s<1.4s
[KUnzipping C:\Users\dxu1\Desktop\Dissertation\PTQ\datasets\VOC\images\VOCtrainval_06-Nov-2007.zip to C:\Users\dxu1\Desktop\Dissertation\PTQ\datasets\VOC\images\VOCdevkit...: 82% ━━━━━━━━━╸── 9021/10945 308.4files/s 25.7s<6.2s
[KDownloading https://ultralytics.com/assets/VOCtrainval_11-May-2012.zip to 'C:\Users\dxu1\Desktop\Dissertation\PTQ\datasets\VOC\images\VOCtrainval_11-May-2012.zip': 67% ━━━━━━━━──── 1.2/1.8GB 19.7MB/s 39.5s<30.8s
[KUnzipping C:\Users\dxu1\Desktop\Dissertation\PTQ\datasets\VOC\images\VOCtest_06-Nov-2007.zip to C:\Users\dxu1\Desktop\Dissertation\PTQ\datasets\VOC\images\VOCdevkit...: 95% ━━━━━━━━━━━╸ 9942/10357 323.3files/s 28.1s<1.3s
[KUnzipping C:\Users\dxu1\Desktop\Dissertation\PTQ\datasets\VOC\images\VOCtrainval_06-Nov-2007.zip to C:\Users\dxu1\Desktop\Dissertation\PTQ\datasets\VOC\images\VOCdevkit...: 82% ━━━━━━━━━╸── 9049/10945 298.9files/s 25.8s<6.3s
[KDownloading https://ultralytics.com/assets/VOCtrainval_11-May-2012.zip to 'C:\Users\dxu1\Desktop\Dissertation\PTQ\datasets\VOC\images\VOCtrainval_11-May-2012.zip': 67% ━━━━━━━━──── 1.2/1.8GB 40.7MB/s 39.6s<14.8s
[KUnzipping C:\Users\dxu1\Desktop\Dissertation\PTQ\datasets\VOC\images\VOCtest_06-Nov-2007.zip to C:\Users\dxu1\Desktop\Dissertation\PTQ\datasets\VOC\images\VOCdevkit...: 96% ━━━━━━━━━━━╸ 9973/10357 317.9files/s 28.2s<1.2s
[KUnzipping C:\Users\dxu1\Desktop\Dissertation\PTQ\datasets\VOC\images\VOCtrainval_06-Nov-2007.zip to C:\Users\dxu1\Desktop\Dissertation\PTQ\datasets\VOC\images\VOCdevkit...: 82% ━━━━━━━━━╸── 9075/10945 286.3files/s 25.9s<6.5s
[KDownloading https://ultralytics.com/assets/VOCtrainval_11-May-2012.zip to 'C:\Users\dxu1\Desktop\Dissertation\PTQ\datasets\VOC\images\VOCtrainval_11-May-2012.zip': 67% ━━━━━━━━──── 1.2/1.8GB 36.0MB/s 39.8s<16.6s
[KUnzipping C:\Users\dxu1\Desktop\Dissertation\PTQ\datasets\VOC\images\VOCtest_06-Nov-2007.zip to C:\Users\dxu1\Desktop\Dissertation\PTQ\datasets\VOC\images\VOCdevkit...: 96% ━━━━━━━━━━━╸ 10004/10357 313.5files/s 28.3s<1.1s
[KUnzipping C:\Users\dxu1\Desktop\Dissertation\PTQ\datasets\VOC\images\VOCtrainval_06-Nov-2007.zip to C:\Users\dxu1\Desktop\Dissertation\PTQ\datasets\VOC\images\VOCdevkit...: 83% ━━━━━━━━━╸── 9107/10945 294.8files/s 26.0s<6.2s
[KDownloading https://ultralytics.com/assets/VOCtrainval_11-May-2012.zip to 'C:\Users\dxu1\Desktop\Dissertation\PTQ\datasets\VOC\images\VOCtrainval_11-May-2012.zip': 67% ━━━━━━━━──── 1.2/1.8GB 18.9MB/s 39.9s<31.6s
[KUnzipping C:\Users\dxu1\Desktop\Dissertation\PTQ\datasets\VOC\images\VOCtest_06-Nov-2007.zip to C:\Users\dxu1\Desktop\Dissertation\PTQ\datasets\VOC\images\VOCdevkit...: 96% ━━━━━━━━━━━╸ 10034/10357 308.7files/s 28.4s<1.0s
[KUnzipping C:\Users\dxu1\Desktop\Dissertation\PTQ\datasets\VOC\images\VOCtrainval_06-Nov-2007.zip to C:\Users\dxu1\Desktop\Dissertation\PTQ\datasets\VOC\images\VOCdevkit...: 83% ━━━━━━━━━━── 9137/10945 295.7files/s 26.1s<6.1s
[KUnzipping C:\Users\dxu1\Desktop\Dissertation\PTQ\datasets\VOC\images\VOCtest_06-Nov-2007.zip to C:\Users\dxu1\Desktop\Dissertation\PTQ\datasets\VOC\images\VOCdevkit...: 97% ━━━━━━━━━━━╸ 10071/10357 323.7files/s 28.5s<0.9s
[KDownloading https://ultralytics.com/assets/VOCtrainval_11-May-2012.zip to 'C:\Users\dxu1\Desktop\Dissertation\PTQ\datasets\VOC\images\VOCtrainval_11-May-2012.zip': 68% ━━━━━━━━──── 1.2/1.8GB 35.6MB/s 40.0s<16.6s
[KUnzipping C:\Users\dxu1\Desktop\Dissertation\PTQ\datasets\VOC\images\VOCtrainval_06-Nov-2007.zip to C:\Users\dxu1\Desktop\Dissertation\PTQ\datasets\VOC\images\VOCdevkit...: 83% ━━━━━━━━━━── 9172/10945 311.1files/s 26.2s<5.7s
[KUnzipping C:\Users\dxu1\Desktop\Dissertation\PTQ\datasets\VOC\images\VOCtest_06-Nov-2007.zip to C:\Users\dxu1\Desktop\Dissertation\PTQ\datasets\VOC\images\VOCdevkit...: 97% ━━━━━━━━━━━╸ 10101/10357 316.6files/s 28.6s<0.8s
[KUnzipping C:\Users\dxu1\Desktop\Dissertation\PTQ\datasets\VOC\images\VOCtrainval_06-Nov-2007.zip to C:\Users\dxu1\Desktop\Dissertation\PTQ\datasets\VOC\images\VOCdevkit...: 84% ━━━━━━━━━━── 9200/10945 301.6files/s 26.3s<5.8s
[KDownloading https://ultralytics.com/assets/VOCtrainval_11-May-2012.zip to 'C:\Users\dxu1\Desktop\Dissertation\PTQ\datasets\VOC\images\VOCtrainval_11-May-2012.zip': 68% ━━━━━━━━──── 1.2/1.8GB 24.3MB/s 40.2s<24.3s
[KUnzipping C:\Users\dxu1\Desktop\Dissertation\PTQ\datasets\VOC\images\VOCtest_06-Nov-2007.zip to C:\Users\dxu1\Desktop\Dissertation\PTQ\datasets\VOC\images\VOCdevkit...: 97% ━━━━━━━━━━━╸ 10134/10357 318.4files/s 28.7s<0.7s
[KUnzipping C:\Users\dxu1\Desktop\Dissertation\PTQ\datasets\VOC\images\VOCtrainval_06-Nov-2007.zip to C:\Users\dxu1\Desktop\Dissertation\PTQ\datasets\VOC\images\VOCdevkit...: 84% ━━━━━━━━━━── 9231/10945 303.3files/s 26.4s<5.7s
[KDownloading https://ultralytics.com/assets/VOCtrainval_11-May-2012.zip to 'C:\Users\dxu1\Desktop\Dissertation\PTQ\datasets\VOC\images\VOCtrainval_11-May-2012.zip': 68% ━━━━━━━━──── 1.2/1.8GB 79.8MB/s 40.3s<7.3s
[KUnzipping C:\Users\dxu1\Desktop\Dissertation\PTQ\datasets\VOC\images\VOCtest_06-Nov-2007.zip to C:\Users\dxu1\Desktop\Dissertation\PTQ\datasets\VOC\images\VOCdevkit...: 98% ━━━━━━━━━━━╸ 10164/10357 310.8files/s 28.8s<0.6s
[KUnzipping C:\Users\dxu1\Desktop\Dissertation\PTQ\datasets\VOC\images\VOCtrainval_06-Nov-2007.zip to C:\Users\dxu1\Desktop\Dissertation\PTQ\datasets\VOC\images\VOCdevkit...: 84% ━━━━━━━━━━── 9258/10945 293.0files/s 26.5s<5.8s
[KUnzipping C:\Users\dxu1\Desktop\Dissertation\PTQ\datasets\VOC\images\VOCtest_06-Nov-2007.zip to C:\Users\dxu1\Desktop\Dissertation\PTQ\datasets\VOC\images\VOCdevkit...: 98% ━━━━━━━━━━━╸ 10198/10357 318.1files/s 28.9s<0.5s
[KUnzipping C:\Users\dxu1\Desktop\Dissertation\PTQ\datasets\VOC\images\VOCtrainval_06-Nov-2007.zip to C:\Users\dxu1\Desktop\Dissertation\PTQ\datasets\VOC\images\VOCdevkit...: 84% ━━━━━━━━━━── 9292/10945 304.7files/s 26.6s<5.4s
[KUnzipping C:\Users\dxu1\Desktop\Dissertation\PTQ\datasets\VOC\images\VOCtest_06-Nov-2007.zip to C:\Users\dxu1\Desktop\Dissertation\PTQ\datasets\VOC\images\VOCdevkit...: 98% ━━━━━━━━━━━╸ 10234/10357 328.7files/s 29.0s<0.4s
[KUnzipping C:\Users\dxu1\Desktop\Dissertation\PTQ\datasets\VOC\images\VOCtrainval_06-Nov-2007.zip to C:\Users\dxu1\Desktop\Dissertation\PTQ\datasets\VOC\images\VOCdevkit...: 85% ━━━━━━━━━━── 9329/10945 323.5files/s 26.7s<5.0s
[KUnzipping C:\Users\dxu1\Desktop\Dissertation\PTQ\datasets\VOC\images\VOCtest_06-Nov-2007.zip to C:\Users\dxu1\Desktop\Dissertation\PTQ\datasets\VOC\images\VOCdevkit...: 99% ━━━━━━━━━━━╸ 10273/10357 345.3files/s 29.1s<0.2s
[KUnzipping C:\Users\dxu1\Desktop\Dissertation\PTQ\datasets\VOC\images\VOCtrainval_06-Nov-2007.zip to C:\Users\dxu1\Desktop\Dissertation\PTQ\datasets\VOC\images\VOCdevkit...: 85% ━━━━━━━━━━── 9366/10945 335.2files/s 26.8s<4.7s
[KUnzipping C:\Users\dxu1\Desktop\Dissertation\PTQ\datasets\VOC\images\VOCtest_06-Nov-2007.zip to C:\Users\dxu1\Desktop\Dissertation\PTQ\datasets\VOC\images\VOCdevkit...: 99% ━━━━━━━━━━━╸ 10308/10357 345.6files/s 29.2s<0.1s
[KUnzipping C:\Users\dxu1\Desktop\Dissertation\PTQ\datasets\VOC\images\VOCtrainval_06-Nov-2007.zip to C:\Users\dxu1\Desktop\Dissertation\PTQ\datasets\VOC\images\VOCdevkit...: 85% ━━━━━━━━━━── 9401/10945 338.4files/s 26.9s<4.6s
[KDownloading https://ultralytics.com/assets/VOCtrainval_11-May-2012.zip to 'C:\Users\dxu1\Desktop\Dissertation\PTQ\datasets\VOC\images\VOCtrainval_11-May-2012.zip': 68% ━━━━━━━━──── 1.3/1.8GB 4.1MB/s 40.8s<2:22
[KUnzipping C:\Users\dxu1\Desktop\Dissertation\PTQ\datasets\VOC\images\VOCtest_06-Nov-2007.zip to C:\Users\dxu1\Desktop\Dissertation\PTQ\datasets\VOC\images\VOCdevkit...: 99% ━━━━━━━━━━━╸ 10334/10357 319.1files/s 29.3s<0.1s
[KUnzipping C:\Users\dxu1\Desktop\Dissertation\PTQ\datasets\VOC\images\VOCtrainval_06-Nov-2007.zip to C:\Users\dxu1\Desktop\Dissertation\PTQ\datasets\VOC\images\VOCdevkit...: 86% ━━━━━━━━━━── 9429/10945 320.2files/s 27.0s<4.7s
[KDownloading https://ultralytics.com/assets/VOCtrainval_11-May-2012.zip to 'C:\Users\dxu1\Desktop\Dissertation\PTQ\datasets\VOC\images\VOCtrainval_11-May-2012.zip': 68% ━━━━━━━━──── 1.3/1.8GB 15.9MB/s 40.9s<36.2s
[KUnzipping C:\Users\dxu1\Desktop\Dissertation\PTQ\datasets\VOC\images\VOCtest_06-Nov-2007.zip to C:\Users\dxu1\Desktop\Dissertation\PTQ\datasets\VOC\images\VOCdevkit...: 100% ━━━━━━━━━━━━ 10357/10357 352.9files/s 29.4s

[KUnzipping C:\Users\dxu1\Desktop\Dissertation\PTQ\datasets\VOC\images\VOCtrainval_06-Nov-2007.zip to C:\Users\dxu1\Desktop\Dissertation\PTQ\datasets\VOC\images\VOCdevkit...: 86% ━━━━━━━━━━── 9459/10945 312.7files/s 27.1s<4.8s
[KDownloading https://ultralytics.com/assets/VOCtrainval_11-May-2012.zip to 'C:\Users\dxu1\Desktop\Dissertation\PTQ\datasets\VOC\images\VOCtrainval_11-May-2012.zip': 69% ━━━━━━━━──── 1.3/1.8GB 56.9MB/s 41.0s<10.0s
[KUnzipping C:\Users\dxu1\Desktop\Dissertation\PTQ\datasets\VOC\images\VOCtrainval_06-Nov-2007.zip to C:\Users\dxu1\Desktop\Dissertation\PTQ\datasets\VOC\images\VOCdevkit...: 86% ━━━━━━━━━━── 9499/10945 337.3files/s 27.2s<4.3s
[KDownloading https://ultralytics.com/assets/VOCtrainval_11-May-2012.zip to 'C:\Users\dxu1\Desktop\Dissertation\PTQ\datasets\VOC\images\VOCtrainval_11-May-2012.zip': 69% ━━━━━━━━──── 1.3/1.8GB 15.5MB/s 41.1s<36.8s
[KUnzipping C:\Users\dxu1\Desktop\Dissertation\PTQ\datasets\VOC\images\VOCtrainval_06-Nov-2007.zip to C:\Users\dxu1\Desktop\Dissertation\PTQ\datasets\VOC\images\VOCdevkit...: 87% ━━━━━━━━━━── 9539/10945 354.3files/s 27.3s<4.0s
[KUnzipping C:\Users\dxu1\Desktop\Dissertation\PTQ\datasets\VOC\images\VOCtrainval_06-Nov-2007.zip to C:\Users\dxu1\Desktop\Dissertation\PTQ\datasets\VOC\images\VOCdevkit...: 87% ━━━━━━━━━━╸─ 9582/10945 376.6files/s 27.4s<3.6s
[KDownloading https://ultralytics.com/assets/VOCtrainval_11-May-2012.zip to 'C:\Users\dxu1\Desktop\Dissertation\PTQ\datasets\VOC\images\VOCtrainval_11-May-2012.zip': 69% ━━━━━━━━──── 1.3/1.8GB 35.5MB/s 41.3s<15.9s
[KUnzipping C:\Users\dxu1\Desktop\Dissertation\PTQ\datasets\VOC\images\VOCtrainval_06-Nov-2007.zip to C:\Users\dxu1\Desktop\Dissertation\PTQ\datasets\VOC\images\VOCdevkit...: 87% ━━━━━━━━━━╸─ 9626/10945 395.0files/s 27.5s<3.3s
[KUnzipping C:\Users\dxu1\Desktop\Dissertation\PTQ\datasets\VOC\images\VOCtrainval_06-Nov-2007.zip to C:\Users\dxu1\Desktop\Dissertation\PTQ\datasets\VOC\images\VOCdevkit...: 88% ━━━━━━━━━━╸─ 9669/10945 403.6files/s 27.6s<3.2s
[KDownloading https://ultralytics.com/assets/VOCtrainval_11-May-2012.zip to 'C:\Users\dxu1\Desktop\Dissertation\PTQ\datasets\VOC\images\VOCtrainval_11-May-2012.zip': 69% ━━━━━━━━──── 1.3/1.8GB 26.9MB/s 41.4s<20.8s
[KUnzipping C:\Users\dxu1\Desktop\Dissertation\PTQ\datasets\VOC\images\VOCtrainval_06-Nov-2007.zip to C:\Users\dxu1\Desktop\Dissertation\PTQ\datasets\VOC\images\VOCdevkit...: 88% ━━━━━━━━━━╸─ 9711/10945 406.3files/s 27.7s<3.0s
[KDownloading https://ultralytics.com/assets/VOCtrainval_11-May-2012.zip to 'C:\Users\dxu1\Desktop\Dissertation\PTQ\datasets\VOC\images\VOCtrainval_11-May-2012.zip': 70% ━━━━━━━━──── 1.3/1.8GB 56.8MB/s 41.5s<9.7s
[KUnzipping C:\Users\dxu1\Desktop\Dissertation\PTQ\datasets\VOC\images\VOCtrainval_06-Nov-2007.zip to C:\Users\dxu1\Desktop\Dissertation\PTQ\datasets\VOC\images\VOCdevkit...: 89% ━━━━━━━━━━╸─ 9752/10945 405.3files/s 27.8s<2.9s
[KDownloading https://ultralytics.com/assets/VOCtrainval_11-May-2012.zip to 'C:\Users\dxu1\Desktop\Dissertation\PTQ\datasets\VOC\images\VOCtrainval_11-May-2012.zip': 70% ━━━━━━━━──── 1.3/1.8GB 29.7MB/s 41.7s<18.5s
[KUnzipping C:\Users\dxu1\Desktop\Dissertation\PTQ\datasets\VOC\images\VOCtrainval_06-Nov-2007.zip to C:\Users\dxu1\Desktop\Dissertation\PTQ\datasets\VOC\images\VOCdevkit...: 89% ━━━━━━━━━━╸─ 9793/10945 406.2files/s 27.9s<2.8s
[KDownloading https://ultralytics.com/assets/VOCtrainval_11-May-2012.zip to 'C:\Users\dxu1\Desktop\Dissertation\PTQ\datasets\VOC\images\VOCtrainval_11-May-2012.zip': 70% ━━━━━━━━╸─── 1.3/1.8GB 79.3MB/s 41.8s<6.8s
[KUnzipping C:\Users\dxu1\Desktop\Dissertation\PTQ\datasets\VOC\images\VOCtrainval_06-Nov-2007.zip to C:\Users\dxu1\Desktop\Dissertation\PTQ\datasets\VOC\images\VOCdevkit...: 89% ━━━━━━━━━━╸─ 9833/10945 404.3files/s 28.0s<2.8s
[KDownloading https://ultralytics.com/assets/VOCtrainval_11-May-2012.zip to 'C:\Users\dxu1\Desktop\Dissertation\PTQ\datasets\VOC\images\VOCtrainval_11-May-2012.zip': 71% ━━━━━━━━╸─── 1.3/1.8GB 37.5MB/s 41.9s<14.3s
[KUnzipping C:\Users\dxu1\Desktop\Dissertation\PTQ\datasets\VOC\images\VOCtrainval_06-Nov-2007.zip to C:\Users\dxu1\Desktop\Dissertation\PTQ\datasets\VOC\images\VOCdevkit...: 90% ━━━━━━━━━━╸─ 9871/10945 396.8files/s 28.1s<2.7s
[KUnzipping C:\Users\dxu1\Desktop\Dissertation\PTQ\datasets\VOC\images\VOCtrainval_06-Nov-2007.zip to C:\Users\dxu1\Desktop\Dissertation\PTQ\datasets\VOC\images\VOCdevkit...: 90% ━━━━━━━━━━╸─ 9914/10945 404.9files/s 28.2s<2.5s
[KDownloading https://ultralytics.com/assets/VOCtrainval_11-May-2012.zip to 'C:\Users\dxu1\Desktop\Dissertation\PTQ\datasets\VOC\images\VOCtrainval_11-May-2012.zip': 71% ━━━━━━━━╸─── 1.3/1.8GB 46.2MB/s 42.1s<11.5s
[KUnzipping C:\Users\dxu1\Desktop\Dissertation\PTQ\datasets\VOC\images\VOCtrainval_06-Nov-2007.zip to C:\Users\dxu1\Desktop\Dissertation\PTQ\datasets\VOC\images\VOCdevkit...: 90% ━━━━━━━━━━╸─ 9935/10945 345.2files/s 28.3s<2.9s
[KDownloading https://ultralytics.com/assets/VOCtrainval_11-May-2012.zip to 'C:\Users\dxu1\Desktop\Dissertation\PTQ\datasets\VOC\images\VOCtrainval_11-May-2012.zip': 71% ━━━━━━━━╸─── 1.3/1.8GB 69.9MB/s 42.2s<7.5s
[KUnzipping C:\Users\dxu1\Desktop\Dissertation\PTQ\datasets\VOC\images\VOCtrainval_06-Nov-2007.zip to C:\Users\dxu1\Desktop\Dissertation\PTQ\datasets\VOC\images\VOCdevkit...: 91% ━━━━━━━━━━╸─ 9976/10945 364.4files/s 28.4s<2.7s
[KDownloading https://ultralytics.com/assets/VOCtrainval_11-May-2012.zip to 'C:\Users\dxu1\Desktop\Dissertation\PTQ\datasets\VOC\images\VOCtrainval_11-May-2012.zip': 72% ━━━━━━━━╸─── 1.3/1.8GB 21.2MB/s 42.3s<24.5s
[KUnzipping C:\Users\dxu1\Desktop\Dissertation\PTQ\datasets\VOC\images\VOCtrainval_06-Nov-2007.zip to C:\Users\dxu1\Desktop\Dissertation\PTQ\datasets\VOC\images\VOCdevkit...: 91% ━━━━━━━━━━╸─ 10018/10945 378.5files/s 28.5s<2.4s
[KDownloading https://ultralytics.com/assets/VOCtrainval_11-May-2012.zip to 'C:\Users\dxu1\Desktop\Dissertation\PTQ\datasets\VOC\images\VOCtrainval_11-May-2012.zip': 72% ━━━━━━━━╸─── 1.3/1.8GB 83.4MB/s 42.4s<6.1s
[KUnzipping C:\Users\dxu1\Desktop\Dissertation\PTQ\datasets\VOC\images\VOCtrainval_06-Nov-2007.zip to C:\Users\dxu1\Desktop\Dissertation\PTQ\datasets\VOC\images\VOCdevkit...: 91% ━━━━━━━━━━━─ 10045/10945 345.8files/s 28.6s<2.6s
[KDownloading https://ultralytics.com/assets/VOCtrainval_11-May-2012.zip to 'C:\Users\dxu1\Desktop\Dissertation\PTQ\datasets\VOC\images\VOCtrainval_11-May-2012.zip': 72% ━━━━━━━━╸─── 1.3/1.8GB 38.0MB/s 42.5s<13.3s
[KUnzipping C:\Users\dxu1\Desktop\Dissertation\PTQ\datasets\VOC\images\VOCtrainval_06-Nov-2007.zip to C:\Users\dxu1\Desktop\Dissertation\PTQ\datasets\VOC\images\VOCdevkit...: 92% ━━━━━━━━━━━─ 10085/10945 359.2files/s 28.8s<2.4s
[KUnzipping C:\Users\dxu1\Desktop\Dissertation\PTQ\datasets\VOC\images\VOCtrainval_06-Nov-2007.zip to C:\Users\dxu1\Desktop\Dissertation\PTQ\datasets\VOC\images\VOCdevkit...: 92% ━━━━━━━━━━━─ 10126/10945 373.6files/s 28.9s<2.2s
[KDownloading https://ultralytics.com/assets/VOCtrainval_11-May-2012.zip to 'C:\Users\dxu1\Desktop\Dissertation\PTQ\datasets\VOC\images\VOCtrainval_11-May-2012.zip': 73% ━━━━━━━━╸─── 1.3/1.8GB 41.0MB/s 42.7s<12.2s
[KUnzipping C:\Users\dxu1\Desktop\Dissertation\PTQ\datasets\VOC\images\VOCtrainval_06-Nov-2007.zip to C:\Users\dxu1\Desktop\Dissertation\PTQ\datasets\VOC\images\VOCdevkit...: 92% ━━━━━━━━━━━─ 10168/10945 386.9files/s 29.0s<2.0s
[KUnzipping C:\Users\dxu1\Desktop\Dissertation\PTQ\datasets\VOC\images\VOCtrainval_06-Nov-2007.zip to C:\Users\dxu1\Desktop\Dissertation\PTQ\datasets\VOC\images\VOCdevkit...: 93% ━━━━━━━━━━━─ 10212/10945 400.3files/s 29.1s<1.8s
[KDownloading https://ultralytics.com/assets/VOCtrainval_11-May-2012.zip to 'C:\Users\dxu1\Desktop\Dissertation\PTQ\datasets\VOC\images\VOCtrainval_11-May-2012.zip': 73% ━━━━━━━━╸─── 1.3/1.8GB 34.0MB/s 42.8s<14.5s
[KUnzipping C:\Users\dxu1\Desktop\Dissertation\PTQ\datasets\VOC\images\VOCtrainval_06-Nov-2007.zip to C:\Users\dxu1\Desktop\Dissertation\PTQ\datasets\VOC\images\VOCdevkit...: 93% ━━━━━━━━━━━─ 10257/10945 412.9files/s 29.2s<1.7s
[KDownloading https://ultralytics.com/assets/VOCtrainval_11-May-2012.zip to 'C:\Users\dxu1\Desktop\Dissertation\PTQ\datasets\VOC\images\VOCtrainval_11-May-2012.zip': 73% ━━━━━━━━╸─── 1.3/1.8GB 27.0MB/s 43.0s<18.1s
[KUnzipping C:\Users\dxu1\Desktop\Dissertation\PTQ\datasets\VOC\images\VOCtrainval_06-Nov-2007.zip to C:\Users\dxu1\Desktop\Dissertation\PTQ\datasets\VOC\images\VOCdevkit...: 94% ━━━━━━━━━━━─ 10301/10945 418.0files/s 29.3s<1.5s
[KDownloading https://ultralytics.com/assets/VOCtrainval_11-May-2012.zip to 'C:\Users\dxu1\Desktop\Dissertation\PTQ\datasets\VOC\images\VOCtrainval_11-May-2012.zip': 74% ━━━━━━━━╸─── 1.3/1.8GB 79.6MB/s 43.1s<6.0s
[KUnzipping C:\Users\dxu1\Desktop\Dissertation\PTQ\datasets\VOC\images\VOCtrainval_06-Nov-2007.zip to C:\Users\dxu1\Desktop\Dissertation\PTQ\datasets\VOC\images\VOCdevkit...: 94% ━━━━━━━━━━━─ 10340/10945 409.3files/s 29.4s<1.5s
[KDownloading https://ultralytics.com/assets/VOCtrainval_11-May-2012.zip to 'C:\Users\dxu1\Desktop\Dissertation\PTQ\datasets\VOC\images\VOCtrainval_11-May-2012.zip': 74% ━━━━━━━━╸─── 1.3/1.8GB 17.7MB/s 43.2s<27.0s
[KUnzipping C:\Users\dxu1\Desktop\Dissertation\PTQ\datasets\VOC\images\VOCtrainval_06-Nov-2007.zip to C:\Users\dxu1\Desktop\Dissertation\PTQ\datasets\VOC\images\VOCdevkit...: 94% ━━━━━━━━━━━─ 10381/10945 407.6files/s 29.5s<1.4s
[KUnzipping C:\Users\dxu1\Desktop\Dissertation\PTQ\datasets\VOC\images\VOCtrainval_06-Nov-2007.zip to C:\Users\dxu1\Desktop\Dissertation\PTQ\datasets\VOC\images\VOCdevkit...: 95% ━━━━━━━━━━━─ 10418/10945 394.1files/s 29.6s<1.3s
[KDownloading https://ultralytics.com/assets/VOCtrainval_11-May-2012.zip to 'C:\Users\dxu1\Desktop\Dissertation\PTQ\datasets\VOC\images\VOCtrainval_11-May-2012.zip': 74% ━━━━━━━━╸─── 1.4/1.8GB 64.4MB/s 43.4s<7.3s
[KUnzipping C:\Users\dxu1\Desktop\Dissertation\PTQ\datasets\VOC\images\VOCtrainval_06-Nov-2007.zip to C:\Users\dxu1\Desktop\Dissertation\PTQ\datasets\VOC\images\VOCdevkit...: 95% ━━━━━━━━━━━─ 10458/10945 392.9files/s 29.7s<1.2s
[KDownloading https://ultralytics.com/assets/VOCtrainval_11-May-2012.zip to 'C:\Users\dxu1\Desktop\Dissertation\PTQ\datasets\VOC\images\VOCtrainval_11-May-2012.zip': 75% ━━━━━━━━━─── 1.4/1.8GB 85.2MB/s 43.5s<5.4s
[KUnzipping C:\Users\dxu1\Desktop\Dissertation\PTQ\datasets\VOC\images\VOCtrainval_06-Nov-2007.zip to C:\Users\dxu1\Desktop\Dissertation\PTQ\datasets\VOC\images\VOCdevkit...: 95% ━━━━━━━━━━━╸ 10499/10945 397.0files/s 29.8s<1.1s
[KDownloading https://ultralytics.com/assets/VOCtrainval_11-May-2012.zip to 'C:\Users\dxu1\Desktop\Dissertation\PTQ\datasets\VOC\images\VOCtrainval_11-May-2012.zip': 75% ━━━━━━━━━─── 1.4/1.8GB 18.4MB/s 43.6s<24.9s
[KUnzipping C:\Users\dxu1\Desktop\Dissertation\PTQ\datasets\VOC\images\VOCtrainval_06-Nov-2007.zip to C:\Users\dxu1\Desktop\Dissertation\PTQ\datasets\VOC\images\VOCdevkit...: 96% ━━━━━━━━━━━╸ 10542/10945 405.8files/s 29.9s<1.0s
[KDownloading https://ultralytics.com/assets/VOCtrainval_11-May-2012.zip to 'C:\Users\dxu1\Desktop\Dissertation\PTQ\datasets\VOC\images\VOCtrainval_11-May-2012.zip': 75% ━━━━━━━━━─── 1.4/1.8GB 79.0MB/s 43.7s<5.7s
[KUnzipping C:\Users\dxu1\Desktop\Dissertation\PTQ\datasets\VOC\images\VOCtrainval_06-Nov-2007.zip to C:\Users\dxu1\Desktop\Dissertation\PTQ\datasets\VOC\images\VOCdevkit...: 96% ━━━━━━━━━━━╸ 10585/10945 411.7files/s 30.0s<0.9s
[KDownloading https://ultralytics.com/assets/VOCtrainval_11-May-2012.zip to 'C:\Users\dxu1\Desktop\Dissertation\PTQ\datasets\VOC\images\VOCtrainval_11-May-2012.zip': 75% ━━━━━━━━━─── 1.4/1.8GB 18.1MB/s 43.8s<24.8s
[KUnzipping C:\Users\dxu1\Desktop\Dissertation\PTQ\datasets\VOC\images\VOCtrainval_06-Nov-2007.zip to C:\Users\dxu1\Desktop\Dissertation\PTQ\datasets\VOC\images\VOCdevkit...: 97% ━━━━━━━━━━━╸ 10624/10945 403.1files/s 30.1s<0.8s
[KUnzipping C:\Users\dxu1\Desktop\Dissertation\PTQ\datasets\VOC\images\VOCtrainval_06-Nov-2007.zip to C:\Users\dxu1\Desktop\Dissertation\PTQ\datasets\VOC\images\VOCdevkit...: 97% ━━━━━━━━━━━╸ 10663/10945 398.7files/s 30.2s<0.7s
[KDownloading https://ultralytics.com/assets/VOCtrainval_11-May-2012.zip to 'C:\Users\dxu1\Desktop\Dissertation\PTQ\datasets\VOC\images\VOCtrainval_11-May-2012.zip': 76% ━━━━━━━━━─── 1.4/1.8GB 35.4MB/s 44.0s<12.5s
[KUnzipping C:\Users\dxu1\Desktop\Dissertation\PTQ\datasets\VOC\images\VOCtrainval_06-Nov-2007.zip to C:\Users\dxu1\Desktop\Dissertation\PTQ\datasets\VOC\images\VOCdevkit...: 97% ━━━━━━━━━━━╸ 10703/10945 398.6files/s 30.3s<0.6s
[KDownloading https://ultralytics.com/assets/VOCtrainval_11-May-2012.zip to 'C:\Users\dxu1\Desktop\Dissertation\PTQ\datasets\VOC\images\VOCtrainval_11-May-2012.zip': 76% ━━━━━━━━━─── 1.4/1.8GB 23.3MB/s 44.1s<18.9s
[KUnzipping C:\Users\dxu1\Desktop\Dissertation\PTQ\datasets\VOC\images\VOCtrainval_06-Nov-2007.zip to C:\Users\dxu1\Desktop\Dissertation\PTQ\datasets\VOC\images\VOCdevkit...: 98% ━━━━━━━━━━━╸ 10743/10945 396.7files/s 30.4s<0.5s
[KUnzipping C:\Users\dxu1\Desktop\Dissertation\PTQ\datasets\VOC\images\VOCtrainval_06-Nov-2007.zip to C:\Users\dxu1\Desktop\Dissertation\PTQ\datasets\VOC\images\VOCdevkit...: 98% ━━━━━━━━━━━╸ 10787/10945 407.9files/s 30.5s<0.4s
[KDownloading https://ultralytics.com/assets/VOCtrainval_11-May-2012.zip to 'C:\Users\dxu1\Desktop\Dissertation\PTQ\datasets\VOC\images\VOCtrainval_11-May-2012.zip': 76% ━━━━━━━━━─── 1.4/1.8GB 40.3MB/s 44.3s<10.7s
[KUnzipping C:\Users\dxu1\Desktop\Dissertation\PTQ\datasets\VOC\images\VOCtrainval_06-Nov-2007.zip to C:\Users\dxu1\Desktop\Dissertation\PTQ\datasets\VOC\images\VOCdevkit...: 98% ━━━━━━━━━━━╸ 10830/10945 412.2files/s 30.6s<0.3s
[KDownloading https://ultralytics.com/assets/VOCtrainval_11-May-2012.zip to 'C:\Users\dxu1\Desktop\Dissertation\PTQ\datasets\VOC\images\VOCtrainval_11-May-2012.zip': 76% ━━━━━━━━━─── 1.4/1.8GB 24.2MB/s 44.4s<17.7s
[KUnzipping C:\Users\dxu1\Desktop\Dissertation\PTQ\datasets\VOC\images\VOCtrainval_06-Nov-2007.zip to C:\Users\dxu1\Desktop\Dissertation\PTQ\datasets\VOC\images\VOCdevkit...: 99% ━━━━━━━━━━━╸ 10873/10945 414.8files/s 30.7s<0.2s
[KDownloading https://ultralytics.com/assets/VOCtrainval_11-May-2012.zip to 'C:\Users\dxu1\Desktop\Dissertation\PTQ\datasets\VOC\images\VOCtrainval_11-May-2012.zip': 77% ━━━━━━━━━─── 1.4/1.8GB 79.7MB/s 44.5s<5.3s
[KUnzipping C:\Users\dxu1\Desktop\Dissertation\PTQ\datasets\VOC\images\VOCtrainval_06-Nov-2007.zip to C:\Users\dxu1\Desktop\Dissertation\PTQ\datasets\VOC\images\VOCdevkit...: 99% ━━━━━━━━━━━╸ 10910/10945 399.7files/s 30.8s<0.1s
[KUnzipping C:\Users\dxu1\Desktop\Dissertation\PTQ\datasets\VOC\images\VOCtrainval_06-Nov-2007.zip to C:\Users\dxu1\Desktop\Dissertation\PTQ\datasets\VOC\images\VOCdevkit...: 100% ━━━━━━━━━━━━ 10945/10945 354.7files/s 30.9s

[KDownloading https://ultralytics.com/assets/VOCtrainval_11-May-2012.zip to 'C:\Users\dxu1\Desktop\Dissertation\PTQ\datasets\VOC\images\VOCtrainval_11-May-2012.zip': 77% ━━━━━━━━━─── 1.4/1.8GB 38.4MB/s 44.6s<10.9s
[KDownloading https://ultralytics.com/assets/VOCtrainval_11-May-2012.zip to 'C:\Users\dxu1\Desktop\Dissertation\PTQ\datasets\VOC\images\VOCtrainval_11-May-2012.zip': 78% ━━━━━━━━━─── 1.4/1.8GB 46.4MB/s 44.8s<8.8s
[KDownloading https://ultralytics.com/assets/VOCtrainval_11-May-2012.zip to 'C:\Users\dxu1\Desktop\Dissertation\PTQ\datasets\VOC\images\VOCtrainval_11-May-2012.zip': 78% ━━━━━━━━━─── 1.4/1.8GB 40.0MB/s 45.0s<10.1s
[KDownloading https://ultralytics.com/assets/VOCtrainval_11-May-2012.zip to 'C:\Users\dxu1\Desktop\Dissertation\PTQ\datasets\VOC\images\VOCtrainval_11-May-2012.zip': 78% ━━━━━━━━━─── 1.4/1.8GB 23.8MB/s 45.1s<16.7s
[KDownloading https://ultralytics.com/assets/VOCtrainval_11-May-2012.zip to 'C:\Users\dxu1\Desktop\Dissertation\PTQ\datasets\VOC\images\VOCtrainval_11-May-2012.zip': 78% ━━━━━━━━━─── 1.4/1.8GB 40.3MB/s 45.3s<9.7s
[KDownloading https://ultralytics.com/assets/VOCtrainval_11-May-2012.zip to 'C:\Users\dxu1\Desktop\Dissertation\PTQ\datasets\VOC\images\VOCtrainval_11-May-2012.zip': 79% ━━━━━━━━━─── 1.4/1.8GB 23.5MB/s 45.5s<16.6s
[KDownloading https://ultralytics.com/assets/VOCtrainval_11-May-2012.zip to 'C:\Users\dxu1\Desktop\Dissertation\PTQ\datasets\VOC\images\VOCtrainval_11-May-2012.zip': 79% ━━━━━━━━━╸── 1.4/1.8GB 39.5MB/s 45.6s<9.7s
[KDownloading https://ultralytics.com/assets/VOCtrainval_11-May-2012.zip to 'C:\Users\dxu1\Desktop\Dissertation\PTQ\datasets\VOC\images\VOCtrainval_11-May-2012.zip': 79% ━━━━━━━━━╸── 1.4/1.8GB 23.4MB/s 45.8s<16.2s
[KDownloading https://ultralytics.com/assets/VOCtrainval_11-May-2012.zip to 'C:\Users\dxu1\Desktop\Dissertation\PTQ\datasets\VOC\images\VOCtrainval_11-May-2012.zip': 79% ━━━━━━━━━╸── 1.5/1.8GB 59.2MB/s 45.9s<6.3s
[KDownloading https://ultralytics.com/assets/VOCtrainval_11-May-2012.zip to 'C:\Users\dxu1\Desktop\Dissertation\PTQ\datasets\VOC\images\VOCtrainval_11-May-2012.zip': 80% ━━━━━━━━━╸── 1.5/1.8GB 24.5MB/s 46.0s<15.0s
[KDownloading https://ultralytics.com/assets/VOCtrainval_11-May-2012.zip to 'C:\Users\dxu1\Desktop\Dissertation\PTQ\datasets\VOC\images\VOCtrainval_11-May-2012.zip': 80% ━━━━━━━━━╸── 1.5/1.8GB 35.7MB/s 46.2s<10.2s
[KDownloading https://ultralytics.com/assets/VOCtrainval_11-May-2012.zip to 'C:\Users\dxu1\Desktop\Dissertation\PTQ\datasets\VOC\images\VOCtrainval_11-May-2012.zip': 80% ━━━━━━━━━╸── 1.5/1.8GB 27.8MB/s 46.4s<12.9s
[KDownloading https://ultralytics.com/assets/VOCtrainval_11-May-2012.zip to 'C:\Users\dxu1\Desktop\Dissertation\PTQ\datasets\VOC\images\VOCtrainval_11-May-2012.zip': 81% ━━━━━━━━━╸── 1.5/1.8GB 76.9MB/s 46.5s<4.6s
[KDownloading https://ultralytics.com/assets/VOCtrainval_11-May-2012.zip to 'C:\Users\dxu1\Desktop\Dissertation\PTQ\datasets\VOC\images\VOCtrainval_11-May-2012.zip': 81% ━━━━━━━━━╸── 1.5/1.8GB 14.4MB/s 46.6s<24.2s
[KDownloading https://ultralytics.com/assets/VOCtrainval_11-May-2012.zip to 'C:\Users\dxu1\Desktop\Dissertation\PTQ\datasets\VOC\images\VOCtrainval_11-May-2012.zip': 81% ━━━━━━━━━╸── 1.5/1.8GB 75.8MB/s 46.7s<4.5s
[KDownloading https://ultralytics.com/assets/VOCtrainval_11-May-2012.zip to 'C:\Users\dxu1\Desktop\Dissertation\PTQ\datasets\VOC\images\VOCtrainval_11-May-2012.zip': 81% ━━━━━━━━━╸── 1.5/1.8GB 7.4MB/s 47.0s<45.8s
[KDownloading https://ultralytics.com/assets/VOCtrainval_11-May-2012.zip to 'C:\Users\dxu1\Desktop\Dissertation\PTQ\datasets\VOC\images\VOCtrainval_11-May-2012.zip': 81% ━━━━━━━━━╸── 1.5/1.8GB 21.2MB/s 47.1s<15.9s
[KDownloading https://ultralytics.com/assets/VOCtrainval_11-May-2012.zip to 'C:\Users\dxu1\Desktop\Dissertation\PTQ\datasets\VOC\images\VOCtrainval_11-May-2012.zip': 82% ━━━━━━━━━╸── 1.5/1.8GB 49.0MB/s 47.2s<6.7s
[KDownloading https://ultralytics.com/assets/VOCtrainval_11-May-2012.zip to 'C:\Users\dxu1\Desktop\Dissertation\PTQ\datasets\VOC\images\VOCtrainval_11-May-2012.zip': 82% ━━━━━━━━━╸── 1.5/1.8GB 15.1MB/s 47.4s<21.7s
[KDownloading https://ultralytics.com/assets/VOCtrainval_11-May-2012.zip to 'C:\Users\dxu1\Desktop\Dissertation\PTQ\datasets\VOC\images\VOCtrainval_11-May-2012.zip': 82% ━━━━━━━━━╸── 1.5/1.8GB 83.7MB/s 47.5s<3.8s
[KDownloading https://ultralytics.com/assets/VOCtrainval_11-May-2012.zip to 'C:\Users\dxu1\Desktop\Dissertation\PTQ\datasets\VOC\images\VOCtrainval_11-May-2012.zip': 82% ━━━━━━━━━╸── 1.5/1.8GB 9.3MB/s 47.6s<34.2s
[KDownloading https://ultralytics.com/assets/VOCtrainval_11-May-2012.zip to 'C:\Users\dxu1\Desktop\Dissertation\PTQ\datasets\VOC\images\VOCtrainval_11-May-2012.zip': 83% ━━━━━━━━━╸── 1.5/1.8GB 28.0MB/s 47.7s<11.3s
[KDownloading https://ultralytics.com/assets/VOCtrainval_11-May-2012.zip to 'C:\Users\dxu1\Desktop\Dissertation\PTQ\datasets\VOC\images\VOCtrainval_11-May-2012.zip': 83% ━━━━━━━━━╸── 1.5/1.8GB 20.5MB/s 47.8s<15.2s
[KDownloading https://ultralytics.com/assets/VOCtrainval_11-May-2012.zip to 'C:\Users\dxu1\Desktop\Dissertation\PTQ\datasets\VOC\images\VOCtrainval_11-May-2012.zip': 83% ━━━━━━━━━━── 1.5/1.8GB 28.3MB/s 47.9s<11.0s
[KDownloading https://ultralytics.com/assets/VOCtrainval_11-May-2012.zip to 'C:\Users\dxu1\Desktop\Dissertation\PTQ\datasets\VOC\images\VOCtrainval_11-May-2012.zip': 83% ━━━━━━━━━━── 1.5/1.8GB 18.8MB/s 48.0s<16.4s
[KDownloading https://ultralytics.com/assets/VOCtrainval_11-May-2012.zip to 'C:\Users\dxu1\Desktop\Dissertation\PTQ\datasets\VOC\images\VOCtrainval_11-May-2012.zip': 83% ━━━━━━━━━━── 1.5/1.8GB 26.8MB/s 48.2s<11.3s
[KDownloading https://ultralytics.com/assets/VOCtrainval_11-May-2012.zip to 'C:\Users\dxu1\Desktop\Dissertation\PTQ\datasets\VOC\images\VOCtrainval_11-May-2012.zip': 83% ━━━━━━━━━━── 1.5/1.8GB 26.2MB/s 48.3s<11.5s
[KDownloading https://ultralytics.com/assets/VOCtrainval_11-May-2012.zip to 'C:\Users\dxu1\Desktop\Dissertation\PTQ\datasets\VOC\images\VOCtrainval_11-May-2012.zip': 84% ━━━━━━━━━━── 1.5/1.8GB 29.2MB/s 48.4s<10.2s
[KDownloading https://ultralytics.com/assets/VOCtrainval_11-May-2012.zip to 'C:\Users\dxu1\Desktop\Dissertation\PTQ\datasets\VOC\images\VOCtrainval_11-May-2012.zip': 84% ━━━━━━━━━━── 1.5/1.8GB 47.0MB/s 48.6s<6.1s
[KDownloading https://ultralytics.com/assets/VOCtrainval_11-May-2012.zip to 'C:\Users\dxu1\Desktop\Dissertation\PTQ\datasets\VOC\images\VOCtrainval_11-May-2012.zip': 84% ━━━━━━━━━━── 1.5/1.8GB 41.7MB/s 48.8s<6.8s
[KDownloading https://ultralytics.com/assets/VOCtrainval_11-May-2012.zip to 'C:\Users\dxu1\Desktop\Dissertation\PTQ\datasets\VOC\images\VOCtrainval_11-May-2012.zip': 85% ━━━━━━━━━━── 1.5/1.8GB 29.5MB/s 48.9s<9.5s
[KDownloading https://ultralytics.com/assets/VOCtrainval_11-May-2012.zip to 'C:\Users\dxu1\Desktop\Dissertation\PTQ\datasets\VOC\images\VOCtrainval_11-May-2012.zip': 85% ━━━━━━━━━━── 1.6/1.8GB 58.9MB/s 49.1s<4.6s
[KDownloading https://ultralytics.com/assets/VOCtrainval_11-May-2012.zip to 'C:\Users\dxu1\Desktop\Dissertation\PTQ\datasets\VOC\images\VOCtrainval_11-May-2012.zip': 85% ━━━━━━━━━━── 1.6/1.8GB 38.3MB/s 49.2s<6.9s
[KDownloading https://ultralytics.com/assets/VOCtrainval_11-May-2012.zip to 'C:\Users\dxu1\Desktop\Dissertation\PTQ\datasets\VOC\images\VOCtrainval_11-May-2012.zip': 86% ━━━━━━━━━━── 1.6/1.8GB 38.7MB/s 49.3s<6.7s
[KDownloading https://ultralytics.com/assets/VOCtrainval_11-May-2012.zip to 'C:\Users\dxu1\Desktop\Dissertation\PTQ\datasets\VOC\images\VOCtrainval_11-May-2012.zip': 86% ━━━━━━━━━━── 1.6/1.8GB 19.3MB/s 49.4s<13.3s
[KDownloading https://ultralytics.com/assets/VOCtrainval_11-May-2012.zip to 'C:\Users\dxu1\Desktop\Dissertation\PTQ\datasets\VOC\images\VOCtrainval_11-May-2012.zip': 86% ━━━━━━━━━━── 1.6/1.8GB 68.8MB/s 49.5s<3.6s
[KDownloading https://ultralytics.com/assets/VOCtrainval_11-May-2012.zip to 'C:\Users\dxu1\Desktop\Dissertation\PTQ\datasets\VOC\images\VOCtrainval_11-May-2012.zip': 86% ━━━━━━━━━━── 1.6/1.8GB 15.3MB/s 49.6s<16.3s
[KDownloading https://ultralytics.com/assets/VOCtrainval_11-May-2012.zip to 'C:\Users\dxu1\Desktop\Dissertation\PTQ\datasets\VOC\images\VOCtrainval_11-May-2012.zip': 86% ━━━━━━━━━━── 1.6/1.8GB 45.7MB/s 49.8s<5.3s
[KDownloading https://ultralytics.com/assets/VOCtrainval_11-May-2012.zip to 'C:\Users\dxu1\Desktop\Dissertation\PTQ\datasets\VOC\images\VOCtrainval_11-May-2012.zip': 87% ━━━━━━━━━━── 1.6/1.8GB 29.3MB/s 49.9s<8.1s
[KDownloading https://ultralytics.com/assets/VOCtrainval_11-May-2012.zip to 'C:\Users\dxu1\Desktop\Dissertation\PTQ\datasets\VOC\images\VOCtrainval_11-May-2012.zip': 87% ━━━━━━━━━━╸─ 1.6/1.8GB 56.1MB/s 50.0s<4.1s
[KDownloading https://ultralytics.com/assets/VOCtrainval_11-May-2012.zip to 'C:\Users\dxu1\Desktop\Dissertation\PTQ\datasets\VOC\images\VOCtrainval_11-May-2012.zip': 87% ━━━━━━━━━━╸─ 1.6/1.8GB 18.6MB/s 50.1s<12.3s
[KDownloading https://ultralytics.com/assets/VOCtrainval_11-May-2012.zip to 'C:\Users\dxu1\Desktop\Dissertation\PTQ\datasets\VOC\images\VOCtrainval_11-May-2012.zip': 88% ━━━━━━━━━━╸─ 1.6/1.8GB 58.6MB/s 50.2s<3.8s
[KDownloading https://ultralytics.com/assets/VOCtrainval_11-May-2012.zip to 'C:\Users\dxu1\Desktop\Dissertation\PTQ\datasets\VOC\images\VOCtrainval_11-May-2012.zip': 88% ━━━━━━━━━━╸─ 1.6/1.8GB 24.9MB/s 50.4s<8.8s
[KDownloading https://ultralytics.com/assets/VOCtrainval_11-May-2012.zip to 'C:\Users\dxu1\Desktop\Dissertation\PTQ\datasets\VOC\images\VOCtrainval_11-May-2012.zip': 88% ━━━━━━━━━━╸─ 1.6/1.8GB 82.9MB/s 50.5s<2.5s
[KDownloading https://ultralytics.com/assets/VOCtrainval_11-May-2012.zip to 'C:\Users\dxu1\Desktop\Dissertation\PTQ\datasets\VOC\images\VOCtrainval_11-May-2012.zip': 88% ━━━━━━━━━━╸─ 1.6/1.8GB 2.6MB/s 50.9s<1:20
[KDownloading https://ultralytics.com/assets/VOCtrainval_11-May-2012.zip to 'C:\Users\dxu1\Desktop\Dissertation\PTQ\datasets\VOC\images\VOCtrainval_11-May-2012.zip': 88% ━━━━━━━━━━╸─ 1.6/1.8GB 19.4MB/s 51.0s<10.7s
[KDownloading https://ultralytics.com/assets/VOCtrainval_11-May-2012.zip to 'C:\Users\dxu1\Desktop\Dissertation\PTQ\datasets\VOC\images\VOCtrainval_11-May-2012.zip': 89% ━━━━━━━━━━╸─ 1.6/1.8GB 34.0MB/s 51.1s<6.0s
[KDownloading https://ultralytics.com/assets/VOCtrainval_11-May-2012.zip to 'C:\Users\dxu1\Desktop\Dissertation\PTQ\datasets\VOC\images\VOCtrainval_11-May-2012.zip': 89% ━━━━━━━━━━╸─ 1.6/1.8GB 23.0MB/s 51.3s<8.6s
[KDownloading https://ultralytics.com/assets/VOCtrainval_11-May-2012.zip to 'C:\Users\dxu1\Desktop\Dissertation\PTQ\datasets\VOC\images\VOCtrainval_11-May-2012.zip': 89% ━━━━━━━━━━╸─ 1.6/1.8GB 63.8MB/s 51.4s<3.0s
[KDownloading https://ultralytics.com/assets/VOCtrainval_11-May-2012.zip to 'C:\Users\dxu1\Desktop\Dissertation\PTQ\datasets\VOC\images\VOCtrainval_11-May-2012.zip': 89% ━━━━━━━━━━╸─ 1.6/1.8GB 24.0MB/s 51.5s<7.9s
[KDownloading https://ultralytics.com/assets/VOCtrainval_11-May-2012.zip to 'C:\Users\dxu1\Desktop\Dissertation\PTQ\datasets\VOC\images\VOCtrainval_11-May-2012.zip': 90% ━━━━━━━━━━╸─ 1.6/1.8GB 34.8MB/s 51.7s<5.3s
[KDownloading https://ultralytics.com/assets/VOCtrainval_11-May-2012.zip to 'C:\Users\dxu1\Desktop\Dissertation\PTQ\datasets\VOC\images\VOCtrainval_11-May-2012.zip': 90% ━━━━━━━━━━╸─ 1.6/1.8GB 27.9MB/s 51.8s<6.4s
[KDownloading https://ultralytics.com/assets/VOCtrainval_11-May-2012.zip to 'C:\Users\dxu1\Desktop\Dissertation\PTQ\datasets\VOC\images\VOCtrainval_11-May-2012.zip': 90% ━━━━━━━━━━╸─ 1.6/1.8GB 76.7MB/s 51.9s<2.2s
[KDownloading https://ultralytics.com/assets/VOCtrainval_11-May-2012.zip to 'C:\Users\dxu1\Desktop\Dissertation\PTQ\datasets\VOC\images\VOCtrainval_11-May-2012.zip': 90% ━━━━━━━━━━╸─ 1.7/1.8GB 14.8MB/s 52.1s<11.4s
[KDownloading https://ultralytics.com/assets/VOCtrainval_11-May-2012.zip to 'C:\Users\dxu1\Desktop\Dissertation\PTQ\datasets\VOC\images\VOCtrainval_11-May-2012.zip': 91% ━━━━━━━━━━╸─ 1.7/1.8GB 84.1MB/s 52.2s<1.9s
[KDownloading https://ultralytics.com/assets/VOCtrainval_11-May-2012.zip to 'C:\Users\dxu1\Desktop\Dissertation\PTQ\datasets\VOC\images\VOCtrainval_11-May-2012.zip': 91% ━━━━━━━━━━╸─ 1.7/1.8GB 18.8MB/s 52.3s<8.4s
[KDownloading https://ultralytics.com/assets/VOCtrainval_11-May-2012.zip to 'C:\Users\dxu1\Desktop\Dissertation\PTQ\datasets\VOC\images\VOCtrainval_11-May-2012.zip': 91% ━━━━━━━━━━━─ 1.7/1.8GB 36.7MB/s 52.4s<4.2s
[KDownloading https://ultralytics.com/assets/VOCtrainval_11-May-2012.zip to 'C:\Users\dxu1\Desktop\Dissertation\PTQ\datasets\VOC\images\VOCtrainval_11-May-2012.zip': 91% ━━━━━━━━━━━─ 1.7/1.8GB 23.1MB/s 52.5s<6.5s
[KDownloading https://ultralytics.com/assets/VOCtrainval_11-May-2012.zip to 'C:\Users\dxu1\Desktop\Dissertation\PTQ\datasets\VOC\images\VOCtrainval_11-May-2012.zip': 91% ━━━━━━━━━━━─ 1.7/1.8GB 14.1MB/s 52.7s<10.5s
[KDownloading https://ultralytics.com/assets/VOCtrainval_11-May-2012.zip to 'C:\Users\dxu1\Desktop\Dissertation\PTQ\datasets\VOC\images\VOCtrainval_11-May-2012.zip': 92% ━━━━━━━━━━━─ 1.7/1.8GB 79.4MB/s 52.8s<1.8s
[KDownloading https://ultralytics.com/assets/VOCtrainval_11-May-2012.zip to 'C:\Users\dxu1\Desktop\Dissertation\PTQ\datasets\VOC\images\VOCtrainval_11-May-2012.zip': 92% ━━━━━━━━━━━─ 1.7/1.8GB 16.6MB/s 52.9s<8.4s
[KDownloading https://ultralytics.com/assets/VOCtrainval_11-May-2012.zip to 'C:\Users\dxu1\Desktop\Dissertation\PTQ\datasets\VOC\images\VOCtrainval_11-May-2012.zip': 92% ━━━━━━━━━━━─ 1.7/1.8GB 74.1MB/s 53.0s<1.8s
[KDownloading https://ultralytics.com/assets/VOCtrainval_11-May-2012.zip to 'C:\Users\dxu1\Desktop\Dissertation\PTQ\datasets\VOC\images\VOCtrainval_11-May-2012.zip': 93% ━━━━━━━━━━━─ 1.7/1.8GB 5.1MB/s 53.4s<25.3s
[KDownloading https://ultralytics.com/assets/VOCtrainval_11-May-2012.zip to 'C:\Users\dxu1\Desktop\Dissertation\PTQ\datasets\VOC\images\VOCtrainval_11-May-2012.zip': 93% ━━━━━━━━━━━─ 1.7/1.8GB 16.2MB/s 53.5s<7.8s
[KDownloading https://ultralytics.com/assets/VOCtrainval_11-May-2012.zip to 'C:\Users\dxu1\Desktop\Dissertation\PTQ\datasets\VOC\images\VOCtrainval_11-May-2012.zip': 93% ━━━━━━━━━━━─ 1.7/1.8GB 56.7MB/s 53.6s<2.1s
[KDownloading https://ultralytics.com/assets/VOCtrainval_11-May-2012.zip to 'C:\Users\dxu1\Desktop\Dissertation\PTQ\datasets\VOC\images\VOCtrainval_11-May-2012.zip': 93% ━━━━━━━━━━━─ 1.7/1.8GB 15.4MB/s 53.8s<7.7s
[KDownloading https://ultralytics.com/assets/VOCtrainval_11-May-2012.zip to 'C:\Users\dxu1\Desktop\Dissertation\PTQ\datasets\VOC\images\VOCtrainval_11-May-2012.zip': 93% ━━━━━━━━━━━─ 1.7/1.8GB 41.2MB/s 53.9s<2.7s
[KDownloading https://ultralytics.com/assets/VOCtrainval_11-May-2012.zip to 'C:\Users\dxu1\Desktop\Dissertation\PTQ\datasets\VOC\images\VOCtrainval_11-May-2012.zip': 94% ━━━━━━━━━━━─ 1.7/1.8GB 23.4MB/s 54.1s<4.7s
[KDownloading https://ultralytics.com/assets/VOCtrainval_11-May-2012.zip to 'C:\Users\dxu1\Desktop\Dissertation\PTQ\datasets\VOC\images\VOCtrainval_11-May-2012.zip': 94% ━━━━━━━━━━━─ 1.7/1.8GB 72.5MB/s 54.2s<1.4s
[KDownloading https://ultralytics.com/assets/VOCtrainval_11-May-2012.zip to 'C:\Users\dxu1\Desktop\Dissertation\PTQ\datasets\VOC\images\VOCtrainval_11-May-2012.zip': 94% ━━━━━━━━━━━─ 1.7/1.8GB 16.0MB/s 54.3s<6.2s
[KDownloading https://ultralytics.com/assets/VOCtrainval_11-May-2012.zip to 'C:\Users\dxu1\Desktop\Dissertation\PTQ\datasets\VOC\images\VOCtrainval_11-May-2012.zip': 95% ━━━━━━━━━━━─ 1.7/1.8GB 39.4MB/s 54.5s<2.4s
[KDownloading https://ultralytics.com/assets/VOCtrainval_11-May-2012.zip to 'C:\Users\dxu1\Desktop\Dissertation\PTQ\datasets\VOC\images\VOCtrainval_11-May-2012.zip': 95% ━━━━━━━━━━━─ 1.7/1.8GB 36.7MB/s 54.6s<2.4s
[KDownloading https://ultralytics.com/assets/VOCtrainval_11-May-2012.zip to 'C:\Users\dxu1\Desktop\Dissertation\PTQ\datasets\VOC\images\VOCtrainval_11-May-2012.zip': 95% ━━━━━━━━━━━─ 1.7/1.8GB 46.3MB/s 54.7s<1.8s
[KDownloading https://ultralytics.com/assets/VOCtrainval_11-May-2012.zip to 'C:\Users\dxu1\Desktop\Dissertation\PTQ\datasets\VOC\images\VOCtrainval_11-May-2012.zip': 95% ━━━━━━━━━━━─ 1.7/1.8GB 25.5MB/s 54.8s<3.1s
[KDownloading https://ultralytics.com/assets/VOCtrainval_11-May-2012.zip to 'C:\Users\dxu1\Desktop\Dissertation\PTQ\datasets\VOC\images\VOCtrainval_11-May-2012.zip': 95% ━━━━━━━━━━━─ 1.7/1.8GB 9.9MB/s 54.9s<8.0s
[KDownloading https://ultralytics.com/assets/VOCtrainval_11-May-2012.zip to 'C:\Users\dxu1\Desktop\Dissertation\PTQ\datasets\VOC\images\VOCtrainval_11-May-2012.zip': 96% ━━━━━━━━━━━╸ 1.7/1.8GB 36.9MB/s 55.1s<2.0s
[KDownloading https://ultralytics.com/assets/VOCtrainval_11-May-2012.zip to 'C:\Users\dxu1\Desktop\Dissertation\PTQ\datasets\VOC\images\VOCtrainval_11-May-2012.zip': 96% ━━━━━━━━━━━╸ 1.7/1.8GB 17.0MB/s 55.3s<4.1s
[KDownloading https://ultralytics.com/assets/VOCtrainval_11-May-2012.zip to 'C:\Users\dxu1\Desktop\Dissertation\PTQ\datasets\VOC\images\VOCtrainval_11-May-2012.zip': 96% ━━━━━━━━━━━╸ 1.8/1.8GB 82.7MB/s 55.4s<0.7s
[KDownloading https://ultralytics.com/assets/VOCtrainval_11-May-2012.zip to 'C:\Users\dxu1\Desktop\Dissertation\PTQ\datasets\VOC\images\VOCtrainval_11-May-2012.zip': 96% ━━━━━━━━━━━╸ 1.8/1.8GB 18.8MB/s 55.6s<3.1s
[KDownloading https://ultralytics.com/assets/VOCtrainval_11-May-2012.zip to 'C:\Users\dxu1\Desktop\Dissertation\PTQ\datasets\VOC\images\VOCtrainval_11-May-2012.zip': 97% ━━━━━━━━━━━╸ 1.8/1.8GB 40.3MB/s 55.7s<1.3s
[KDownloading https://ultralytics.com/assets/VOCtrainval_11-May-2012.zip to 'C:\Users\dxu1\Desktop\Dissertation\PTQ\datasets\VOC\images\VOCtrainval_11-May-2012.zip': 97% ━━━━━━━━━━━╸ 1.8/1.8GB 21.9MB/s 55.9s<2.2s
[KDownloading https://ultralytics.com/assets/VOCtrainval_11-May-2012.zip to 'C:\Users\dxu1\Desktop\Dissertation\PTQ\datasets\VOC\images\VOCtrainval_11-May-2012.zip': 97% ━━━━━━━━━━━╸ 1.8/1.8GB 37.1MB/s 56.0s<1.2s
[KDownloading https://ultralytics.com/assets/VOCtrainval_11-May-2012.zip to 'C:\Users\dxu1\Desktop\Dissertation\PTQ\datasets\VOC\images\VOCtrainval_11-May-2012.zip': 97% ━━━━━━━━━━━╸ 1.8/1.8GB 23.1MB/s 56.2s<1.7s
[KDownloading https://ultralytics.com/assets/VOCtrainval_11-May-2012.zip to 'C:\Users\dxu1\Desktop\Dissertation\PTQ\datasets\VOC\images\VOCtrainval_11-May-2012.zip': 98% ━━━━━━━━━━━╸ 1.8/1.8GB 35.2MB/s 56.3s<1.0s
[KDownloading https://ultralytics.com/assets/VOCtrainval_11-May-2012.zip to 'C:\Users\dxu1\Desktop\Dissertation\PTQ\datasets\VOC\images\VOCtrainval_11-May-2012.zip': 98% ━━━━━━━━━━━╸ 1.8/1.8GB 29.0MB/s 56.5s<1.0s
[KDownloading https://ultralytics.com/assets/VOCtrainval_11-May-2012.zip to 'C:\Users\dxu1\Desktop\Dissertation\PTQ\datasets\VOC\images\VOCtrainval_11-May-2012.zip': 98% ━━━━━━━━━━━╸ 1.8/1.8GB 83.2MB/s 56.6s<0.2s
[KDownloading https://ultralytics.com/assets/VOCtrainval_11-May-2012.zip to 'C:\Users\dxu1\Desktop\Dissertation\PTQ\datasets\VOC\images\VOCtrainval_11-May-2012.zip': 99% ━━━━━━━━━━━╸ 1.8/1.8GB 18.3MB/s 56.7s<1.0s
[KDownloading https://ultralytics.com/assets/VOCtrainval_11-May-2012.zip to 'C:\Users\dxu1\Desktop\Dissertation\PTQ\datasets\VOC\images\VOCtrainval_11-May-2012.zip': 99% ━━━━━━━━━━━╸ 1.8/1.8GB 64.7MB/s 56.8s<0.2s
[KDownloading https://ultralytics.com/assets/VOCtrainval_11-May-2012.zip to 'C:\Users\dxu1\Desktop\Dissertation\PTQ\datasets\VOC\images\VOCtrainval_11-May-2012.zip': 99% ━━━━━━━━━━━╸ 1.8/1.8GB 18.5MB/s 56.9s<0.5s
[KDownloading https://ultralytics.com/assets/VOCtrainval_11-May-2012.zip to 'C:\Users\dxu1\Desktop\Dissertation\PTQ\datasets\VOC\images\VOCtrainval_11-May-2012.zip': 99% ━━━━━━━━━━━╸ 1.8/1.8GB 75.5MB/s 57.0s<0.0s
[KDownloading https://ultralytics.com/assets/VOCtrainval_11-May-2012.zip to 'C:\Users\dxu1\Desktop\Dissertation\PTQ\datasets\VOC\images\VOCtrainval_11-May-2012.zip': 100% ━━━━━━━━━━━━ 1.8GB 32.6MB/s 57.1s

[KUnzipping C:\Users\dxu1\Desktop\Dissertation\PTQ\datasets\VOC\images\VOCtrainval_11-May-2012.zip to C:\Users\dxu1\Desktop\Dissertation\PTQ\datasets\VOC\images\VOCdevkit...: 0% ──────────── 47/40189 138.1files/s 0.1s<4:51
[KUnzipping C:\Users\dxu1\Desktop\Dissertation\PTQ\datasets\VOC\images\VOCtrainval_11-May-2012.zip to C:\Users\dxu1\Desktop\Dissertation\PTQ\datasets\VOC\images\VOCdevkit...: 0% ──────────── 93/40189 232.4files/s 0.2s<2:53
[KUnzipping C:\Users\dxu1\Desktop\Dissertation\PTQ\datasets\VOC\images\VOCtrainval_11-May-2012.zip to C:\Users\dxu1\Desktop\Dissertation\PTQ\datasets\VOC\images\VOCdevkit...: 0% ──────────── 141/40189 306.3files/s 0.3s<2:11
[KUnzipping C:\Users\dxu1\Desktop\Dissertation\PTQ\datasets\VOC\images\VOCtrainval_11-May-2012.zip to C:\Users\dxu1\Desktop\Dissertation\PTQ\datasets\VOC\images\VOCdevkit...: 0% ──────────── 190/40189 358.4files/s 0.4s<1:52
[KUnzipping C:\Users\dxu1\Desktop\Dissertation\PTQ\datasets\VOC\images\VOCtrainval_11-May-2012.zip to C:\Users\dxu1\Desktop\Dissertation\PTQ\datasets\VOC\images\VOCdevkit...: 0% ──────────── 234/40189 382.7files/s 0.5s<1:44
[KUnzipping C:\Users\dxu1\Desktop\Dissertation\PTQ\datasets\VOC\images\VOCtrainval_11-May-2012.zip to C:\Users\dxu1\Desktop\Dissertation\PTQ\datasets\VOC\images\VOCdevkit...: 0% ──────────── 275/40189 389.9files/s 0.6s<1:42
[KUnzipping C:\Users\dxu1\Desktop\Dissertation\PTQ\datasets\VOC\images\VOCtrainval_11-May-2012.zip to C:\Users\dxu1\Desktop\Dissertation\PTQ\datasets\VOC\images\VOCdevkit...: 0% ──────────── 325/40189 422.6files/s 0.7s<1:34
[KUnzipping C:\Users\dxu1\Desktop\Dissertation\PTQ\datasets\VOC\images\VOCtrainval_11-May-2012.zip to C:\Users\dxu1\Desktop\Dissertation\PTQ\datasets\VOC\images\VOCdevkit...: 0% ──────────── 373/40189 438.8files/s 0.8s<1:31
[KUnzipping C:\Users\dxu1\Desktop\Dissertation\PTQ\datasets\VOC\images\VOCtrainval_11-May-2012.zip to C:\Users\dxu1\Desktop\Dissertation\PTQ\datasets\VOC\images\VOCdevkit...: 1% ──────────── 423/40189 455.8files/s 0.9s<1:27
[KUnzipping C:\Users\dxu1\Desktop\Dissertation\PTQ\datasets\VOC\images\VOCtrainval_11-May-2012.zip to C:\Users\dxu1\Desktop\Dissertation\PTQ\datasets\VOC\images\VOCdevkit...: 1% ──────────── 469/40189 456.4files/s 1.0s<1:27
[KUnzipping C:\Users\dxu1\Desktop\Dissertation\PTQ\datasets\VOC\images\VOCtrainval_11-May-2012.zip to C:\Users\dxu1\Desktop\Dissertation\PTQ\datasets\VOC\images\VOCdevkit...: 1% ──────────── 514/40189 452.5files/s 1.1s<1:28
[KUnzipping C:\Users\dxu1\Desktop\Dissertation\PTQ\datasets\VOC\images\VOCtrainval_11-May-2012.zip to C:\Users\dxu1\Desktop\Dissertation\PTQ\datasets\VOC\images\VOCdevkit...: 1% ──────────── 560/40189 454.4files/s 1.2s<1:27
[KUnzipping C:\Users\dxu1\Desktop\Dissertation\PTQ\datasets\VOC\images\VOCtrainval_11-May-2012.zip to C:\Users\dxu1\Desktop\Dissertation\PTQ\datasets\VOC\images\VOCdevkit...: 1% ──────────── 608/40189 460.8files/s 1.3s<1:26
[KUnzipping C:\Users\dxu1\Desktop\Dissertation\PTQ\datasets\VOC\images\VOCtrainval_11-May-2012.zip to C:\Users\dxu1\Desktop\Dissertation\PTQ\datasets\VOC\images\VOCdevkit...: 1% ──────────── 660/40189 476.8files/s 1.4s<1:23
[KUnzipping C:\Users\dxu1\Desktop\Dissertation\PTQ\datasets\VOC\images\VOCtrainval_11-May-2012.zip to C:\Users\dxu1\Desktop\Dissertation\PTQ\datasets\VOC\images\VOCdevkit...: 1% ──────────── 712/40189 489.1files/s 1.5s<1:21
[KUnzipping C:\Users\dxu1\Desktop\Dissertation\PTQ\datasets\VOC\images\VOCtrainval_11-May-2012.zip to C:\Users\dxu1\Desktop\Dissertation\PTQ\datasets\VOC\images\VOCdevkit...: 1% ──────────── 759/40189 483.0files/s 1.6s<1:22
[KUnzipping C:\Users\dxu1\Desktop\Dissertation\PTQ\datasets\VOC\images\VOCtrainval_11-May-2012.zip to C:\Users\dxu1\Desktop\Dissertation\PTQ\datasets\VOC\images\VOCdevkit...: 2% ──────────── 805/40189 475.4files/s 1.7s<1:23
[KUnzipping C:\Users\dxu1\Desktop\Dissertation\PTQ\datasets\VOC\images\VOCtrainval_11-May-2012.zip to C:\Users\dxu1\Desktop\Dissertation\PTQ\datasets\VOC\images\VOCdevkit...: 2% ──────────── 855/40189 480.6files/s 1.8s<1:22
[KUnzipping C:\Users\dxu1\Desktop\Dissertation\PTQ\datasets\VOC\images\VOCtrainval_11-May-2012.zip to C:\Users\dxu1\Desktop\Dissertation\PTQ\datasets\VOC\images\VOCdevkit...: 2% ──────────── 897/40189 460.5files/s 1.9s<1:25
[KUnzipping C:\Users\dxu1\Desktop\Dissertation\PTQ\datasets\VOC\images\VOCtrainval_11-May-2012.zip to C:\Users\dxu1\Desktop\Dissertation\PTQ\datasets\VOC\images\VOCdevkit...: 2% ──────────── 943/40189 459.6files/s 2.0s<1:25
[KUnzipping C:\Users\dxu1\Desktop\Dissertation\PTQ\datasets\VOC\images\VOCtrainval_11-May-2012.zip to C:\Users\dxu1\Desktop\Dissertation\PTQ\datasets\VOC\images\VOCdevkit...: 2% ──────────── 988/40189 455.8files/s 2.1s<1:26
[KUnzipping C:\Users\dxu1\Desktop\Dissertation\PTQ\datasets\VOC\images\VOCtrainval_11-May-2012.zip to C:\Users\dxu1\Desktop\Dissertation\PTQ\datasets\VOC\images\VOCdevkit...: 2% ──────────── 1038/40189 468.1files/s 2.2s<1:24
[KUnzipping C:\Users\dxu1\Desktop\Dissertation\PTQ\datasets\VOC\images\VOCtrainval_11-May-2012.zip to C:\Users\dxu1\Desktop\Dissertation\PTQ\datasets\VOC\images\VOCdevkit...: 2% ──────────── 1087/40189 473.0files/s 2.3s<1:23
[KUnzipping C:\Users\dxu1\Desktop\Dissertation\PTQ\datasets\VOC\images\VOCtrainval_11-May-2012.zip to C:\Users\dxu1\Desktop\Dissertation\PTQ\datasets\VOC\images\VOCdevkit...: 2% ──────────── 1131/40189 460.5files/s 2.4s<1:25
[KUnzipping C:\Users\dxu1\Desktop\Dissertation\PTQ\datasets\VOC\images\VOCtrainval_11-May-2012.zip to C:\Users\dxu1\Desktop\Dissertation\PTQ\datasets\VOC\images\VOCdevkit...: 2% ──────────── 1176/40189 456.4files/s 2.5s<1:25
[KUnzipping C:\Users\dxu1\Desktop\Dissertation\PTQ\datasets\VOC\images\VOCtrainval_11-May-2012.zip to C:\Users\dxu1\Desktop\Dissertation\PTQ\datasets\VOC\images\VOCdevkit...: 3% ──────────── 1223/40189 458.3files/s 2.6s<1:25
[KUnzipping C:\Users\dxu1\Desktop\Dissertation\PTQ\datasets\VOC\images\VOCtrainval_11-May-2012.zip to C:\Users\dxu1\Desktop\Dissertation\PTQ\datasets\VOC\images\VOCdevkit...: 3% ──────────── 1272/40189 467.3files/s 2.7s<1:23
[KUnzipping C:\Users\dxu1\Desktop\Dissertation\PTQ\datasets\VOC\images\VOCtrainval_11-May-2012.zip to C:\Users\dxu1\Desktop\Dissertation\PTQ\datasets\VOC\images\VOCdevkit...: 3% ──────────── 1319/40189 466.4files/s 2.8s<1:23
[KUnzipping C:\Users\dxu1\Desktop\Dissertation\PTQ\datasets\VOC\images\VOCtrainval_11-May-2012.zip to C:\Users\dxu1\Desktop\Dissertation\PTQ\datasets\VOC\images\VOCdevkit...: 3% ──────────── 1368/40189 470.7files/s 2.9s<1:22
[KUnzipping C:\Users\dxu1\Desktop\Dissertation\PTQ\datasets\VOC\images\VOCtrainval_11-May-2012.zip to C:\Users\dxu1\Desktop\Dissertation\PTQ\datasets\VOC\images\VOCdevkit...: 3% ──────────── 1414/40189 467.4files/s 3.0s<1:23
[KUnzipping C:\Users\dxu1\Desktop\Dissertation\PTQ\datasets\VOC\images\VOCtrainval_11-May-2012.zip to C:\Users\dxu1\Desktop\Dissertation\PTQ\datasets\VOC\images\VOCdevkit...: 3% ──────────── 1461/40189 467.0files/s 3.1s<1:23
[KUnzipping C:\Users\dxu1\Desktop\Dissertation\PTQ\datasets\VOC\images\VOCtrainval_11-May-2012.zip to C:\Users\dxu1\Desktop\Dissertation\PTQ\datasets\VOC\images\VOCdevkit...: 3% ──────────── 1510/40189 472.6files/s 3.2s<1:22
[KUnzipping C:\Users\dxu1\Desktop\Dissertation\PTQ\datasets\VOC\images\VOCtrainval_11-May-2012.zip to C:\Users\dxu1\Desktop\Dissertation\PTQ\datasets\VOC\images\VOCdevkit...: 3% ──────────── 1554/40189 461.8files/s 3.3s<1:24
[KUnzipping C:\Users\dxu1\Desktop\Dissertation\PTQ\datasets\VOC\images\VOCtrainval_11-May-2012.zip to C:\Users\dxu1\Desktop\Dissertation\PTQ\datasets\VOC\images\VOCdevkit...: 3% ──────────── 1602/40189 466.2files/s 3.4s<1:23
[KUnzipping C:\Users\dxu1\Desktop\Dissertation\PTQ\datasets\VOC\images\VOCtrainval_11-May-2012.zip to C:\Users\dxu1\Desktop\Dissertation\PTQ\datasets\VOC\images\VOCdevkit...: 4% ──────────── 1652/40189 475.5files/s 3.5s<1:21
[KUnzipping C:\Users\dxu1\Desktop\Dissertation\PTQ\datasets\VOC\images\VOCtrainval_11-May-2012.zip to C:\Users\dxu1\Desktop\Dissertation\PTQ\datasets\VOC\images\VOCdevkit...: 4% ╸─────────── 1702/40189 480.9files/s 3.6s<1:20
[KUnzipping C:\Users\dxu1\Desktop\Dissertation\PTQ\datasets\VOC\images\VOCtrainval_11-May-2012.zip to C:\Users\dxu1\Desktop\Dissertation\PTQ\datasets\VOC\images\VOCdevkit...: 4% ╸─────────── 1748/40189 472.8files/s 3.7s<1:21
[KUnzipping C:\Users\dxu1\Desktop\Dissertation\PTQ\datasets\VOC\images\VOCtrainval_11-May-2012.zip to C:\Users\dxu1\Desktop\Dissertation\PTQ\datasets\VOC\images\VOCdevkit...: 4% ╸─────────── 1793/40189 462.5files/s 3.8s<1:23
[KUnzipping C:\Users\dxu1\Desktop\Dissertation\PTQ\datasets\VOC\images\VOCtrainval_11-May-2012.zip to C:\Users\dxu1\Desktop\Dissertation\PTQ\datasets\VOC\images\VOCdevkit...: 4% ╸─────────── 1839/40189 461.4files/s 3.9s<1:23
[KUnzipping C:\Users\dxu1\Desktop\Dissertation\PTQ\datasets\VOC\images\VOCtrainval_11-May-2012.zip to C:\Users\dxu1\Desktop\Dissertation\PTQ\datasets\VOC\images\VOCdevkit...: 4% ╸─────────── 1886/40189 462.2files/s 4.0s<1:23
[KUnzipping C:\Users\dxu1\Desktop\Dissertation\PTQ\datasets\VOC\images\VOCtrainval_11-May-2012.zip to C:\Users\dxu1\Desktop\Dissertation\PTQ\datasets\VOC\images\VOCdevkit...: 4% ╸─────────── 1934/40189 465.3files/s 4.1s<1:22
[KUnzipping C:\Users\dxu1\Desktop\Dissertation\PTQ\datasets\VOC\images\VOCtrainval_11-May-2012.zip to C:\Users\dxu1\Desktop\Dissertation\PTQ\datasets\VOC\images\VOCdevkit...: 4% ╸─────────── 1983/40189 472.5files/s 4.2s<1:21
[KUnzipping C:\Users\dxu1\Desktop\Dissertation\PTQ\datasets\VOC\images\VOCtrainval_11-May-2012.zip to C:\Users\dxu1\Desktop\Dissertation\PTQ\datasets\VOC\images\VOCdevkit...: 5% ╸─────────── 2030/40189 471.0files/s 4.3s<1:21
[KUnzipping C:\Users\dxu1\Desktop\Dissertation\PTQ\datasets\VOC\images\VOCtrainval_11-May-2012.zip to C:\Users\dxu1\Desktop\Dissertation\PTQ\datasets\VOC\images\VOCdevkit...: 5% ╸─────────── 2078/40189 469.8files/s 4.4s<1:21
[KUnzipping C:\Users\dxu1\Desktop\Dissertation\PTQ\datasets\VOC\images\VOCtrainval_11-May-2012.zip to C:\Users\dxu1\Desktop\Dissertation\PTQ\datasets\VOC\images\VOCdevkit...: 5% ╸─────────── 2125/40189 467.4files/s 4.5s<1:21
[KUnzipping C:\Users\dxu1\Desktop\Dissertation\PTQ\datasets\VOC\images\VOCtrainval_11-May-2012.zip to C:\Users\dxu1\Desktop\Dissertation\PTQ\datasets\VOC\images\VOCdevkit...: 5% ╸─────────── 2168/40189 454.6files/s 4.6s<1:24
[KUnzipping C:\Users\dxu1\Desktop\Dissertation\PTQ\datasets\VOC\images\VOCtrainval_11-May-2012.zip to C:\Users\dxu1\Desktop\Dissertation\PTQ\datasets\VOC\images\VOCdevkit...: 5% ╸─────────── 2212/40189 447.9files/s 4.7s<1:25
[KUnzipping C:\Users\dxu1\Desktop\Dissertation\PTQ\datasets\VOC\images\VOCtrainval_11-May-2012.zip to C:\Users\dxu1\Desktop\Dissertation\PTQ\datasets\VOC\images\VOCdevkit...: 5% ╸─────────── 2263/40189 464.2files/s 4.9s<1:22
[KUnzipping C:\Users\dxu1\Desktop\Dissertation\PTQ\datasets\VOC\images\VOCtrainval_11-May-2012.zip to C:\Users\dxu1\Desktop\Dissertation\PTQ\datasets\VOC\images\VOCdevkit...: 5% ╸─────────── 2314/40189 477.5files/s 5.0s<1:19
[KUnzipping C:\Users\dxu1\Desktop\Dissertation\PTQ\datasets\VOC\images\VOCtrainval_11-May-2012.zip to C:\Users\dxu1\Desktop\Dissertation\PTQ\datasets\VOC\images\VOCdevkit...: 5% ╸─────────── 2359/40189 468.4files/s 5.1s<1:21
[KUnzipping C:\Users\dxu1\Desktop\Dissertation\PTQ\datasets\VOC\images\VOCtrainval_11-May-2012.zip to C:\Users\dxu1\Desktop\Dissertation\PTQ\datasets\VOC\images\VOCdevkit...: 5% ╸─────────── 2407/40189 471.0files/s 5.2s<1:20
[KUnzipping C:\Users\dxu1\Desktop\Dissertation\PTQ\datasets\VOC\images\VOCtrainval_11-May-2012.zip to C:\Users\dxu1\Desktop\Dissertation\PTQ\datasets\VOC\images\VOCdevkit...: 6% ╸─────────── 2454/40189 467.6files/s 5.3s<1:21
[KUnzipping C:\Users\dxu1\Desktop\Dissertation\PTQ\datasets\VOC\images\VOCtrainval_11-May-2012.zip to C:\Users\dxu1\Desktop\Dissertation\PTQ\datasets\VOC\images\VOCdevkit...: 6% ╸─────────── 2504/40189 474.1files/s 5.4s<1:19
[KUnzipping C:\Users\dxu1\Desktop\Dissertation\PTQ\datasets\VOC\images\VOCtrainval_11-May-2012.zip to C:\Users\dxu1\Desktop\Dissertation\PTQ\datasets\VOC\images\VOCdevkit...: 6% ╸─────────── 2556/40189 485.6files/s 5.5s<1:17
[KUnzipping C:\Users\dxu1\Desktop\Dissertation\PTQ\datasets\VOC\images\VOCtrainval_11-May-2012.zip to C:\Users\dxu1\Desktop\Dissertation\PTQ\datasets\VOC\images\VOCdevkit...: 6% ╸─────────── 2607/40189 492.9files/s 5.6s<1:16
[KUnzipping C:\Users\dxu1\Desktop\Dissertation\PTQ\datasets\VOC\images\VOCtrainval_11-May-2012.zip to C:\Users\dxu1\Desktop\Dissertation\PTQ\datasets\VOC\images\VOCdevkit...: 6% ╸─────────── 2657/40189 493.2files/s 5.7s<1:16
[KUnzipping C:\Users\dxu1\Desktop\Dissertation\PTQ\datasets\VOC\images\VOCtrainval_11-May-2012.zip to C:\Users\dxu1\Desktop\Dissertation\PTQ\datasets\VOC\images\VOCdevkit...: 6% ╸─────────── 2704/40189 484.6files/s 5.8s<1:17
[KUnzipping C:\Users\dxu1\Desktop\Dissertation\PTQ\datasets\VOC\images\VOCtrainval_11-May-2012.zip to C:\Users\dxu1\Desktop\Dissertation\PTQ\datasets\VOC\images\VOCdevkit...: 6% ╸─────────── 2751/40189 478.1files/s 5.9s<1:18
[KUnzipping C:\Users\dxu1\Desktop\Dissertation\PTQ\datasets\VOC\images\VOCtrainval_11-May-2012.zip to C:\Users\dxu1\Desktop\Dissertation\PTQ\datasets\VOC\images\VOCdevkit...: 6% ╸─────────── 2794/40189 462.4files/s 6.0s<1:21
[KUnzipping C:\Users\dxu1\Desktop\Dissertation\PTQ\datasets\VOC\images\VOCtrainval_11-May-2012.zip to C:\Users\dxu1\Desktop\Dissertation\PTQ\datasets\VOC\images\VOCdevkit...: 7% ╸─────────── 2842/40189 465.6files/s 6.1s<1:20
[KUnzipping C:\Users\dxu1\Desktop\Dissertation\PTQ\datasets\VOC\images\VOCtrainval_11-May-2012.zip to C:\Users\dxu1\Desktop\Dissertation\PTQ\datasets\VOC\images\VOCdevkit...: 7% ╸─────────── 2891/40189 471.8files/s 6.2s<1:19
[KUnzipping C:\Users\dxu1\Desktop\Dissertation\PTQ\datasets\VOC\images\VOCtrainval_11-May-2012.zip to C:\Users\dxu1\Desktop\Dissertation\PTQ\datasets\VOC\images\VOCdevkit...: 7% ╸─────────── 2941/40189 478.7files/s 6.3s<1:18
[KUnzipping C:\Users\dxu1\Desktop\Dissertation\PTQ\datasets\VOC\images\VOCtrainval_11-May-2012.zip to C:\Users\dxu1\Desktop\Dissertation\PTQ\datasets\VOC\images\VOCdevkit...: 7% ╸─────────── 2993/40189 488.8files/s 6.4s<1:16
[KUnzipping C:\Users\dxu1\Desktop\Dissertation\PTQ\datasets\VOC\images\VOCtrainval_11-May-2012.zip to C:\Users\dxu1\Desktop\Dissertation\PTQ\datasets\VOC\images\VOCdevkit...: 7% ╸─────────── 3041/40189 484.3files/s 6.5s<1:17
[KUnzipping C:\Users\dxu1\Desktop\Dissertation\PTQ\datasets\VOC\images\VOCtrainval_11-May-2012.zip to C:\Users\dxu1\Desktop\Dissertation\PTQ\datasets\VOC\images\VOCdevkit...: 7% ╸─────────── 3089/40189 481.2files/s 6.6s<1:17
[KUnzipping C:\Users\dxu1\Desktop\Dissertation\PTQ\datasets\VOC\images\VOCtrainval_11-May-2012.zip to C:\Users\dxu1\Desktop\Dissertation\PTQ\datasets\VOC\images\VOCdevkit...: 7% ╸─────────── 3130/40189 458.9files/s 6.7s<1:21
[KUnzipping C:\Users\dxu1\Desktop\Dissertation\PTQ\datasets\VOC\images\VOCtrainval_11-May-2012.zip to C:\Users\dxu1\Desktop\Dissertation\PTQ\datasets\VOC\images\VOCdevkit...: 7% ╸─────────── 3176/40189 454.3files/s 6.8s<1:21
[KUnzipping C:\Users\dxu1\Desktop\Dissertation\PTQ\datasets\VOC\images\VOCtrainval_11-May-2012.zip to C:\Users\dxu1\Desktop\Dissertation\PTQ\datasets\VOC\images\VOCdevkit...: 8% ╸─────────── 3223/40189 459.0files/s 6.9s<1:21
[KUnzipping C:\Users\dxu1\Desktop\Dissertation\PTQ\datasets\VOC\images\VOCtrainval_11-May-2012.zip to C:\Users\dxu1\Desktop\Dissertation\PTQ\datasets\VOC\images\VOCdevkit...: 8% ╸─────────── 3270/40189 459.4files/s 7.0s<1:20
[KUnzipping C:\Users\dxu1\Desktop\Dissertation\PTQ\datasets\VOC\images\VOCtrainval_11-May-2012.zip to C:\Users\dxu1\Desktop\Dissertation\PTQ\datasets\VOC\images\VOCdevkit...: 8% ╸─────────── 3322/40189 476.8files/s 7.1s<1:17
[KUnzipping C:\Users\dxu1\Desktop\Dissertation\PTQ\datasets\VOC\images\VOCtrainval_11-May-2012.zip to C:\Users\dxu1\Desktop\Dissertation\PTQ\datasets\VOC\images\VOCdevkit...: 8% ━─────────── 3369/40189 474.1files/s 7.2s<1:18
[KUnzipping C:\Users\dxu1\Desktop\Dissertation\PTQ\datasets\VOC\images\VOCtrainval_11-May-2012.zip to C:\Users\dxu1\Desktop\Dissertation\PTQ\datasets\VOC\images\VOCdevkit...: 8% ━─────────── 3416/40189 469.7files/s 7.3s<1:18
[KUnzipping C:\Users\dxu1\Desktop\Dissertation\PTQ\datasets\VOC\images\VOCtrainval_11-May-2012.zip to C:\Users\dxu1\Desktop\Dissertation\PTQ\datasets\VOC\images\VOCdevkit...: 8% ━─────────── 3464/40189 470.5files/s 7.4s<1:18
[KUnzipping C:\Users\dxu1\Desktop\Dissertation\PTQ\datasets\VOC\images\VOCtrainval_11-May-2012.zip to C:\Users\dxu1\Desktop\Dissertation\PTQ\datasets\VOC\images\VOCdevkit...: 8% ━─────────── 3509/40189 463.0files/s 7.5s<1:19
[KUnzipping C:\Users\dxu1\Desktop\Dissertation\PTQ\datasets\VOC\images\VOCtrainval_11-May-2012.zip to C:\Users\dxu1\Desktop\Dissertation\PTQ\datasets\VOC\images\VOCdevkit...: 8% ━─────────── 3556/40189 464.5files/s 7.6s<1:19
[KUnzipping C:\Users\dxu1\Desktop\Dissertation\PTQ\datasets\VOC\images\VOCtrainval_11-May-2012.zip to C:\Users\dxu1\Desktop\Dissertation\PTQ\datasets\VOC\images\VOCdevkit...: 8% ━─────────── 3607/40189 476.3files/s 7.7s<1:17
[KUnzipping C:\Users\dxu1\Desktop\Dissertation\PTQ\datasets\VOC\images\VOCtrainval_11-May-2012.zip to C:\Users\dxu1\Desktop\Dissertation\PTQ\datasets\VOC\images\VOCdevkit...: 9% ━─────────── 3661/40189 492.7files/s 7.8s<1:14
[KUnzipping C:\Users\dxu1\Desktop\Dissertation\PTQ\datasets\VOC\images\VOCtrainval_11-May-2012.zip to C:\Users\dxu1\Desktop\Dissertation\PTQ\datasets\VOC\images\VOCdevkit...: 9% ━─────────── 3712/40189 495.7files/s 7.9s<1:14
[KUnzipping C:\Users\dxu1\Desktop\Dissertation\PTQ\datasets\VOC\images\VOCtrainval_11-May-2012.zip to C:\Users\dxu1\Desktop\Dissertation\PTQ\datasets\VOC\images\VOCdevkit...: 9% ━─────────── 3760/40189 490.9files/s 8.0s<1:14
[KUnzipping C:\Users\dxu1\Desktop\Dissertation\PTQ\datasets\VOC\images\VOCtrainval_11-May-2012.zip to C:\Users\dxu1\Desktop\Dissertation\PTQ\datasets\VOC\images\VOCdevkit...: 9% ━─────────── 3802/40189 469.6files/s 8.1s<1:17
[KUnzipping C:\Users\dxu1\Desktop\Dissertation\PTQ\datasets\VOC\images\VOCtrainval_11-May-2012.zip to C:\Users\dxu1\Desktop\Dissertation\PTQ\datasets\VOC\images\VOCdevkit...: 9% ━─────────── 3851/40189 474.5files/s 8.2s<1:17
[KUnzipping C:\Users\dxu1\Desktop\Dissertation\PTQ\datasets\VOC\images\VOCtrainval_11-May-2012.zip to C:\Users\dxu1\Desktop\Dissertation\PTQ\datasets\VOC\images\VOCdevkit...: 9% ━─────────── 3904/40189 489.0files/s 8.3s<1:14
[KUnzipping C:\Users\dxu1\Desktop\Dissertation\PTQ\datasets\VOC\images\VOCtrainval_11-May-2012.zip to C:\Users\dxu1\Desktop\Dissertation\PTQ\datasets\VOC\images\VOCdevkit...: 9% ━─────────── 3954/40189 491.1files/s 8.4s<1:14
[KUnzipping C:\Users\dxu1\Desktop\Dissertation\PTQ\datasets\VOC\images\VOCtrainval_11-May-2012.zip to C:\Users\dxu1\Desktop\Dissertation\PTQ\datasets\VOC\images\VOCdevkit...: 9% ━─────────── 4005/40189 495.9files/s 8.5s<1:13
[KUnzipping C:\Users\dxu1\Desktop\Dissertation\PTQ\datasets\VOC\images\VOCtrainval_11-May-2012.zip to C:\Users\dxu1\Desktop\Dissertation\PTQ\datasets\VOC\images\VOCdevkit...: 10% ━─────────── 4052/40189 485.2files/s 8.6s<1:14
[KUnzipping C:\Users\dxu1\Desktop\Dissertation\PTQ\datasets\VOC\images\VOCtrainval_11-May-2012.zip to C:\Users\dxu1\Desktop\Dissertation\PTQ\datasets\VOC\images\VOCdevkit...: 10% ━─────────── 4093/40189 461.4files/s 8.7s<1:18
[KUnzipping C:\Users\dxu1\Desktop\Dissertation\PTQ\datasets\VOC\images\VOCtrainval_11-May-2012.zip to C:\Users\dxu1\Desktop\Dissertation\PTQ\datasets\VOC\images\VOCdevkit...: 10% ━─────────── 4139/40189 460.3files/s 8.8s<1:18
[KUnzipping C:\Users\dxu1\Desktop\Dissertation\PTQ\datasets\VOC\images\VOCtrainval_11-May-2012.zip to C:\Users\dxu1\Desktop\Dissertation\PTQ\datasets\VOC\images\VOCdevkit...: 10% ━─────────── 4186/40189 462.4files/s 8.9s<1:18
[KUnzipping C:\Users\dxu1\Desktop\Dissertation\PTQ\datasets\VOC\images\VOCtrainval_11-May-2012.zip to C:\Users\dxu1\Desktop\Dissertation\PTQ\datasets\VOC\images\VOCdevkit...: 10% ━─────────── 4234/40189 466.0files/s 9.0s<1:17
[KUnzipping C:\Users\dxu1\Desktop\Dissertation\PTQ\datasets\VOC\images\VOCtrainval_11-May-2012.zip to C:\Users\dxu1\Desktop\Dissertation\PTQ\datasets\VOC\images\VOCdevkit...: 10% ━─────────── 4281/40189 466.5files/s 9.1s<1:17
[KUnzipping C:\Users\dxu1\Desktop\Dissertation\PTQ\datasets\VOC\images\VOCtrainval_11-May-2012.zip to C:\Users\dxu1\Desktop\Dissertation\PTQ\datasets\VOC\images\VOCdevkit...: 10% ━─────────── 4327/40189 464.3files/s 9.2s<1:17
[KUnzipping C:\Users\dxu1\Desktop\Dissertation\PTQ\datasets\VOC\images\VOCtrainval_11-May-2012.zip to C:\Users\dxu1\Desktop\Dissertation\PTQ\datasets\VOC\images\VOCdevkit...: 10% ━─────────── 4372/40189 459.2files/s 9.3s<1:18
[KUnzipping C:\Users\dxu1\Desktop\Dissertation\PTQ\datasets\VOC\images\VOCtrainval_11-May-2012.zip to C:\Users\dxu1\Desktop\Dissertation\PTQ\datasets\VOC\images\VOCdevkit...: 10% ━─────────── 4417/40189 454.9files/s 9.4s<1:19
[KUnzipping C:\Users\dxu1\Desktop\Dissertation\PTQ\datasets\VOC\images\VOCtrainval_11-May-2012.zip to C:\Users\dxu1\Desktop\Dissertation\PTQ\datasets\VOC\images\VOCdevkit...: 11% ━─────────── 4460/40189 447.1files/s 9.5s<1:20
[KUnzipping C:\Users\dxu1\Desktop\Dissertation\PTQ\datasets\VOC\images\VOCtrainval_11-May-2012.zip to C:\Users\dxu1\Desktop\Dissertation\PTQ\datasets\VOC\images\VOCdevkit...: 11% ━─────────── 4503/40189 440.1files/s 9.6s<1:21
[KUnzipping C:\Users\dxu1\Desktop\Dissertation\PTQ\datasets\VOC\images\VOCtrainval_11-May-2012.zip to C:\Users\dxu1\Desktop\Dissertation\PTQ\datasets\VOC\images\VOCdevkit...: 11% ━─────────── 4547/40189 437.2files/s 9.7s<1:22
[KUnzipping C:\Users\dxu1\Desktop\Dissertation\PTQ\datasets\VOC\images\VOCtrainval_11-May-2012.zip to C:\Users\dxu1\Desktop\Dissertation\PTQ\datasets\VOC\images\VOCdevkit...: 11% ━─────────── 4591/40189 436.4files/s 9.8s<1:22
[KUnzipping C:\Users\dxu1\Desktop\Dissertation\PTQ\datasets\VOC\images\VOCtrainval_11-May-2012.zip to C:\Users\dxu1\Desktop\Dissertation\PTQ\datasets\VOC\images\VOCdevkit...: 11% ━─────────── 4636/40189 439.3files/s 9.9s<1:21
[KUnzipping C:\Users\dxu1\Desktop\Dissertation\PTQ\datasets\VOC\images\VOCtrainval_11-May-2012.zip to C:\Users\dxu1\Desktop\Dissertation\PTQ\datasets\VOC\images\VOCdevkit...: 11% ━─────────── 4681/40189 440.7files/s 10.0s<1:21
[KUnzipping C:\Users\dxu1\Desktop\Dissertation\PTQ\datasets\VOC\images\VOCtrainval_11-May-2012.zip to C:\Users\dxu1\Desktop\Dissertation\PTQ\datasets\VOC\images\VOCdevkit...: 11% ━─────────── 4725/40189 438.0files/s 10.1s<1:21
[KUnzipping C:\Users\dxu1\Desktop\Dissertation\PTQ\datasets\VOC\images\VOCtrainval_11-May-2012.zip to C:\Users\dxu1\Desktop\Dissertation\PTQ\datasets\VOC\images\VOCdevkit...: 11% ━─────────── 4772/40189 445.4files/s 10.2s<1:20
[KUnzipping C:\Users\dxu1\Desktop\Dissertation\PTQ\datasets\VOC\images\VOCtrainval_11-May-2012.zip to C:\Users\dxu1\Desktop\Dissertation\PTQ\datasets\VOC\images\VOCdevkit...: 11% ━─────────── 4816/40189 443.2files/s 10.3s<1:20
[KUnzipping C:\Users\dxu1\Desktop\Dissertation\PTQ\datasets\VOC\images\VOCtrainval_11-May-2012.zip to C:\Users\dxu1\Desktop\Dissertation\PTQ\datasets\VOC\images\VOCdevkit...: 12% ━─────────── 4862/40189 445.9files/s 10.4s<1:19
[KUnzipping C:\Users\dxu1\Desktop\Dissertation\PTQ\datasets\VOC\images\VOCtrainval_11-May-2012.zip to C:\Users\dxu1\Desktop\Dissertation\PTQ\datasets\VOC\images\VOCdevkit...: 12% ━─────────── 4914/40189 467.5files/s 10.5s<1:15
[KUnzipping C:\Users\dxu1\Desktop\Dissertation\PTQ\datasets\VOC\images\VOCtrainval_11-May-2012.zip to C:\Users\dxu1\Desktop\Dissertation\PTQ\datasets\VOC\images\VOCdevkit...: 12% ━─────────── 4964/40189 475.5files/s 10.6s<1:14
[KUnzipping C:\Users\dxu1\Desktop\Dissertation\PTQ\datasets\VOC\images\VOCtrainval_11-May-2012.zip to C:\Users\dxu1\Desktop\Dissertation\PTQ\datasets\VOC\images\VOCdevkit...: 12% ━─────────── 5007/40189 459.5files/s 10.7s<1:17
[KUnzipping C:\Users\dxu1\Desktop\Dissertation\PTQ\datasets\VOC\images\VOCtrainval_11-May-2012.zip to C:\Users\dxu1\Desktop\Dissertation\PTQ\datasets\VOC\images\VOCdevkit...: 12% ━╸────────── 5052/40189 454.8files/s 10.8s<1:17
[KUnzipping C:\Users\dxu1\Desktop\Dissertation\PTQ\datasets\VOC\images\VOCtrainval_11-May-2012.zip to C:\Users\dxu1\Desktop\Dissertation\PTQ\datasets\VOC\images\VOCdevkit...: 12% ━╸────────── 5102/40189 466.8files/s 10.9s<1:15
[KUnzipping C:\Users\dxu1\Desktop\Dissertation\PTQ\datasets\VOC\images\VOCtrainval_11-May-2012.zip to C:\Users\dxu1\Desktop\Dissertation\PTQ\datasets\VOC\images\VOCdevkit...: 12% ━╸────────── 5151/40189 473.7files/s 11.0s<1:14
[KUnzipping C:\Users\dxu1\Desktop\Dissertation\PTQ\datasets\VOC\images\VOCtrainval_11-May-2012.zip to C:\Users\dxu1\Desktop\Dissertation\PTQ\datasets\VOC\images\VOCdevkit...: 12% ━╸────────── 5204/40189 488.5files/s 11.1s<1:12
[KUnzipping C:\Users\dxu1\Desktop\Dissertation\PTQ\datasets\VOC\images\VOCtrainval_11-May-2012.zip to C:\Users\dxu1\Desktop\Dissertation\PTQ\datasets\VOC\images\VOCdevkit...: 13% ━╸────────── 5252/40189 484.3files/s 11.2s<1:12
[KUnzipping C:\Users\dxu1\Desktop\Dissertation\PTQ\datasets\VOC\images\VOCtrainval_11-May-2012.zip to C:\Users\dxu1\Desktop\Dissertation\PTQ\datasets\VOC\images\VOCdevkit...: 13% ━╸────────── 5301/40189 484.0files/s 11.3s<1:12
[KUnzipping C:\Users\dxu1\Desktop\Dissertation\PTQ\datasets\VOC\images\VOCtrainval_11-May-2012.zip to C:\Users\dxu1\Desktop\Dissertation\PTQ\datasets\VOC\images\VOCdevkit...: 13% ━╸────────── 5350/40189 483.8files/s 11.4s<1:12
[KUnzipping C:\Users\dxu1\Desktop\Dissertation\PTQ\datasets\VOC\images\VOCtrainval_11-May-2012.zip to C:\Users\dxu1\Desktop\Dissertation\PTQ\datasets\VOC\images\VOCdevkit...: 13% ━╸────────── 5398/40189 482.1files/s 11.5s<1:12
[KUnzipping C:\Users\dxu1\Desktop\Dissertation\PTQ\datasets\VOC\images\VOCtrainval_11-May-2012.zip to C:\Users\dxu1\Desktop\Dissertation\PTQ\datasets\VOC\images\VOCdevkit...: 13% ━╸────────── 5455/40189 506.2files/s 11.6s<1:09
[KUnzipping C:\Users\dxu1\Desktop\Dissertation\PTQ\datasets\VOC\images\VOCtrainval_11-May-2012.zip to C:\Users\dxu1\Desktop\Dissertation\PTQ\datasets\VOC\images\VOCdevkit...: 13% ━╸────────── 5508/40189 511.1files/s 11.7s<1:08
[KUnzipping C:\Users\dxu1\Desktop\Dissertation\PTQ\datasets\VOC\images\VOCtrainval_11-May-2012.zip to C:\Users\dxu1\Desktop\Dissertation\PTQ\datasets\VOC\images\VOCdevkit...: 13% ━╸────────── 5560/40189 512.9files/s 11.8s<1:08
[KUnzipping C:\Users\dxu1\Desktop\Dissertation\PTQ\datasets\VOC\images\VOCtrainval_11-May-2012.zip to C:\Users\dxu1\Desktop\Dissertation\PTQ\datasets\VOC\images\VOCdevkit...: 13% ━╸────────── 5607/40189 499.0files/s 11.9s<1:09
[KUnzipping C:\Users\dxu1\Desktop\Dissertation\PTQ\datasets\VOC\images\VOCtrainval_11-May-2012.zip to C:\Users\dxu1\Desktop\Dissertation\PTQ\datasets\VOC\images\VOCdevkit...: 14% ━╸────────── 5656/40189 494.5files/s 12.0s<1:10
[KUnzipping C:\Users\dxu1\Desktop\Dissertation\PTQ\datasets\VOC\images\VOCtrainval_11-May-2012.zip to C:\Users\dxu1\Desktop\Dissertation\PTQ\datasets\VOC\images\VOCdevkit...: 14% ━╸────────── 5705/40189 490.3files/s 12.1s<1:10
[KUnzipping C:\Users\dxu1\Desktop\Dissertation\PTQ\datasets\VOC\images\VOCtrainval_11-May-2012.zip to C:\Users\dxu1\Desktop\Dissertation\PTQ\datasets\VOC\images\VOCdevkit...: 14% ━╸────────── 5755/40189 491.9files/s 12.2s<1:10
[KUnzipping C:\Users\dxu1\Desktop\Dissertation\PTQ\datasets\VOC\images\VOCtrainval_11-May-2012.zip to C:\Users\dxu1\Desktop\Dissertation\PTQ\datasets\VOC\images\VOCdevkit...: 14% ━╸────────── 5806/40189 496.7files/s 12.3s<1:09
[KUnzipping C:\Users\dxu1\Desktop\Dissertation\PTQ\datasets\VOC\images\VOCtrainval_11-May-2012.zip to C:\Users\dxu1\Desktop\Dissertation\PTQ\datasets\VOC\images\VOCdevkit...: 14% ━╸────────── 5856/40189 496.9files/s 12.4s<1:09
[KUnzipping C:\Users\dxu1\Desktop\Dissertation\PTQ\datasets\VOC\images\VOCtrainval_11-May-2012.zip to C:\Users\dxu1\Desktop\Dissertation\PTQ\datasets\VOC\images\VOCdevkit...: 14% ━╸────────── 5903/40189 487.7files/s 12.5s<1:10
[KUnzipping C:\Users\dxu1\Desktop\Dissertation\PTQ\datasets\VOC\images\VOCtrainval_11-May-2012.zip to C:\Users\dxu1\Desktop\Dissertation\PTQ\datasets\VOC\images\VOCdevkit...: 14% ━╸────────── 5949/40189 478.8files/s 12.6s<1:12
[KUnzipping C:\Users\dxu1\Desktop\Dissertation\PTQ\datasets\VOC\images\VOCtrainval_11-May-2012.zip to C:\Users\dxu1\Desktop\Dissertation\PTQ\datasets\VOC\images\VOCdevkit...: 14% ━╸────────── 5995/40189 471.1files/s 12.7s<1:13
[KUnzipping C:\Users\dxu1\Desktop\Dissertation\PTQ\datasets\VOC\images\VOCtrainval_11-May-2012.zip to C:\Users\dxu1\Desktop\Dissertation\PTQ\datasets\VOC\images\VOCdevkit...: 15% ━╸────────── 6039/40189 460.7files/s 12.8s<1:14
[KUnzipping C:\Users\dxu1\Desktop\Dissertation\PTQ\datasets\VOC\images\VOCtrainval_11-May-2012.zip to C:\Users\dxu1\Desktop\Dissertation\PTQ\datasets\VOC\images\VOCdevkit...: 15% ━╸────────── 6090/40189 472.7files/s 12.9s<1:12
[KUnzipping C:\Users\dxu1\Desktop\Dissertation\PTQ\datasets\VOC\images\VOCtrainval_11-May-2012.zip to C:\Users\dxu1\Desktop\Dissertation\PTQ\datasets\VOC\images\VOCdevkit...: 15% ━╸────────── 6150/40189 509.8files/s 13.0s<1:07
[KUnzipping C:\Users\dxu1\Desktop\Dissertation\PTQ\datasets\VOC\images\VOCtrainval_11-May-2012.zip to C:\Users\dxu1\Desktop\Dissertation\PTQ\datasets\VOC\images\VOCdevkit...: 15% ━╸────────── 6248/40189 649.2files/s 13.1s<52.3s
[KUnzipping C:\Users\dxu1\Desktop\Dissertation\PTQ\datasets\VOC\images\VOCtrainval_11-May-2012.zip to C:\Users\dxu1\Desktop\Dissertation\PTQ\datasets\VOC\images\VOCdevkit...: 15% ━╸────────── 6346/40189 747.5files/s 13.2s<45.3s
[KUnzipping C:\Users\dxu1\Desktop\Dissertation\PTQ\datasets\VOC\images\VOCtrainval_11-May-2012.zip to C:\Users\dxu1\Desktop\Dissertation\PTQ\datasets\VOC\images\VOCdevkit...: 16% ━╸────────── 6442/40189 810.6files/s 13.3s<41.6s
[KUnzipping C:\Users\dxu1\Desktop\Dissertation\PTQ\datasets\VOC\images\VOCtrainval_11-May-2012.zip to C:\Users\dxu1\Desktop\Dissertation\PTQ\datasets\VOC\images\VOCdevkit...: 16% ━╸────────── 6542/40189 866.0files/s 13.4s<38.9s
[KUnzipping C:\Users\dxu1\Desktop\Dissertation\PTQ\datasets\VOC\images\VOCtrainval_11-May-2012.zip to C:\Users\dxu1\Desktop\Dissertation\PTQ\datasets\VOC\images\VOCdevkit...: 16% ━╸────────── 6645/40189 913.8files/s 13.5s<36.7s
[KUnzipping C:\Users\dxu1\Desktop\Dissertation\PTQ\datasets\VOC\images\VOCtrainval_11-May-2012.zip to C:\Users\dxu1\Desktop\Dissertation\PTQ\datasets\VOC\images\VOCdevkit...: 16% ━━────────── 6748/40189 947.5files/s 13.6s<35.3s
[KUnzipping C:\Users\dxu1\Desktop\Dissertation\PTQ\datasets\VOC\images\VOCtrainval_11-May-2012.zip to C:\Users\dxu1\Desktop\Dissertation\PTQ\datasets\VOC\images\VOCdevkit...: 17% ━━────────── 6852/40189 973.0files/s 13.7s<34.3s
[KUnzipping C:\Users\dxu1\Desktop\Dissertation\PTQ\datasets\VOC\images\VOCtrainval_11-May-2012.zip to C:\Users\dxu1\Desktop\Dissertation\PTQ\datasets\VOC\images\VOCdevkit...: 17% ━━────────── 6953/40189 982.0files/s 13.8s<33.8s
[KUnzipping C:\Users\dxu1\Desktop\Dissertation\PTQ\datasets\VOC\images\VOCtrainval_11-May-2012.zip to C:\Users\dxu1\Desktop\Dissertation\PTQ\datasets\VOC\images\VOCdevkit...: 17% ━━────────── 7049/40189 972.9files/s 13.9s<34.1s
[KUnzipping C:\Users\dxu1\Desktop\Dissertation\PTQ\datasets\VOC\images\VOCtrainval_11-May-2012.zip to C:\Users\dxu1\Desktop\Dissertation\PTQ\datasets\VOC\images\VOCdevkit...: 17% ━━────────── 7146/40189 969.8files/s 14.0s<34.1s
[KUnzipping C:\Users\dxu1\Desktop\Dissertation\PTQ\datasets\VOC\images\VOCtrainval_11-May-2012.zip to C:\Users\dxu1\Desktop\Dissertation\PTQ\datasets\VOC\images\VOCdevkit...: 18% ━━────────── 7249/40189 984.9files/s 14.1s<33.4s
[KUnzipping C:\Users\dxu1\Desktop\Dissertation\PTQ\datasets\VOC\images\VOCtrainval_11-May-2012.zip to C:\Users\dxu1\Desktop\Dissertation\PTQ\datasets\VOC\images\VOCdevkit...: 18% ━━────────── 7339/40189 957.3files/s 14.2s<34.3s
[KUnzipping C:\Users\dxu1\Desktop\Dissertation\PTQ\datasets\VOC\images\VOCtrainval_11-May-2012.zip to C:\Users\dxu1\Desktop\Dissertation\PTQ\datasets\VOC\images\VOCdevkit...: 18% ━━────────── 7441/40189 975.8files/s 14.3s<33.6s
[KUnzipping C:\Users\dxu1\Desktop\Dissertation\PTQ\datasets\VOC\images\VOCtrainval_11-May-2012.zip to C:\Users\dxu1\Desktop\Dissertation\PTQ\datasets\VOC\images\VOCdevkit...: 18% ━━────────── 7543/40189 986.9files/s 14.4s<33.1s
[KUnzipping C:\Users\dxu1\Desktop\Dissertation\PTQ\datasets\VOC\images\VOCtrainval_11-May-2012.zip to C:\Users\dxu1\Desktop\Dissertation\PTQ\datasets\VOC\images\VOCdevkit...: 19% ━━────────── 7647/40189 1.0Kfiles/s 14.5s<32.5s
[KUnzipping C:\Users\dxu1\Desktop\Dissertation\PTQ\datasets\VOC\images\VOCtrainval_11-May-2012.zip to C:\Users\dxu1\Desktop\Dissertation\PTQ\datasets\VOC\images\VOCdevkit...: 19% ━━────────── 7745/40189 993.7files/s 14.6s<32.6s
[KUnzipping C:\Users\dxu1\Desktop\Dissertation\PTQ\datasets\VOC\images\VOCtrainval_11-May-2012.zip to C:\Users\dxu1\Desktop\Dissertation\PTQ\datasets\VOC\images\VOCdevkit...: 19% ━━────────── 7840/40189 978.3files/s 14.7s<33.1s
[KUnzipping C:\Users\dxu1\Desktop\Dissertation\PTQ\datasets\VOC\images\VOCtrainval_11-May-2012.zip to C:\Users\dxu1\Desktop\Dissertation\PTQ\datasets\VOC\images\VOCdevkit...: 19% ━━────────── 7935/40189 969.1files/s 14.8s<33.3s
[KUnzipping C:\Users\dxu1\Desktop\Dissertation\PTQ\datasets\VOC\images\VOCtrainval_11-May-2012.zip to C:\Users\dxu1\Desktop\Dissertation\PTQ\datasets\VOC\images\VOCdevkit...: 20% ━━────────── 8039/40189 989.5files/s 14.9s<32.5s
[KUnzipping C:\Users\dxu1\Desktop\Dissertation\PTQ\datasets\VOC\images\VOCtrainval_11-May-2012.zip to C:\Users\dxu1\Desktop\Dissertation\PTQ\datasets\VOC\images\VOCdevkit...: 20% ━━────────── 8144/40189 1.0Kfiles/s 15.0s<31.8s
[KUnzipping C:\Users\dxu1\Desktop\Dissertation\PTQ\datasets\VOC\images\VOCtrainval_11-May-2012.zip to C:\Users\dxu1\Desktop\Dissertation\PTQ\datasets\VOC\images\VOCdevkit...: 20% ━━────────── 8247/40189 1.0Kfiles/s 15.1s<31.5s
[KUnzipping C:\Users\dxu1\Desktop\Dissertation\PTQ\datasets\VOC\images\VOCtrainval_11-May-2012.zip to C:\Users\dxu1\Desktop\Dissertation\PTQ\datasets\VOC\images\VOCdevkit...: 20% ━━────────── 8347/40189 1.0Kfiles/s 15.3s<31.6s
[KUnzipping C:\Users\dxu1\Desktop\Dissertation\PTQ\datasets\VOC\images\VOCtrainval_11-May-2012.zip to C:\Users\dxu1\Desktop\Dissertation\PTQ\datasets\VOC\images\VOCdevkit...: 21% ━━╸───────── 8444/40189 994.2files/s 15.4s<31.9s
[KUnzipping C:\Users\dxu1\Desktop\Dissertation\PTQ\datasets\VOC\images\VOCtrainval_11-May-2012.zip to C:\Users\dxu1\Desktop\Dissertation\PTQ\datasets\VOC\images\VOCdevkit...: 21% ━━╸───────── 8542/40189 988.3files/s 15.5s<32.0s
[KUnzipping C:\Users\dxu1\Desktop\Dissertation\PTQ\datasets\VOC\images\VOCtrainval_11-May-2012.zip to C:\Users\dxu1\Desktop\Dissertation\PTQ\datasets\VOC\images\VOCdevkit...: 21% ━━╸───────── 8639/40189 981.8files/s 15.6s<32.1s
[KUnzipping C:\Users\dxu1\Desktop\Dissertation\PTQ\datasets\VOC\images\VOCtrainval_11-May-2012.zip to C:\Users\dxu1\Desktop\Dissertation\PTQ\datasets\VOC\images\VOCdevkit...: 21% ━━╸───────── 8736/40189 975.8files/s 15.7s<32.2s
[KUnzipping C:\Users\dxu1\Desktop\Dissertation\PTQ\datasets\VOC\images\VOCtrainval_11-May-2012.zip to C:\Users\dxu1\Desktop\Dissertation\PTQ\datasets\VOC\images\VOCdevkit...: 21% ━━╸───────── 8837/40189 984.3files/s 15.8s<31.9s
[KUnzipping C:\Users\dxu1\Desktop\Dissertation\PTQ\datasets\VOC\images\VOCtrainval_11-May-2012.zip to C:\Users\dxu1\Desktop\Dissertation\PTQ\datasets\VOC\images\VOCdevkit...: 22% ━━╸───────── 8938/40189 988.6files/s 15.9s<31.6s
[KUnzipping C:\Users\dxu1\Desktop\Dissertation\PTQ\datasets\VOC\images\VOCtrainval_11-May-2012.zip to C:\Users\dxu1\Desktop\Dissertation\PTQ\datasets\VOC\images\VOCdevkit...: 22% ━━╸───────── 9037/40189 985.9files/s 16.0s<31.6s
[KUnzipping C:\Users\dxu1\Desktop\Dissertation\PTQ\datasets\VOC\images\VOCtrainval_11-May-2012.zip to C:\Users\dxu1\Desktop\Dissertation\PTQ\datasets\VOC\images\VOCdevkit...: 22% ━━╸───────── 9132/40189 973.3files/s 16.1s<31.9s
[KUnzipping C:\Users\dxu1\Desktop\Dissertation\PTQ\datasets\VOC\images\VOCtrainval_11-May-2012.zip to C:\Users\dxu1\Desktop\Dissertation\PTQ\datasets\VOC\images\VOCdevkit...: 22% ━━╸───────── 9229/40189 970.0files/s 16.2s<31.9s
[KUnzipping C:\Users\dxu1\Desktop\Dissertation\PTQ\datasets\VOC\images\VOCtrainval_11-May-2012.zip to C:\Users\dxu1\Desktop\Dissertation\PTQ\datasets\VOC\images\VOCdevkit...: 23% ━━╸───────── 9308/40189 914.3files/s 16.3s<33.8s
[KUnzipping C:\Users\dxu1\Desktop\Dissertation\PTQ\datasets\VOC\images\VOCtrainval_11-May-2012.zip to C:\Users\dxu1\Desktop\Dissertation\PTQ\datasets\VOC\images\VOCdevkit...: 23% ━━╸───────── 9410/40189 945.8files/s 16.4s<32.5s
[KUnzipping C:\Users\dxu1\Desktop\Dissertation\PTQ\datasets\VOC\images\VOCtrainval_11-May-2012.zip to C:\Users\dxu1\Desktop\Dissertation\PTQ\datasets\VOC\images\VOCdevkit...: 23% ━━╸───────── 9513/40189 969.8files/s 16.5s<31.6s
[KUnzipping C:\Users\dxu1\Desktop\Dissertation\PTQ\datasets\VOC\images\VOCtrainval_11-May-2012.zip to C:\Users\dxu1\Desktop\Dissertation\PTQ\datasets\VOC\images\VOCdevkit...: 23% ━━╸───────── 9604/40189 950.0files/s 16.6s<32.2s
[KUnzipping C:\Users\dxu1\Desktop\Dissertation\PTQ\datasets\VOC\images\VOCtrainval_11-May-2012.zip to C:\Users\dxu1\Desktop\Dissertation\PTQ\datasets\VOC\images\VOCdevkit...: 24% ━━╸───────── 9693/40189 929.6files/s 16.7s<32.8s
[KUnzipping C:\Users\dxu1\Desktop\Dissertation\PTQ\datasets\VOC\images\VOCtrainval_11-May-2012.zip to C:\Users\dxu1\Desktop\Dissertation\PTQ\datasets\VOC\images\VOCdevkit...: 24% ━━╸───────── 9783/40189 918.2files/s 16.8s<33.1s
[KUnzipping C:\Users\dxu1\Desktop\Dissertation\PTQ\datasets\VOC\images\VOCtrainval_11-May-2012.zip to C:\Users\dxu1\Desktop\Dissertation\PTQ\datasets\VOC\images\VOCdevkit...: 24% ━━╸───────── 9875/40189 916.7files/s 16.9s<33.1s
[KUnzipping C:\Users\dxu1\Desktop\Dissertation\PTQ\datasets\VOC\images\VOCtrainval_11-May-2012.zip to C:\Users\dxu1\Desktop\Dissertation\PTQ\datasets\VOC\images\VOCdevkit...: 24% ━━╸───────── 9967/40189 917.2files/s 17.0s<32.9s
[KUnzipping C:\Users\dxu1\Desktop\Dissertation\PTQ\datasets\VOC\images\VOCtrainval_11-May-2012.zip to C:\Users\dxu1\Desktop\Dissertation\PTQ\datasets\VOC\images\VOCdevkit...: 25% ━━━───────── 10055/40189 903.6files/s 17.1s<33.3s
[KUnzipping C:\Users\dxu1\Desktop\Dissertation\PTQ\datasets\VOC\images\VOCtrainval_11-May-2012.zip to C:\Users\dxu1\Desktop\Dissertation\PTQ\datasets\VOC\images\VOCdevkit...: 25% ━━━───────── 10151/40189 919.1files/s 17.2s<32.7s
[KUnzipping C:\Users\dxu1\Desktop\Dissertation\PTQ\datasets\VOC\images\VOCtrainval_11-May-2012.zip to C:\Users\dxu1\Desktop\Dissertation\PTQ\datasets\VOC\images\VOCdevkit...: 25% ━━━───────── 10253/40189 948.2files/s 17.3s<31.6s
[KUnzipping C:\Users\dxu1\Desktop\Dissertation\PTQ\datasets\VOC\images\VOCtrainval_11-May-2012.zip to C:\Users\dxu1\Desktop\Dissertation\PTQ\datasets\VOC\images\VOCdevkit...: 25% ━━━───────── 10355/40189 968.1files/s 17.4s<30.8s
[KUnzipping C:\Users\dxu1\Desktop\Dissertation\PTQ\datasets\VOC\images\VOCtrainval_11-May-2012.zip to C:\Users\dxu1\Desktop\Dissertation\PTQ\datasets\VOC\images\VOCdevkit...: 25% ━━━───────── 10449/40189 957.8files/s 17.5s<31.1s
[KUnzipping C:\Users\dxu1\Desktop\Dissertation\PTQ\datasets\VOC\images\VOCtrainval_11-May-2012.zip to C:\Users\dxu1\Desktop\Dissertation\PTQ\datasets\VOC\images\VOCdevkit...: 26% ━━━───────── 10542/40189 948.4files/s 17.6s<31.3s
[KUnzipping C:\Users\dxu1\Desktop\Dissertation\PTQ\datasets\VOC\images\VOCtrainval_11-May-2012.zip to C:\Users\dxu1\Desktop\Dissertation\PTQ\datasets\VOC\images\VOCdevkit...: 26% ━━━───────── 10632/40189 932.5files/s 17.7s<31.7s
[KUnzipping C:\Users\dxu1\Desktop\Dissertation\PTQ\datasets\VOC\images\VOCtrainval_11-May-2012.zip to C:\Users\dxu1\Desktop\Dissertation\PTQ\datasets\VOC\images\VOCdevkit...: 26% ━━━───────── 10718/40189 910.2files/s 17.8s<32.4s
[KUnzipping C:\Users\dxu1\Desktop\Dissertation\PTQ\datasets\VOC\images\VOCtrainval_11-May-2012.zip to C:\Users\dxu1\Desktop\Dissertation\PTQ\datasets\VOC\images\VOCdevkit...: 26% ━━━───────── 10817/40189 932.9files/s 17.9s<31.5s
[KUnzipping C:\Users\dxu1\Desktop\Dissertation\PTQ\datasets\VOC\images\VOCtrainval_11-May-2012.zip to C:\Users\dxu1\Desktop\Dissertation\PTQ\datasets\VOC\images\VOCdevkit...: 27% ━━━───────── 10915/40189 944.9files/s 18.0s<31.0s
[KUnzipping C:\Users\dxu1\Desktop\Dissertation\PTQ\datasets\VOC\images\VOCtrainval_11-May-2012.zip to C:\Users\dxu1\Desktop\Dissertation\PTQ\datasets\VOC\images\VOCdevkit...: 27% ━━━───────── 10999/40189 912.4files/s 18.1s<32.0s
[KUnzipping C:\Users\dxu1\Desktop\Dissertation\PTQ\datasets\VOC\images\VOCtrainval_11-May-2012.zip to C:\Users\dxu1\Desktop\Dissertation\PTQ\datasets\VOC\images\VOCdevkit...: 27% ━━━───────── 11079/40189 876.8files/s 18.2s<33.2s
[KUnzipping C:\Users\dxu1\Desktop\Dissertation\PTQ\datasets\VOC\images\VOCtrainval_11-May-2012.zip to C:\Users\dxu1\Desktop\Dissertation\PTQ\datasets\VOC\images\VOCdevkit...: 27% ━━━───────── 11165/40189 870.8files/s 18.3s<33.3s
[KUnzipping C:\Users\dxu1\Desktop\Dissertation\PTQ\datasets\VOC\images\VOCtrainval_11-May-2012.zip to C:\Users\dxu1\Desktop\Dissertation\PTQ\datasets\VOC\images\VOCdevkit...: 28% ━━━───────── 11255/40189 879.6files/s 18.4s<32.9s
[KUnzipping C:\Users\dxu1\Desktop\Dissertation\PTQ\datasets\VOC\images\VOCtrainval_11-May-2012.zip to C:\Users\dxu1\Desktop\Dissertation\PTQ\datasets\VOC\images\VOCdevkit...: 28% ━━━───────── 11351/40189 901.8files/s 18.5s<32.0s
[KUnzipping C:\Users\dxu1\Desktop\Dissertation\PTQ\datasets\VOC\images\VOCtrainval_11-May-2012.zip to C:\Users\dxu1\Desktop\Dissertation\PTQ\datasets\VOC\images\VOCdevkit...: 28% ━━━───────── 11454/40189 938.6files/s 18.6s<30.6s
[KUnzipping C:\Users\dxu1\Desktop\Dissertation\PTQ\datasets\VOC\images\VOCtrainval_11-May-2012.zip to C:\Users\dxu1\Desktop\Dissertation\PTQ\datasets\VOC\images\VOCdevkit...: 28% ━━━───────── 11546/40189 933.0files/s 18.7s<30.7s
[KUnzipping C:\Users\dxu1\Desktop\Dissertation\PTQ\datasets\VOC\images\VOCtrainval_11-May-2012.zip to C:\Users\dxu1\Desktop\Dissertation\PTQ\datasets\VOC\images\VOCdevkit...: 28% ━━━───────── 11635/40189 919.0files/s 18.8s<31.1s
[KUnzipping C:\Users\dxu1\Desktop\Dissertation\PTQ\datasets\VOC\images\VOCtrainval_11-May-2012.zip to C:\Users\dxu1\Desktop\Dissertation\PTQ\datasets\VOC\images\VOCdevkit...: 29% ━━━╸──────── 11724/40189 909.3files/s 18.9s<31.3s
[KUnzipping C:\Users\dxu1\Desktop\Dissertation\PTQ\datasets\VOC\images\VOCtrainval_11-May-2012.zip to C:\Users\dxu1\Desktop\Dissertation\PTQ\datasets\VOC\images\VOCdevkit...: 29% ━━━╸──────── 11821/40189 925.9files/s 19.0s<30.6s
[KUnzipping C:\Users\dxu1\Desktop\Dissertation\PTQ\datasets\VOC\images\VOCtrainval_11-May-2012.zip to C:\Users\dxu1\Desktop\Dissertation\PTQ\datasets\VOC\images\VOCdevkit...: 29% ━━━╸──────── 11925/40189 957.4files/s 19.1s<29.5s
[KUnzipping C:\Users\dxu1\Desktop\Dissertation\PTQ\datasets\VOC\images\VOCtrainval_11-May-2012.zip to C:\Users\dxu1\Desktop\Dissertation\PTQ\datasets\VOC\images\VOCdevkit...: 29% ━━━╸──────── 12028/40189 976.0files/s 19.2s<28.9s
[KUnzipping C:\Users\dxu1\Desktop\Dissertation\PTQ\datasets\VOC\images\VOCtrainval_11-May-2012.zip to C:\Users\dxu1\Desktop\Dissertation\PTQ\datasets\VOC\images\VOCdevkit...: 30% ━━━╸──────── 12131/40189 990.1files/s 19.3s<28.3s
[KUnzipping C:\Users\dxu1\Desktop\Dissertation\PTQ\datasets\VOC\images\VOCtrainval_11-May-2012.zip to C:\Users\dxu1\Desktop\Dissertation\PTQ\datasets\VOC\images\VOCdevkit...: 30% ━━━╸──────── 12229/40189 983.8files/s 19.4s<28.4s
[KUnzipping C:\Users\dxu1\Desktop\Dissertation\PTQ\datasets\VOC\images\VOCtrainval_11-May-2012.zip to C:\Users\dxu1\Desktop\Dissertation\PTQ\datasets\VOC\images\VOCdevkit...: 30% ━━━╸──────── 12317/40189 952.0files/s 19.5s<29.3s
[KUnzipping C:\Users\dxu1\Desktop\Dissertation\PTQ\datasets\VOC\images\VOCtrainval_11-May-2012.zip to C:\Users\dxu1\Desktop\Dissertation\PTQ\datasets\VOC\images\VOCdevkit...: 30% ━━━╸──────── 12398/40189 908.9files/s 19.6s<30.6s
[KUnzipping C:\Users\dxu1\Desktop\Dissertation\PTQ\datasets\VOC\images\VOCtrainval_11-May-2012.zip to C:\Users\dxu1\Desktop\Dissertation\PTQ\datasets\VOC\images\VOCdevkit...: 31% ━━━╸──────── 12485/40189 896.7files/s 19.7s<30.9s
[KUnzipping C:\Users\dxu1\Desktop\Dissertation\PTQ\datasets\VOC\images\VOCtrainval_11-May-2012.zip to C:\Users\dxu1\Desktop\Dissertation\PTQ\datasets\VOC\images\VOCdevkit...: 31% ━━━╸──────── 12583/40189 919.3files/s 19.8s<30.0s
[KUnzipping C:\Users\dxu1\Desktop\Dissertation\PTQ\datasets\VOC\images\VOCtrainval_11-May-2012.zip to C:\Users\dxu1\Desktop\Dissertation\PTQ\datasets\VOC\images\VOCdevkit...: 31% ━━━╸──────── 12685/40189 946.7files/s 19.9s<29.1s
[KUnzipping C:\Users\dxu1\Desktop\Dissertation\PTQ\datasets\VOC\images\VOCtrainval_11-May-2012.zip to C:\Users\dxu1\Desktop\Dissertation\PTQ\datasets\VOC\images\VOCdevkit...: 31% ━━━╸──────── 12786/40189 964.4files/s 20.0s<28.4s
[KUnzipping C:\Users\dxu1\Desktop\Dissertation\PTQ\datasets\VOC\images\VOCtrainval_11-May-2012.zip to C:\Users\dxu1\Desktop\Dissertation\PTQ\datasets\VOC\images\VOCdevkit...: 32% ━━━╸──────── 12880/40189 955.1files/s 20.1s<28.6s
[KUnzipping C:\Users\dxu1\Desktop\Dissertation\PTQ\datasets\VOC\images\VOCtrainval_11-May-2012.zip to C:\Users\dxu1\Desktop\Dissertation\PTQ\datasets\VOC\images\VOCdevkit...: 32% ━━━╸──────── 12977/40189 958.8files/s 20.2s<28.4s
[KUnzipping C:\Users\dxu1\Desktop\Dissertation\PTQ\datasets\VOC\images\VOCtrainval_11-May-2012.zip to C:\Users\dxu1\Desktop\Dissertation\PTQ\datasets\VOC\images\VOCdevkit...: 32% ━━━╸──────── 13056/40189 906.2files/s 20.3s<29.9s
[KUnzipping C:\Users\dxu1\Desktop\Dissertation\PTQ\datasets\VOC\images\VOCtrainval_11-May-2012.zip to C:\Users\dxu1\Desktop\Dissertation\PTQ\datasets\VOC\images\VOCdevkit...: 32% ━━━╸──────── 13145/40189 901.1files/s 20.4s<30.0s
[KUnzipping C:\Users\dxu1\Desktop\Dissertation\PTQ\datasets\VOC\images\VOCtrainval_11-May-2012.zip to C:\Users\dxu1\Desktop\Dissertation\PTQ\datasets\VOC\images\VOCdevkit...: 32% ━━━╸──────── 13242/40189 921.2files/s 20.5s<29.3s
[KUnzipping C:\Users\dxu1\Desktop\Dissertation\PTQ\datasets\VOC\images\VOCtrainval_11-May-2012.zip to C:\Users\dxu1\Desktop\Dissertation\PTQ\datasets\VOC\images\VOCdevkit...: 33% ━━━╸──────── 13336/40189 926.6files/s 20.6s<29.0s
[KUnzipping C:\Users\dxu1\Desktop\Dissertation\PTQ\datasets\VOC\images\VOCtrainval_11-May-2012.zip to C:\Users\dxu1\Desktop\Dissertation\PTQ\datasets\VOC\images\VOCdevkit...: 33% ━━━━──────── 13419/40189 895.5files/s 20.7s<29.9s
[KUnzipping C:\Users\dxu1\Desktop\Dissertation\PTQ\datasets\VOC\images\VOCtrainval_11-May-2012.zip to C:\Users\dxu1\Desktop\Dissertation\PTQ\datasets\VOC\images\VOCdevkit...: 33% ━━━━──────── 13514/40189 911.0files/s 20.8s<29.3s
[KUnzipping C:\Users\dxu1\Desktop\Dissertation\PTQ\datasets\VOC\images\VOCtrainval_11-May-2012.zip to C:\Users\dxu1\Desktop\Dissertation\PTQ\datasets\VOC\images\VOCdevkit...: 33% ━━━━──────── 13604/40189 905.4files/s 20.9s<29.4s
[KUnzipping C:\Users\dxu1\Desktop\Dissertation\PTQ\datasets\VOC\images\VOCtrainval_11-May-2012.zip to C:\Users\dxu1\Desktop\Dissertation\PTQ\datasets\VOC\images\VOCdevkit...: 34% ━━━━──────── 13697/40189 911.2files/s 21.0s<29.1s
[KUnzipping C:\Users\dxu1\Desktop\Dissertation\PTQ\datasets\VOC\images\VOCtrainval_11-May-2012.zip to C:\Users\dxu1\Desktop\Dissertation\PTQ\datasets\VOC\images\VOCdevkit...: 34% ━━━━──────── 13791/40189 918.4files/s 21.1s<28.7s
[KUnzipping C:\Users\dxu1\Desktop\Dissertation\PTQ\datasets\VOC\images\VOCtrainval_11-May-2012.zip to C:\Users\dxu1\Desktop\Dissertation\PTQ\datasets\VOC\images\VOCdevkit...: 34% ━━━━──────── 13888/40189 931.3files/s 21.2s<28.2s
[KUnzipping C:\Users\dxu1\Desktop\Dissertation\PTQ\datasets\VOC\images\VOCtrainval_11-May-2012.zip to C:\Users\dxu1\Desktop\Dissertation\PTQ\datasets\VOC\images\VOCdevkit...: 34% ━━━━──────── 13985/40189 940.7files/s 21.3s<27.9s
[KUnzipping C:\Users\dxu1\Desktop\Dissertation\PTQ\datasets\VOC\images\VOCtrainval_11-May-2012.zip to C:\Users\dxu1\Desktop\Dissertation\PTQ\datasets\VOC\images\VOCdevkit...: 35% ━━━━──────── 14081/40189 944.2files/s 21.4s<27.7s
[KUnzipping C:\Users\dxu1\Desktop\Dissertation\PTQ\datasets\VOC\images\VOCtrainval_11-May-2012.zip to C:\Users\dxu1\Desktop\Dissertation\PTQ\datasets\VOC\images\VOCdevkit...: 35% ━━━━──────── 14174/40189 938.6files/s 21.5s<27.7s
[KUnzipping C:\Users\dxu1\Desktop\Dissertation\PTQ\datasets\VOC\images\VOCtrainval_11-May-2012.zip to C:\Users\dxu1\Desktop\Dissertation\PTQ\datasets\VOC\images\VOCdevkit...: 35% ━━━━──────── 14254/40189 896.3files/s 21.6s<28.9s
[KUnzipping C:\Users\dxu1\Desktop\Dissertation\PTQ\datasets\VOC\images\VOCtrainval_11-May-2012.zip to C:\Users\dxu1\Desktop\Dissertation\PTQ\datasets\VOC\images\VOCdevkit...: 35% ━━━━──────── 14348/40189 908.4files/s 21.7s<28.4s
[KUnzipping C:\Users\dxu1\Desktop\Dissertation\PTQ\datasets\VOC\images\VOCtrainval_11-May-2012.zip to C:\Users\dxu1\Desktop\Dissertation\PTQ\datasets\VOC\images\VOCdevkit...: 35% ━━━━──────── 14443/40189 920.8files/s 21.8s<28.0s
[KUnzipping C:\Users\dxu1\Desktop\Dissertation\PTQ\datasets\VOC\images\VOCtrainval_11-May-2012.zip to C:\Users\dxu1\Desktop\Dissertation\PTQ\datasets\VOC\images\VOCdevkit...: 36% ━━━━──────── 14542/40189 939.6files/s 21.9s<27.3s
[KUnzipping C:\Users\dxu1\Desktop\Dissertation\PTQ\datasets\VOC\images\VOCtrainval_11-May-2012.zip to C:\Users\dxu1\Desktop\Dissertation\PTQ\datasets\VOC\images\VOCdevkit...: 36% ━━━━──────── 14641/40189 952.4files/s 22.0s<26.8s
[KUnzipping C:\Users\dxu1\Desktop\Dissertation\PTQ\datasets\VOC\images\VOCtrainval_11-May-2012.zip to C:\Users\dxu1\Desktop\Dissertation\PTQ\datasets\VOC\images\VOCdevkit...: 36% ━━━━──────── 14741/40189 966.4files/s 22.1s<26.3s
[KUnzipping C:\Users\dxu1\Desktop\Dissertation\PTQ\datasets\VOC\images\VOCtrainval_11-May-2012.zip to C:\Users\dxu1\Desktop\Dissertation\PTQ\datasets\VOC\images\VOCdevkit...: 36% ━━━━──────── 14837/40189 962.4files/s 22.2s<26.3s
[KUnzipping C:\Users\dxu1\Desktop\Dissertation\PTQ\datasets\VOC\images\VOCtrainval_11-May-2012.zip to C:\Users\dxu1\Desktop\Dissertation\PTQ\datasets\VOC\images\VOCdevkit...: 37% ━━━━──────── 14921/40189 924.5files/s 22.3s<27.3s
[KUnzipping C:\Users\dxu1\Desktop\Dissertation\PTQ\datasets\VOC\images\VOCtrainval_11-May-2012.zip to C:\Users\dxu1\Desktop\Dissertation\PTQ\datasets\VOC\images\VOCdevkit...: 37% ━━━━──────── 15012/40189 918.2files/s 22.4s<27.4s
[KUnzipping C:\Users\dxu1\Desktop\Dissertation\PTQ\datasets\VOC\images\VOCtrainval_11-May-2012.zip to C:\Users\dxu1\Desktop\Dissertation\PTQ\datasets\VOC\images\VOCdevkit...: 37% ━━━━╸─────── 15107/40189 924.8files/s 22.5s<27.1s
[KUnzipping C:\Users\dxu1\Desktop\Dissertation\PTQ\datasets\VOC\images\VOCtrainval_11-May-2012.zip to C:\Users\dxu1\Desktop\Dissertation\PTQ\datasets\VOC\images\VOCdevkit...: 37% ━━━━╸─────── 15207/40189 944.3files/s 22.6s<26.5s
[KUnzipping C:\Users\dxu1\Desktop\Dissertation\PTQ\datasets\VOC\images\VOCtrainval_11-May-2012.zip to C:\Users\dxu1\Desktop\Dissertation\PTQ\datasets\VOC\images\VOCdevkit...: 38% ━━━━╸─────── 15307/40189 960.8files/s 22.7s<25.9s
[KUnzipping C:\Users\dxu1\Desktop\Dissertation\PTQ\datasets\VOC\images\VOCtrainval_11-May-2012.zip to C:\Users\dxu1\Desktop\Dissertation\PTQ\datasets\VOC\images\VOCdevkit...: 38% ━━━━╸─────── 15409/40189 977.2files/s 22.8s<25.4s
[KUnzipping C:\Users\dxu1\Desktop\Dissertation\PTQ\datasets\VOC\images\VOCtrainval_11-May-2012.zip to C:\Users\dxu1\Desktop\Dissertation\PTQ\datasets\VOC\images\VOCdevkit...: 38% ━━━━╸─────── 15504/40189 966.5files/s 22.9s<25.5s
[KUnzipping C:\Users\dxu1\Desktop\Dissertation\PTQ\datasets\VOC\images\VOCtrainval_11-May-2012.zip to C:\Users\dxu1\Desktop\Dissertation\PTQ\datasets\VOC\images\VOCdevkit...: 38% ━━━━╸─────── 15599/40189 960.1files/s 23.0s<25.6s
[KUnzipping C:\Users\dxu1\Desktop\Dissertation\PTQ\datasets\VOC\images\VOCtrainval_11-May-2012.zip to C:\Users\dxu1\Desktop\Dissertation\PTQ\datasets\VOC\images\VOCdevkit...: 39% ━━━━╸─────── 15694/40189 955.9files/s 23.1s<25.6s
[KUnzipping C:\Users\dxu1\Desktop\Dissertation\PTQ\datasets\VOC\images\VOCtrainval_11-May-2012.zip to C:\Users\dxu1\Desktop\Dissertation\PTQ\datasets\VOC\images\VOCdevkit...: 39% ━━━━╸─────── 15792/40189 962.4files/s 23.2s<25.4s
[KUnzipping C:\Users\dxu1\Desktop\Dissertation\PTQ\datasets\VOC\images\VOCtrainval_11-May-2012.zip to C:\Users\dxu1\Desktop\Dissertation\PTQ\datasets\VOC\images\VOCdevkit...: 39% ━━━━╸─────── 15893/40189 975.6files/s 23.3s<24.9s
[KUnzipping C:\Users\dxu1\Desktop\Dissertation\PTQ\datasets\VOC\images\VOCtrainval_11-May-2012.zip to C:\Users\dxu1\Desktop\Dissertation\PTQ\datasets\VOC\images\VOCdevkit...: 39% ━━━━╸─────── 15987/40189 963.5files/s 23.4s<25.1s
[KUnzipping C:\Users\dxu1\Desktop\Dissertation\PTQ\datasets\VOC\images\VOCtrainval_11-May-2012.zip to C:\Users\dxu1\Desktop\Dissertation\PTQ\datasets\VOC\images\VOCdevkit...: 40% ━━━━╸─────── 16081/40189 955.0files/s 23.5s<25.2s
[KUnzipping C:\Users\dxu1\Desktop\Dissertation\PTQ\datasets\VOC\images\VOCtrainval_11-May-2012.zip to C:\Users\dxu1\Desktop\Dissertation\PTQ\datasets\VOC\images\VOCdevkit...: 40% ━━━━╸─────── 16177/40189 953.8files/s 23.6s<25.2s
[KUnzipping C:\Users\dxu1\Desktop\Dissertation\PTQ\datasets\VOC\images\VOCtrainval_11-May-2012.zip to C:\Users\dxu1\Desktop\Dissertation\PTQ\datasets\VOC\images\VOCdevkit...: 40% ━━━━╸─────── 16270/40189 945.6files/s 23.7s<25.3s
[KUnzipping C:\Users\dxu1\Desktop\Dissertation\PTQ\datasets\VOC\images\VOCtrainval_11-May-2012.zip to C:\Users\dxu1\Desktop\Dissertation\PTQ\datasets\VOC\images\VOCdevkit...: 40% ━━━━╸─────── 16362/40189 937.2files/s 23.8s<25.4s
[KUnzipping C:\Users\dxu1\Desktop\Dissertation\PTQ\datasets\VOC\images\VOCtrainval_11-May-2012.zip to C:\Users\dxu1\Desktop\Dissertation\PTQ\datasets\VOC\images\VOCdevkit...: 40% ━━━━╸─────── 16458/40189 943.1files/s 23.9s<25.2s
[KUnzipping C:\Users\dxu1\Desktop\Dissertation\PTQ\datasets\VOC\images\VOCtrainval_11-May-2012.zip to C:\Users\dxu1\Desktop\Dissertation\PTQ\datasets\VOC\images\VOCdevkit...: 41% ━━━━╸─────── 16555/40189 951.0files/s 24.0s<24.9s
[KUnzipping C:\Users\dxu1\Desktop\Dissertation\PTQ\datasets\VOC\images\VOCtrainval_11-May-2012.zip to C:\Users\dxu1\Desktop\Dissertation\PTQ\datasets\VOC\images\VOCdevkit...: 41% ━━━━╸─────── 16652/40189 954.9files/s 24.1s<24.6s
[KUnzipping C:\Users\dxu1\Desktop\Dissertation\PTQ\datasets\VOC\images\VOCtrainval_11-May-2012.zip to C:\Users\dxu1\Desktop\Dissertation\PTQ\datasets\VOC\images\VOCdevkit...: 41% ━━━━╸─────── 16733/40189 911.3files/s 24.2s<25.7s
[KUnzipping C:\Users\dxu1\Desktop\Dissertation\PTQ\datasets\VOC\images\VOCtrainval_11-May-2012.zip to C:\Users\dxu1\Desktop\Dissertation\PTQ\datasets\VOC\images\VOCdevkit...: 41% ━━━━━─────── 16822/40189 903.0files/s 24.3s<25.9s
[KUnzipping C:\Users\dxu1\Desktop\Dissertation\PTQ\datasets\VOC\images\VOCtrainval_11-May-2012.zip to C:\Users\dxu1\Desktop\Dissertation\PTQ\datasets\VOC\images\VOCdevkit...: 42% ━━━━━─────── 16913/40189 894.2files/s 24.4s<26.0s
[KUnzipping C:\Users\dxu1\Desktop\Dissertation\PTQ\datasets\VOC\images\VOCtrainval_11-May-2012.zip to C:\Users\dxu1\Desktop\Dissertation\PTQ\datasets\VOC\images\VOCdevkit...: 42% ━━━━━─────── 16999/40189 881.2files/s 24.5s<26.3s
[KUnzipping C:\Users\dxu1\Desktop\Dissertation\PTQ\datasets\VOC\images\VOCtrainval_11-May-2012.zip to C:\Users\dxu1\Desktop\Dissertation\PTQ\datasets\VOC\images\VOCdevkit...: 42% ━━━━━─────── 17096/40189 905.5files/s 24.6s<25.5s
[KUnzipping C:\Users\dxu1\Desktop\Dissertation\PTQ\datasets\VOC\images\VOCtrainval_11-May-2012.zip to C:\Users\dxu1\Desktop\Dissertation\PTQ\datasets\VOC\images\VOCdevkit...: 42% ━━━━━─────── 17193/40189 922.2files/s 24.7s<24.9s
[KUnzipping C:\Users\dxu1\Desktop\Dissertation\PTQ\datasets\VOC\images\VOCtrainval_11-May-2012.zip to C:\Users\dxu1\Desktop\Dissertation\PTQ\datasets\VOC\images\VOCdevkit...: 43% ━━━━━─────── 17290/40189 935.5files/s 24.8s<24.5s
[KUnzipping C:\Users\dxu1\Desktop\Dissertation\PTQ\datasets\VOC\images\VOCtrainval_11-May-2012.zip to C:\Users\dxu1\Desktop\Dissertation\PTQ\datasets\VOC\images\VOCdevkit...: 43% ━━━━━─────── 17381/40189 925.6files/s 24.9s<24.6s
[KUnzipping C:\Users\dxu1\Desktop\Dissertation\PTQ\datasets\VOC\images\VOCtrainval_11-May-2012.zip to C:\Users\dxu1\Desktop\Dissertation\PTQ\datasets\VOC\images\VOCdevkit...: 43% ━━━━━─────── 17475/40189 927.8files/s 25.0s<24.5s
[KUnzipping C:\Users\dxu1\Desktop\Dissertation\PTQ\datasets\VOC\images\VOCtrainval_11-May-2012.zip to C:\Users\dxu1\Desktop\Dissertation\PTQ\datasets\VOC\images\VOCdevkit...: 43% ━━━━━─────── 17566/40189 918.9files/s 25.1s<24.6s
[KUnzipping C:\Users\dxu1\Desktop\Dissertation\PTQ\datasets\VOC\images\VOCtrainval_11-May-2012.zip to C:\Users\dxu1\Desktop\Dissertation\PTQ\datasets\VOC\images\VOCdevkit...: 43% ━━━━━─────── 17666/40189 942.6files/s 25.2s<23.9s
[KUnzipping C:\Users\dxu1\Desktop\Dissertation\PTQ\datasets\VOC\images\VOCtrainval_11-May-2012.zip to C:\Users\dxu1\Desktop\Dissertation\PTQ\datasets\VOC\images\VOCdevkit...: 44% ━━━━━─────── 17765/40189 953.9files/s 25.3s<23.5s
[KUnzipping C:\Users\dxu1\Desktop\Dissertation\PTQ\datasets\VOC\images\VOCtrainval_11-May-2012.zip to C:\Users\dxu1\Desktop\Dissertation\PTQ\datasets\VOC\images\VOCdevkit...: 44% ━━━━━─────── 17864/40189 961.8files/s 25.4s<23.2s
[KUnzipping C:\Users\dxu1\Desktop\Dissertation\PTQ\datasets\VOC\images\VOCtrainval_11-May-2012.zip to C:\Users\dxu1\Desktop\Dissertation\PTQ\datasets\VOC\images\VOCdevkit...: 44% ━━━━━─────── 17960/40189 960.5files/s 25.5s<23.1s
[KUnzipping C:\Users\dxu1\Desktop\Dissertation\PTQ\datasets\VOC\images\VOCtrainval_11-May-2012.zip to C:\Users\dxu1\Desktop\Dissertation\PTQ\datasets\VOC\images\VOCdevkit...: 44% ━━━━━─────── 18058/40189 962.7files/s 25.6s<23.0s
[KUnzipping C:\Users\dxu1\Desktop\Dissertation\PTQ\datasets\VOC\images\VOCtrainval_11-May-2012.zip to C:\Users\dxu1\Desktop\Dissertation\PTQ\datasets\VOC\images\VOCdevkit...: 45% ━━━━━─────── 18156/40189 965.4files/s 25.7s<22.8s
[KUnzipping C:\Users\dxu1\Desktop\Dissertation\PTQ\datasets\VOC\images\VOCtrainval_11-May-2012.zip to C:\Users\dxu1\Desktop\Dissertation\PTQ\datasets\VOC\images\VOCdevkit...: 45% ━━━━━─────── 18256/40189 974.7files/s 25.8s<22.5s
[KUnzipping C:\Users\dxu1\Desktop\Dissertation\PTQ\datasets\VOC\images\VOCtrainval_11-May-2012.zip to C:\Users\dxu1\Desktop\Dissertation\PTQ\datasets\VOC\images\VOCdevkit...: 45% ━━━━━─────── 18356/40189 980.7files/s 25.9s<22.3s
[KUnzipping C:\Users\dxu1\Desktop\Dissertation\PTQ\datasets\VOC\images\VOCtrainval_11-May-2012.zip to C:\Users\dxu1\Desktop\Dissertation\PTQ\datasets\VOC\images\VOCdevkit...: 45% ━━━━━╸────── 18457/40189 988.9files/s 26.0s<22.0s
[KUnzipping C:\Users\dxu1\Desktop\Dissertation\PTQ\datasets\VOC\images\VOCtrainval_11-May-2012.zip to C:\Users\dxu1\Desktop\Dissertation\PTQ\datasets\VOC\images\VOCdevkit...: 46% ━━━━━╸────── 18555/40189 984.0files/s 26.1s<22.0s
[KUnzipping C:\Users\dxu1\Desktop\Dissertation\PTQ\datasets\VOC\images\VOCtrainval_11-May-2012.zip to C:\Users\dxu1\Desktop\Dissertation\PTQ\datasets\VOC\images\VOCdevkit...: 46% ━━━━━╸────── 18652/40189 979.5files/s 26.2s<22.0s
[KUnzipping C:\Users\dxu1\Desktop\Dissertation\PTQ\datasets\VOC\images\VOCtrainval_11-May-2012.zip to C:\Users\dxu1\Desktop\Dissertation\PTQ\datasets\VOC\images\VOCdevkit...: 46% ━━━━━╸────── 18712/40189 864.0files/s 26.3s<24.9s
[KUnzipping C:\Users\dxu1\Desktop\Dissertation\PTQ\datasets\VOC\images\VOCtrainval_11-May-2012.zip to C:\Users\dxu1\Desktop\Dissertation\PTQ\datasets\VOC\images\VOCdevkit...: 46% ━━━━━╸────── 18814/40189 908.7files/s 26.4s<23.5s
[KUnzipping C:\Users\dxu1\Desktop\Dissertation\PTQ\datasets\VOC\images\VOCtrainval_11-May-2012.zip to C:\Users\dxu1\Desktop\Dissertation\PTQ\datasets\VOC\images\VOCdevkit...: 47% ━━━━━╸────── 18908/40189 916.4files/s 26.5s<23.2s
[KUnzipping C:\Users\dxu1\Desktop\Dissertation\PTQ\datasets\VOC\images\VOCtrainval_11-May-2012.zip to C:\Users\dxu1\Desktop\Dissertation\PTQ\datasets\VOC\images\VOCdevkit...: 47% ━━━━━╸────── 19009/40189 943.4files/s 26.6s<22.5s
[KUnzipping C:\Users\dxu1\Desktop\Dissertation\PTQ\datasets\VOC\images\VOCtrainval_11-May-2012.zip to C:\Users\dxu1\Desktop\Dissertation\PTQ\datasets\VOC\images\VOCdevkit...: 47% ━━━━━╸────── 19106/40189 950.0files/s 26.7s<22.2s
[KUnzipping C:\Users\dxu1\Desktop\Dissertation\PTQ\datasets\VOC\images\VOCtrainval_11-May-2012.zip to C:\Users\dxu1\Desktop\Dissertation\PTQ\datasets\VOC\images\VOCdevkit...: 47% ━━━━━╸────── 19209/40189 973.1files/s 26.8s<21.6s
[KUnzipping C:\Users\dxu1\Desktop\Dissertation\PTQ\datasets\VOC\images\VOCtrainval_11-May-2012.zip to C:\Users\dxu1\Desktop\Dissertation\PTQ\datasets\VOC\images\VOCdevkit...: 48% ━━━━━╸────── 19303/40189 962.7files/s 26.9s<21.7s
[KUnzipping C:\Users\dxu1\Desktop\Dissertation\PTQ\datasets\VOC\images\VOCtrainval_11-May-2012.zip to C:\Users\dxu1\Desktop\Dissertation\PTQ\datasets\VOC\images\VOCdevkit...: 48% ━━━━━╸────── 19400/40189 961.5files/s 27.0s<21.6s
[KUnzipping C:\Users\dxu1\Desktop\Dissertation\PTQ\datasets\VOC\images\VOCtrainval_11-May-2012.zip to C:\Users\dxu1\Desktop\Dissertation\PTQ\datasets\VOC\images\VOCdevkit...: 48% ━━━━━╸────── 19496/40189 960.1files/s 27.1s<21.6s
[KUnzipping C:\Users\dxu1\Desktop\Dissertation\PTQ\datasets\VOC\images\VOCtrainval_11-May-2012.zip to C:\Users\dxu1\Desktop\Dissertation\PTQ\datasets\VOC\images\VOCdevkit...: 48% ━━━━━╸────── 19594/40189 962.6files/s 27.2s<21.4s
[KUnzipping C:\Users\dxu1\Desktop\Dissertation\PTQ\datasets\VOC\images\VOCtrainval_11-May-2012.zip to C:\Users\dxu1\Desktop\Dissertation\PTQ\datasets\VOC\images\VOCdevkit...: 48% ━━━━━╸────── 19692/40189 965.0files/s 27.3s<21.2s
[KUnzipping C:\Users\dxu1\Desktop\Dissertation\PTQ\datasets\VOC\images\VOCtrainval_11-May-2012.zip to C:\Users\dxu1\Desktop\Dissertation\PTQ\datasets\VOC\images\VOCdevkit...: 49% ━━━━━╸────── 19788/40189 963.3files/s 27.4s<21.2s
[KUnzipping C:\Users\dxu1\Desktop\Dissertation\PTQ\datasets\VOC\images\VOCtrainval_11-May-2012.zip to C:\Users\dxu1\Desktop\Dissertation\PTQ\datasets\VOC\images\VOCdevkit...: 49% ━━━━━╸────── 19881/40189 952.2files/s 27.5s<21.3s
[KUnzipping C:\Users\dxu1\Desktop\Dissertation\PTQ\datasets\VOC\images\VOCtrainval_11-May-2012.zip to C:\Users\dxu1\Desktop\Dissertation\PTQ\datasets\VOC\images\VOCdevkit...: 49% ━━━━━╸────── 19971/40189 936.3files/s 27.6s<21.6s
[KUnzipping C:\Users\dxu1\Desktop\Dissertation\PTQ\datasets\VOC\images\VOCtrainval_11-May-2012.zip to C:\Users\dxu1\Desktop\Dissertation\PTQ\datasets\VOC\images\VOCdevkit...: 49% ━━━━━╸────── 20063/40189 930.3files/s 27.7s<21.6s
[KUnzipping C:\Users\dxu1\Desktop\Dissertation\PTQ\datasets\VOC\images\VOCtrainval_11-May-2012.zip to C:\Users\dxu1\Desktop\Dissertation\PTQ\datasets\VOC\images\VOCdevkit...: 50% ━━━━━━────── 20152/40189 914.6files/s 27.8s<21.9s
[KUnzipping C:\Users\dxu1\Desktop\Dissertation\PTQ\datasets\VOC\images\VOCtrainval_11-May-2012.zip to C:\Users\dxu1\Desktop\Dissertation\PTQ\datasets\VOC\images\VOCdevkit...: 50% ━━━━━━────── 20243/40189 912.0files/s 27.9s<21.9s
[KUnzipping C:\Users\dxu1\Desktop\Dissertation\PTQ\datasets\VOC\images\VOCtrainval_11-May-2012.zip to C:\Users\dxu1\Desktop\Dissertation\PTQ\datasets\VOC\images\VOCdevkit...: 50% ━━━━━━────── 20339/40189 924.4files/s 28.0s<21.5s
[KUnzipping C:\Users\dxu1\Desktop\Dissertation\PTQ\datasets\VOC\images\VOCtrainval_11-May-2012.zip to C:\Users\dxu1\Desktop\Dissertation\PTQ\datasets\VOC\images\VOCdevkit...: 50% ━━━━━━────── 20438/40189 943.0files/s 28.1s<20.9s
[KUnzipping C:\Users\dxu1\Desktop\Dissertation\PTQ\datasets\VOC\images\VOCtrainval_11-May-2012.zip to C:\Users\dxu1\Desktop\Dissertation\PTQ\datasets\VOC\images\VOCdevkit...: 51% ━━━━━━────── 20535/40189 949.3files/s 28.2s<20.7s
[KUnzipping C:\Users\dxu1\Desktop\Dissertation\PTQ\datasets\VOC\images\VOCtrainval_11-May-2012.zip to C:\Users\dxu1\Desktop\Dissertation\PTQ\datasets\VOC\images\VOCdevkit...: 51% ━━━━━━────── 20613/40189 897.1files/s 28.3s<21.8s
[KUnzipping C:\Users\dxu1\Desktop\Dissertation\PTQ\datasets\VOC\images\VOCtrainval_11-May-2012.zip to C:\Users\dxu1\Desktop\Dissertation\PTQ\datasets\VOC\images\VOCdevkit...: 51% ━━━━━━────── 20712/40189 922.2files/s 28.4s<21.1s
[KUnzipping C:\Users\dxu1\Desktop\Dissertation\PTQ\datasets\VOC\images\VOCtrainval_11-May-2012.zip to C:\Users\dxu1\Desktop\Dissertation\PTQ\datasets\VOC\images\VOCdevkit...: 51% ━━━━━━────── 20808/40189 930.8files/s 28.5s<20.8s
[KUnzipping C:\Users\dxu1\Desktop\Dissertation\PTQ\datasets\VOC\images\VOCtrainval_11-May-2012.zip to C:\Users\dxu1\Desktop\Dissertation\PTQ\datasets\VOC\images\VOCdevkit...: 52% ━━━━━━────── 20901/40189 927.8files/s 28.6s<20.8s
[KUnzipping C:\Users\dxu1\Desktop\Dissertation\PTQ\datasets\VOC\images\VOCtrainval_11-May-2012.zip to C:\Users\dxu1\Desktop\Dissertation\PTQ\datasets\VOC\images\VOCdevkit...: 52% ━━━━━━────── 21000/40189 944.4files/s 28.7s<20.3s
[KUnzipping C:\Users\dxu1\Desktop\Dissertation\PTQ\datasets\VOC\images\VOCtrainval_11-May-2012.zip to C:\Users\dxu1\Desktop\Dissertation\PTQ\datasets\VOC\images\VOCdevkit...: 52% ━━━━━━────── 21099/40189 955.1files/s 28.8s<20.0s
[KUnzipping C:\Users\dxu1\Desktop\Dissertation\PTQ\datasets\VOC\images\VOCtrainval_11-May-2012.zip to C:\Users\dxu1\Desktop\Dissertation\PTQ\datasets\VOC\images\VOCdevkit...: 52% ━━━━━━────── 21193/40189 948.7files/s 28.9s<20.0s
[KUnzipping C:\Users\dxu1\Desktop\Dissertation\PTQ\datasets\VOC\images\VOCtrainval_11-May-2012.zip to C:\Users\dxu1\Desktop\Dissertation\PTQ\datasets\VOC\images\VOCdevkit...: 52% ━━━━━━────── 21286/40189 940.4files/s 29.0s<20.1s
[KUnzipping C:\Users\dxu1\Desktop\Dissertation\PTQ\datasets\VOC\images\VOCtrainval_11-May-2012.zip to C:\Users\dxu1\Desktop\Dissertation\PTQ\datasets\VOC\images\VOCdevkit...: 53% ━━━━━━────── 21376/40189 925.1files/s 29.1s<20.3s
[KUnzipping C:\Users\dxu1\Desktop\Dissertation\PTQ\datasets\VOC\images\VOCtrainval_11-May-2012.zip to C:\Users\dxu1\Desktop\Dissertation\PTQ\datasets\VOC\images\VOCdevkit...: 53% ━━━━━━────── 21464/40189 909.2files/s 29.2s<20.6s
[KUnzipping C:\Users\dxu1\Desktop\Dissertation\PTQ\datasets\VOC\images\VOCtrainval_11-May-2012.zip to C:\Users\dxu1\Desktop\Dissertation\PTQ\datasets\VOC\images\VOCdevkit...: 53% ━━━━━━────── 21560/40189 921.6files/s 29.3s<20.2s
[KUnzipping C:\Users\dxu1\Desktop\Dissertation\PTQ\datasets\VOC\images\VOCtrainval_11-May-2012.zip to C:\Users\dxu1\Desktop\Dissertation\PTQ\datasets\VOC\images\VOCdevkit...: 53% ━━━━━━────── 21655/40189 930.0files/s 29.4s<19.9s
[KUnzipping C:\Users\dxu1\Desktop\Dissertation\PTQ\datasets\VOC\images\VOCtrainval_11-May-2012.zip to C:\Users\dxu1\Desktop\Dissertation\PTQ\datasets\VOC\images\VOCdevkit...: 54% ━━━━━━────── 21752/40189 939.9files/s 29.5s<19.6s
[KUnzipping C:\Users\dxu1\Desktop\Dissertation\PTQ\datasets\VOC\images\VOCtrainval_11-May-2012.zip to C:\Users\dxu1\Desktop\Dissertation\PTQ\datasets\VOC\images\VOCdevkit...: 54% ━━━━━━╸───── 21845/40189 934.7files/s 29.6s<19.6s
[KUnzipping C:\Users\dxu1\Desktop\Dissertation\PTQ\datasets\VOC\images\VOCtrainval_11-May-2012.zip to C:\Users\dxu1\Desktop\Dissertation\PTQ\datasets\VOC\images\VOCdevkit...: 54% ━━━━━━╸───── 21936/40189 925.9files/s 29.7s<19.7s
[KUnzipping C:\Users\dxu1\Desktop\Dissertation\PTQ\datasets\VOC\images\VOCtrainval_11-May-2012.zip to C:\Users\dxu1\Desktop\Dissertation\PTQ\datasets\VOC\images\VOCdevkit...: 54% ━━━━━━╸───── 22028/40189 922.1files/s 29.8s<19.7s
[KUnzipping C:\Users\dxu1\Desktop\Dissertation\PTQ\datasets\VOC\images\VOCtrainval_11-May-2012.zip to C:\Users\dxu1\Desktop\Dissertation\PTQ\datasets\VOC\images\VOCdevkit...: 55% ━━━━━━╸───── 22125/40189 935.6files/s 29.9s<19.3s
[KUnzipping C:\Users\dxu1\Desktop\Dissertation\PTQ\datasets\VOC\images\VOCtrainval_11-May-2012.zip to C:\Users\dxu1\Desktop\Dissertation\PTQ\datasets\VOC\images\VOCdevkit...: 55% ━━━━━━╸───── 22207/40189 898.3files/s 30.0s<20.0s
[KUnzipping C:\Users\dxu1\Desktop\Dissertation\PTQ\datasets\VOC\images\VOCtrainval_11-May-2012.zip to C:\Users\dxu1\Desktop\Dissertation\PTQ\datasets\VOC\images\VOCdevkit...: 55% ━━━━━━╸───── 22307/40189 928.0files/s 30.1s<19.3s
[KUnzipping C:\Users\dxu1\Desktop\Dissertation\PTQ\datasets\VOC\images\VOCtrainval_11-May-2012.zip to C:\Users\dxu1\Desktop\Dissertation\PTQ\datasets\VOC\images\VOCdevkit...: 55% ━━━━━━╸───── 22404/40189 937.8files/s 30.2s<19.0s
[KUnzipping C:\Users\dxu1\Desktop\Dissertation\PTQ\datasets\VOC\images\VOCtrainval_11-May-2012.zip to C:\Users\dxu1\Desktop\Dissertation\PTQ\datasets\VOC\images\VOCdevkit...: 55% ━━━━━━╸───── 22501/40189 945.9files/s 30.3s<18.7s
[KUnzipping C:\Users\dxu1\Desktop\Dissertation\PTQ\datasets\VOC\images\VOCtrainval_11-May-2012.zip to C:\Users\dxu1\Desktop\Dissertation\PTQ\datasets\VOC\images\VOCdevkit...: 56% ━━━━━━╸───── 22574/40189 880.9files/s 30.4s<20.0s
[KUnzipping C:\Users\dxu1\Desktop\Dissertation\PTQ\datasets\VOC\images\VOCtrainval_11-May-2012.zip to C:\Users\dxu1\Desktop\Dissertation\PTQ\datasets\VOC\images\VOCdevkit...: 56% ━━━━━━╸───── 22675/40189 916.6files/s 30.5s<19.1s
[KUnzipping C:\Users\dxu1\Desktop\Dissertation\PTQ\datasets\VOC\images\VOCtrainval_11-May-2012.zip to C:\Users\dxu1\Desktop\Dissertation\PTQ\datasets\VOC\images\VOCdevkit...: 56% ━━━━━━╸───── 22767/40189 917.5files/s 30.6s<19.0s
[KUnzipping C:\Users\dxu1\Desktop\Dissertation\PTQ\datasets\VOC\images\VOCtrainval_11-May-2012.zip to C:\Users\dxu1\Desktop\Dissertation\PTQ\datasets\VOC\images\VOCdevkit...: 56% ━━━━━━╸───── 22861/40189 924.2files/s 30.7s<18.7s
[KUnzipping C:\Users\dxu1\Desktop\Dissertation\PTQ\datasets\VOC\images\VOCtrainval_11-May-2012.zip to C:\Users\dxu1\Desktop\Dissertation\PTQ\datasets\VOC\images\VOCdevkit...: 57% ━━━━━━╸───── 22955/40189 926.2files/s 30.8s<18.6s
[KUnzipping C:\Users\dxu1\Desktop\Dissertation\PTQ\datasets\VOC\images\VOCtrainval_11-May-2012.zip to C:\Users\dxu1\Desktop\Dissertation\PTQ\datasets\VOC\images\VOCdevkit...: 57% ━━━━━━╸───── 23048/40189 926.9files/s 30.9s<18.5s
[KUnzipping C:\Users\dxu1\Desktop\Dissertation\PTQ\datasets\VOC\images\VOCtrainval_11-May-2012.zip to C:\Users\dxu1\Desktop\Dissertation\PTQ\datasets\VOC\images\VOCdevkit...: 57% ━━━━━━╸───── 23129/40189 890.8files/s 31.0s<19.2s
[KUnzipping C:\Users\dxu1\Desktop\Dissertation\PTQ\datasets\VOC\images\VOCtrainval_11-May-2012.zip to C:\Users\dxu1\Desktop\Dissertation\PTQ\datasets\VOC\images\VOCdevkit...: 57% ━━━━━━╸───── 23211/40189 867.2files/s 31.1s<19.6s
[KUnzipping C:\Users\dxu1\Desktop\Dissertation\PTQ\datasets\VOC\images\VOCtrainval_11-May-2012.zip to C:\Users\dxu1\Desktop\Dissertation\PTQ\datasets\VOC\images\VOCdevkit...: 57% ━━━━━━╸───── 23295/40189 856.7files/s 31.2s<19.7s
[KUnzipping C:\Users\dxu1\Desktop\Dissertation\PTQ\datasets\VOC\images\VOCtrainval_11-May-2012.zip to C:\Users\dxu1\Desktop\Dissertation\PTQ\datasets\VOC\images\VOCdevkit...: 58% ━━━━━━╸───── 23382/40189 860.3files/s 31.3s<19.5s
[KUnzipping C:\Users\dxu1\Desktop\Dissertation\PTQ\datasets\VOC\images\VOCtrainval_11-May-2012.zip to C:\Users\dxu1\Desktop\Dissertation\PTQ\datasets\VOC\images\VOCdevkit...: 58% ━━━━━━━───── 23468/40189 860.1files/s 31.4s<19.4s
[KUnzipping C:\Users\dxu1\Desktop\Dissertation\PTQ\datasets\VOC\images\VOCtrainval_11-May-2012.zip to C:\Users\dxu1\Desktop\Dissertation\PTQ\datasets\VOC\images\VOCdevkit...: 58% ━━━━━━━───── 23551/40189 848.8files/s 31.5s<19.6s
[KUnzipping C:\Users\dxu1\Desktop\Dissertation\PTQ\datasets\VOC\images\VOCtrainval_11-May-2012.zip to C:\Users\dxu1\Desktop\Dissertation\PTQ\datasets\VOC\images\VOCdevkit...: 58% ━━━━━━━───── 23634/40189 840.7files/s 31.7s<19.7s
[KUnzipping C:\Users\dxu1\Desktop\Dissertation\PTQ\datasets\VOC\images\VOCtrainval_11-May-2012.zip to C:\Users\dxu1\Desktop\Dissertation\PTQ\datasets\VOC\images\VOCdevkit...: 59% ━━━━━━━───── 23716/40189 834.0files/s 31.8s<19.8s
[KUnzipping C:\Users\dxu1\Desktop\Dissertation\PTQ\datasets\VOC\images\VOCtrainval_11-May-2012.zip to C:\Users\dxu1\Desktop\Dissertation\PTQ\datasets\VOC\images\VOCdevkit...: 59% ━━━━━━━───── 23798/40189 827.3files/s 31.9s<19.8s
[KUnzipping C:\Users\dxu1\Desktop\Dissertation\PTQ\datasets\VOC\images\VOCtrainval_11-May-2012.zip to C:\Users\dxu1\Desktop\Dissertation\PTQ\datasets\VOC\images\VOCdevkit...: 59% ━━━━━━━───── 23882/40189 829.6files/s 32.0s<19.7s
[KUnzipping C:\Users\dxu1\Desktop\Dissertation\PTQ\datasets\VOC\images\VOCtrainval_11-May-2012.zip to C:\Users\dxu1\Desktop\Dissertation\PTQ\datasets\VOC\images\VOCdevkit...: 59% ━━━━━━━───── 23969/40189 839.7files/s 32.1s<19.3s
[KUnzipping C:\Users\dxu1\Desktop\Dissertation\PTQ\datasets\VOC\images\VOCtrainval_11-May-2012.zip to C:\Users\dxu1\Desktop\Dissertation\PTQ\datasets\VOC\images\VOCdevkit...: 59% ━━━━━━━───── 24053/40189 838.7files/s 32.2s<19.2s
[KUnzipping C:\Users\dxu1\Desktop\Dissertation\PTQ\datasets\VOC\images\VOCtrainval_11-May-2012.zip to C:\Users\dxu1\Desktop\Dissertation\PTQ\datasets\VOC\images\VOCdevkit...: 60% ━━━━━━━───── 24140/40189 847.5files/s 32.3s<18.9s
[KUnzipping C:\Users\dxu1\Desktop\Dissertation\PTQ\datasets\VOC\images\VOCtrainval_11-May-2012.zip to C:\Users\dxu1\Desktop\Dissertation\PTQ\datasets\VOC\images\VOCdevkit...: 60% ━━━━━━━───── 24223/40189 840.3files/s 32.4s<19.0s
[KUnzipping C:\Users\dxu1\Desktop\Dissertation\PTQ\datasets\VOC\images\VOCtrainval_11-May-2012.zip to C:\Users\dxu1\Desktop\Dissertation\PTQ\datasets\VOC\images\VOCdevkit...: 60% ━━━━━━━───── 24307/40189 839.0files/s 32.5s<18.9s
[KUnzipping C:\Users\dxu1\Desktop\Dissertation\PTQ\datasets\VOC\images\VOCtrainval_11-May-2012.zip to C:\Users\dxu1\Desktop\Dissertation\PTQ\datasets\VOC\images\VOCdevkit...: 60% ━━━━━━━───── 24395/40189 848.8files/s 32.6s<18.6s
[KUnzipping C:\Users\dxu1\Desktop\Dissertation\PTQ\datasets\VOC\images\VOCtrainval_11-May-2012.zip to C:\Users\dxu1\Desktop\Dissertation\PTQ\datasets\VOC\images\VOCdevkit...: 60% ━━━━━━━───── 24478/40189 842.4files/s 32.7s<18.6s
[KUnzipping C:\Users\dxu1\Desktop\Dissertation\PTQ\datasets\VOC\images\VOCtrainval_11-May-2012.zip to C:\Users\dxu1\Desktop\Dissertation\PTQ\datasets\VOC\images\VOCdevkit...: 61% ━━━━━━━───── 24564/40189 846.6files/s 32.8s<18.5s
[KUnzipping C:\Users\dxu1\Desktop\Dissertation\PTQ\datasets\VOC\images\VOCtrainval_11-May-2012.zip to C:\Users\dxu1\Desktop\Dissertation\PTQ\datasets\VOC\images\VOCdevkit...: 61% ━━━━━━━───── 24652/40189 854.2files/s 32.9s<18.2s
[KUnzipping C:\Users\dxu1\Desktop\Dissertation\PTQ\datasets\VOC\images\VOCtrainval_11-May-2012.zip to C:\Users\dxu1\Desktop\Dissertation\PTQ\datasets\VOC\images\VOCdevkit...: 61% ━━━━━━━───── 24734/40189 842.8files/s 33.0s<18.3s
[KUnzipping C:\Users\dxu1\Desktop\Dissertation\PTQ\datasets\VOC\images\VOCtrainval_11-May-2012.zip to C:\Users\dxu1\Desktop\Dissertation\PTQ\datasets\VOC\images\VOCdevkit...: 61% ━━━━━━━───── 24815/40189 831.4files/s 33.1s<18.5s
[KUnzipping C:\Users\dxu1\Desktop\Dissertation\PTQ\datasets\VOC\images\VOCtrainval_11-May-2012.zip to C:\Users\dxu1\Desktop\Dissertation\PTQ\datasets\VOC\images\VOCdevkit...: 61% ━━━━━━━───── 24896/40189 822.8files/s 33.2s<18.6s
[KUnzipping C:\Users\dxu1\Desktop\Dissertation\PTQ\datasets\VOC\images\VOCtrainval_11-May-2012.zip to C:\Users\dxu1\Desktop\Dissertation\PTQ\datasets\VOC\images\VOCdevkit...: 62% ━━━━━━━───── 24979/40189 823.2files/s 33.3s<18.5s
[KUnzipping C:\Users\dxu1\Desktop\Dissertation\PTQ\datasets\VOC\images\VOCtrainval_11-May-2012.zip to C:\Users\dxu1\Desktop\Dissertation\PTQ\datasets\VOC\images\VOCdevkit...: 62% ━━━━━━━───── 25060/40189 818.3files/s 33.4s<18.5s
[KUnzipping C:\Users\dxu1\Desktop\Dissertation\PTQ\datasets\VOC\images\VOCtrainval_11-May-2012.zip to C:\Users\dxu1\Desktop\Dissertation\PTQ\datasets\VOC\images\VOCdevkit...: 62% ━━━━━━━╸──── 25146/40189 830.5files/s 33.5s<18.1s
[KUnzipping C:\Users\dxu1\Desktop\Dissertation\PTQ\datasets\VOC\images\VOCtrainval_11-May-2012.zip to C:\Users\dxu1\Desktop\Dissertation\PTQ\datasets\VOC\images\VOCdevkit...: 62% ━━━━━━━╸──── 25231/40189 836.2files/s 33.6s<17.9s
[KUnzipping C:\Users\dxu1\Desktop\Dissertation\PTQ\datasets\VOC\images\VOCtrainval_11-May-2012.zip to C:\Users\dxu1\Desktop\Dissertation\PTQ\datasets\VOC\images\VOCdevkit...: 62% ━━━━━━━╸──── 25309/40189 818.5files/s 33.7s<18.2s
[KUnzipping C:\Users\dxu1\Desktop\Dissertation\PTQ\datasets\VOC\images\VOCtrainval_11-May-2012.zip to C:\Users\dxu1\Desktop\Dissertation\PTQ\datasets\VOC\images\VOCdevkit...: 63% ━━━━━━━╸──── 25389/40189 810.4files/s 33.8s<18.3s
[KUnzipping C:\Users\dxu1\Desktop\Dissertation\PTQ\datasets\VOC\images\VOCtrainval_11-May-2012.zip to C:\Users\dxu1\Desktop\Dissertation\PTQ\datasets\VOC\images\VOCdevkit...: 63% ━━━━━━━╸──── 25470/40189 809.2files/s 33.9s<18.2s
[KUnzipping C:\Users\dxu1\Desktop\Dissertation\PTQ\datasets\VOC\images\VOCtrainval_11-May-2012.zip to C:\Users\dxu1\Desktop\Dissertation\PTQ\datasets\VOC\images\VOCdevkit...: 63% ━━━━━━━╸──── 25556/40189 822.8files/s 34.0s<17.8s
[KUnzipping C:\Users\dxu1\Desktop\Dissertation\PTQ\datasets\VOC\images\VOCtrainval_11-May-2012.zip to C:\Users\dxu1\Desktop\Dissertation\PTQ\datasets\VOC\images\VOCdevkit...: 63% ━━━━━━━╸──── 25643/40189 836.7files/s 34.1s<17.4s
[KUnzipping C:\Users\dxu1\Desktop\Dissertation\PTQ\datasets\VOC\images\VOCtrainval_11-May-2012.zip to C:\Users\dxu1\Desktop\Dissertation\PTQ\datasets\VOC\images\VOCdevkit...: 64% ━━━━━━━╸──── 25728/40189 840.5files/s 34.2s<17.2s
[KUnzipping C:\Users\dxu1\Desktop\Dissertation\PTQ\datasets\VOC\images\VOCtrainval_11-May-2012.zip to C:\Users\dxu1\Desktop\Dissertation\PTQ\datasets\VOC\images\VOCdevkit...: 64% ━━━━━━━╸──── 25808/40189 828.3files/s 34.3s<17.4s
[KUnzipping C:\Users\dxu1\Desktop\Dissertation\PTQ\datasets\VOC\images\VOCtrainval_11-May-2012.zip to C:\Users\dxu1\Desktop\Dissertation\PTQ\datasets\VOC\images\VOCdevkit...: 64% ━━━━━━━╸──── 25874/40189 735.3files/s 34.4s<19.5s
[KUnzipping C:\Users\dxu1\Desktop\Dissertation\PTQ\datasets\VOC\images\VOCtrainval_11-May-2012.zip to C:\Users\dxu1\Desktop\Dissertation\PTQ\datasets\VOC\images\VOCdevkit...: 64% ━━━━━━━╸──── 25954/40189 753.1files/s 34.5s<18.9s
[KUnzipping C:\Users\dxu1\Desktop\Dissertation\PTQ\datasets\VOC\images\VOCtrainval_11-May-2012.zip to C:\Users\dxu1\Desktop\Dissertation\PTQ\datasets\VOC\images\VOCdevkit...: 64% ━━━━━━━╸──── 26031/40189 757.6files/s 34.6s<18.7s
[KUnzipping C:\Users\dxu1\Desktop\Dissertation\PTQ\datasets\VOC\images\VOCtrainval_11-May-2012.zip to C:\Users\dxu1\Desktop\Dissertation\PTQ\datasets\VOC\images\VOCdevkit...: 64% ━━━━━━━╸──── 26108/40189 758.9files/s 34.7s<18.6s
[KUnzipping C:\Users\dxu1\Desktop\Dissertation\PTQ\datasets\VOC\images\VOCtrainval_11-May-2012.zip to C:\Users\dxu1\Desktop\Dissertation\PTQ\datasets\VOC\images\VOCdevkit...: 65% ━━━━━━━╸──── 26186/40189 763.1files/s 34.8s<18.4s
[KUnzipping C:\Users\dxu1\Desktop\Dissertation\PTQ\datasets\VOC\images\VOCtrainval_11-May-2012.zip to C:\Users\dxu1\Desktop\Dissertation\PTQ\datasets\VOC\images\VOCdevkit...: 65% ━━━━━━━╸──── 26267/40189 776.4files/s 34.9s<17.9s
[KUnzipping C:\Users\dxu1\Desktop\Dissertation\PTQ\datasets\VOC\images\VOCtrainval_11-May-2012.zip to C:\Users\dxu1\Desktop\Dissertation\PTQ\datasets\VOC\images\VOCdevkit...: 65% ━━━━━━━╸──── 26346/40189 778.3files/s 35.0s<17.8s
[KUnzipping C:\Users\dxu1\Desktop\Dissertation\PTQ\datasets\VOC\images\VOCtrainval_11-May-2012.zip to C:\Users\dxu1\Desktop\Dissertation\PTQ\datasets\VOC\images\VOCdevkit...: 65% ━━━━━━━╸──── 26423/40189 775.0files/s 35.1s<17.8s
[KUnzipping C:\Users\dxu1\Desktop\Dissertation\PTQ\datasets\VOC\images\VOCtrainval_11-May-2012.zip to C:\Users\dxu1\Desktop\Dissertation\PTQ\datasets\VOC\images\VOCdevkit...: 65% ━━━━━━━╸──── 26503/40189 779.9files/s 35.2s<17.5s
[KUnzipping C:\Users\dxu1\Desktop\Dissertation\PTQ\datasets\VOC\images\VOCtrainval_11-May-2012.zip to C:\Users\dxu1\Desktop\Dissertation\PTQ\datasets\VOC\images\VOCdevkit...: 66% ━━━━━━━╸──── 26587/40189 796.1files/s 35.3s<17.1s
[KUnzipping C:\Users\dxu1\Desktop\Dissertation\PTQ\datasets\VOC\images\VOCtrainval_11-May-2012.zip to C:\Users\dxu1\Desktop\Dissertation\PTQ\datasets\VOC\images\VOCdevkit...: 66% ━━━━━━━╸──── 26665/40189 789.8files/s 35.4s<17.1s
[KUnzipping C:\Users\dxu1\Desktop\Dissertation\PTQ\datasets\VOC\images\VOCtrainval_11-May-2012.zip to C:\Users\dxu1\Desktop\Dissertation\PTQ\datasets\VOC\images\VOCdevkit...: 66% ━━━━━━━╸──── 26750/40189 804.5files/s 35.5s<16.7s
[KUnzipping C:\Users\dxu1\Desktop\Dissertation\PTQ\datasets\VOC\images\VOCtrainval_11-May-2012.zip to C:\Users\dxu1\Desktop\Dissertation\PTQ\datasets\VOC\images\VOCdevkit...: 66% ━━━━━━━━──── 26827/40189 791.8files/s 35.6s<16.9s
[KUnzipping C:\Users\dxu1\Desktop\Dissertation\PTQ\datasets\VOC\images\VOCtrainval_11-May-2012.zip to C:\Users\dxu1\Desktop\Dissertation\PTQ\datasets\VOC\images\VOCdevkit...: 66% ━━━━━━━━──── 26907/40189 792.1files/s 35.7s<16.8s
[KUnzipping C:\Users\dxu1\Desktop\Dissertation\PTQ\datasets\VOC\images\VOCtrainval_11-May-2012.zip to C:\Users\dxu1\Desktop\Dissertation\PTQ\datasets\VOC\images\VOCdevkit...: 67% ━━━━━━━━──── 26989/40189 798.6files/s 35.8s<16.5s
[KUnzipping C:\Users\dxu1\Desktop\Dissertation\PTQ\datasets\VOC\images\VOCtrainval_11-May-2012.zip to C:\Users\dxu1\Desktop\Dissertation\PTQ\datasets\VOC\images\VOCdevkit...: 67% ━━━━━━━━──── 27070/40189 801.8files/s 35.9s<16.4s
[KUnzipping C:\Users\dxu1\Desktop\Dissertation\PTQ\datasets\VOC\images\VOCtrainval_11-May-2012.zip to C:\Users\dxu1\Desktop\Dissertation\PTQ\datasets\VOC\images\VOCdevkit...: 67% ━━━━━━━━──── 27154/40189 813.0files/s 36.0s<16.0s
[KUnzipping C:\Users\dxu1\Desktop\Dissertation\PTQ\datasets\VOC\images\VOCtrainval_11-May-2012.zip to C:\Users\dxu1\Desktop\Dissertation\PTQ\datasets\VOC\images\VOCdevkit...: 67% ━━━━━━━━──── 27235/40189 810.5files/s 36.1s<16.0s
[KUnzipping C:\Users\dxu1\Desktop\Dissertation\PTQ\datasets\VOC\images\VOCtrainval_11-May-2012.zip to C:\Users\dxu1\Desktop\Dissertation\PTQ\datasets\VOC\images\VOCdevkit...: 67% ━━━━━━━━──── 27321/40189 823.4files/s 36.2s<15.6s
[KUnzipping C:\Users\dxu1\Desktop\Dissertation\PTQ\datasets\VOC\images\VOCtrainval_11-May-2012.zip to C:\Users\dxu1\Desktop\Dissertation\PTQ\datasets\VOC\images\VOCdevkit...: 68% ━━━━━━━━──── 27406/40189 830.4files/s 36.3s<15.4s
[KUnzipping C:\Users\dxu1\Desktop\Dissertation\PTQ\datasets\VOC\images\VOCtrainval_11-May-2012.zip to C:\Users\dxu1\Desktop\Dissertation\PTQ\datasets\VOC\images\VOCdevkit...: 68% ━━━━━━━━──── 27488/40189 823.8files/s 36.4s<15.4s
[KUnzipping C:\Users\dxu1\Desktop\Dissertation\PTQ\datasets\VOC\images\VOCtrainval_11-May-2012.zip to C:\Users\dxu1\Desktop\Dissertation\PTQ\datasets\VOC\images\VOCdevkit...: 68% ━━━━━━━━──── 27568/40189 814.9files/s 36.5s<15.5s
[KUnzipping C:\Users\dxu1\Desktop\Dissertation\PTQ\datasets\VOC\images\VOCtrainval_11-May-2012.zip to C:\Users\dxu1\Desktop\Dissertation\PTQ\datasets\VOC\images\VOCdevkit...: 68% ━━━━━━━━──── 27652/40189 821.1files/s 36.6s<15.3s
[KUnzipping C:\Users\dxu1\Desktop\Dissertation\PTQ\datasets\VOC\images\VOCtrainval_11-May-2012.zip to C:\Users\dxu1\Desktop\Dissertation\PTQ\datasets\VOC\images\VOCdevkit...: 69% ━━━━━━━━──── 27732/40189 813.0files/s 36.7s<15.3s
[KUnzipping C:\Users\dxu1\Desktop\Dissertation\PTQ\datasets\VOC\images\VOCtrainval_11-May-2012.zip to C:\Users\dxu1\Desktop\Dissertation\PTQ\datasets\VOC\images\VOCdevkit...: 69% ━━━━━━━━──── 27818/40189 825.7files/s 36.8s<15.0s
[KUnzipping C:\Users\dxu1\Desktop\Dissertation\PTQ\datasets\VOC\images\VOCtrainval_11-May-2012.zip to C:\Users\dxu1\Desktop\Dissertation\PTQ\datasets\VOC\images\VOCdevkit...: 69% ━━━━━━━━──── 27904/40189 831.3files/s 36.9s<14.8s
[KUnzipping C:\Users\dxu1\Desktop\Dissertation\PTQ\datasets\VOC\images\VOCtrainval_11-May-2012.zip to C:\Users\dxu1\Desktop\Dissertation\PTQ\datasets\VOC\images\VOCdevkit...: 69% ━━━━━━━━──── 27984/40189 821.6files/s 37.0s<14.9s
[KUnzipping C:\Users\dxu1\Desktop\Dissertation\PTQ\datasets\VOC\images\VOCtrainval_11-May-2012.zip to C:\Users\dxu1\Desktop\Dissertation\PTQ\datasets\VOC\images\VOCdevkit...: 69% ━━━━━━━━──── 28061/40189 806.0files/s 37.1s<15.0s
[KUnzipping C:\Users\dxu1\Desktop\Dissertation\PTQ\datasets\VOC\images\VOCtrainval_11-May-2012.zip to C:\Users\dxu1\Desktop\Dissertation\PTQ\datasets\VOC\images\VOCdevkit...: 70% ━━━━━━━━──── 28140/40189 798.3files/s 37.2s<15.1s
[KUnzipping C:\Users\dxu1\Desktop\Dissertation\PTQ\datasets\VOC\images\VOCtrainval_11-May-2012.zip to C:\Users\dxu1\Desktop\Dissertation\PTQ\datasets\VOC\images\VOCdevkit...: 70% ━━━━━━━━──── 28221/40189 799.1files/s 37.3s<15.0s
[KUnzipping C:\Users\dxu1\Desktop\Dissertation\PTQ\datasets\VOC\images\VOCtrainval_11-May-2012.zip to C:\Users\dxu1\Desktop\Dissertation\PTQ\datasets\VOC\images\VOCdevkit...: 70% ━━━━━━━━──── 28300/40189 796.1files/s 37.4s<14.9s
[KUnzipping C:\Users\dxu1\Desktop\Dissertation\PTQ\datasets\VOC\images\VOCtrainval_11-May-2012.zip to C:\Users\dxu1\Desktop\Dissertation\PTQ\datasets\VOC\images\VOCdevkit...: 70% ━━━━━━━━──── 28378/40189 788.9files/s 37.5s<15.0s
[KUnzipping C:\Users\dxu1\Desktop\Dissertation\PTQ\datasets\VOC\images\VOCtrainval_11-May-2012.zip to C:\Users\dxu1\Desktop\Dissertation\PTQ\datasets\VOC\images\VOCdevkit...: 70% ━━━━━━━━──── 28462/40189 801.3files/s 37.6s<14.6s
[KUnzipping C:\Users\dxu1\Desktop\Dissertation\PTQ\datasets\VOC\images\VOCtrainval_11-May-2012.zip to C:\Users\dxu1\Desktop\Dissertation\PTQ\datasets\VOC\images\VOCdevkit...: 71% ━━━━━━━━╸─── 28537/40189 783.5files/s 37.7s<14.9s
[KUnzipping C:\Users\dxu1\Desktop\Dissertation\PTQ\datasets\VOC\images\VOCtrainval_11-May-2012.zip to C:\Users\dxu1\Desktop\Dissertation\PTQ\datasets\VOC\images\VOCdevkit...: 71% ━━━━━━━━╸─── 28614/40189 778.8files/s 37.8s<14.9s
[KUnzipping C:\Users\dxu1\Desktop\Dissertation\PTQ\datasets\VOC\images\VOCtrainval_11-May-2012.zip to C:\Users\dxu1\Desktop\Dissertation\PTQ\datasets\VOC\images\VOCdevkit...: 71% ━━━━━━━━╸─── 28692/40189 779.0files/s 37.9s<14.8s
[KUnzipping C:\Users\dxu1\Desktop\Dissertation\PTQ\datasets\VOC\images\VOCtrainval_11-May-2012.zip to C:\Users\dxu1\Desktop\Dissertation\PTQ\datasets\VOC\images\VOCdevkit...: 71% ━━━━━━━━╸─── 28771/40189 781.1files/s 38.0s<14.6s
[KUnzipping C:\Users\dxu1\Desktop\Dissertation\PTQ\datasets\VOC\images\VOCtrainval_11-May-2012.zip to C:\Users\dxu1\Desktop\Dissertation\PTQ\datasets\VOC\images\VOCdevkit...: 71% ━━━━━━━━╸─── 28853/40189 791.4files/s 38.1s<14.3s
[KUnzipping C:\Users\dxu1\Desktop\Dissertation\PTQ\datasets\VOC\images\VOCtrainval_11-May-2012.zip to C:\Users\dxu1\Desktop\Dissertation\PTQ\datasets\VOC\images\VOCdevkit...: 71% ━━━━━━━━╸─── 28936/40189 800.7files/s 38.2s<14.1s
[KUnzipping C:\Users\dxu1\Desktop\Dissertation\PTQ\datasets\VOC\images\VOCtrainval_11-May-2012.zip to C:\Users\dxu1\Desktop\Dissertation\PTQ\datasets\VOC\images\VOCdevkit...: 72% ━━━━━━━━╸─── 29015/40189 797.0files/s 38.3s<14.0s
[KUnzipping C:\Users\dxu1\Desktop\Dissertation\PTQ\datasets\VOC\images\VOCtrainval_11-May-2012.zip to C:\Users\dxu1\Desktop\Dissertation\PTQ\datasets\VOC\images\VOCdevkit...: 72% ━━━━━━━━╸─── 29092/40189 788.6files/s 38.4s<14.1s
[KUnzipping C:\Users\dxu1\Desktop\Dissertation\PTQ\datasets\VOC\images\VOCtrainval_11-May-2012.zip to C:\Users\dxu1\Desktop\Dissertation\PTQ\datasets\VOC\images\VOCdevkit...: 72% ━━━━━━━━╸─── 29170/40189 785.0files/s 38.5s<14.0s
[KUnzipping C:\Users\dxu1\Desktop\Dissertation\PTQ\datasets\VOC\images\VOCtrainval_11-May-2012.zip to C:\Users\dxu1\Desktop\Dissertation\PTQ\datasets\VOC\images\VOCdevkit...: 72% ━━━━━━━━╸─── 29242/40189 764.5files/s 38.6s<14.3s
[KUnzipping C:\Users\dxu1\Desktop\Dissertation\PTQ\datasets\VOC\images\VOCtrainval_11-May-2012.zip to C:\Users\dxu1\Desktop\Dissertation\PTQ\datasets\VOC\images\VOCdevkit...: 72% ━━━━━━━━╸─── 29319/40189 766.1files/s 38.7s<14.2s
[KUnzipping C:\Users\dxu1\Desktop\Dissertation\PTQ\datasets\VOC\images\VOCtrainval_11-May-2012.zip to C:\Users\dxu1\Desktop\Dissertation\PTQ\datasets\VOC\images\VOCdevkit...: 73% ━━━━━━━━╸─── 29368/40189 681.9files/s 38.8s<15.9s
[KUnzipping C:\Users\dxu1\Desktop\Dissertation\PTQ\datasets\VOC\images\VOCtrainval_11-May-2012.zip to C:\Users\dxu1\Desktop\Dissertation\PTQ\datasets\VOC\images\VOCdevkit...: 73% ━━━━━━━━╸─── 29447/40189 714.0files/s 38.9s<15.0s
[KUnzipping C:\Users\dxu1\Desktop\Dissertation\PTQ\datasets\VOC\images\VOCtrainval_11-May-2012.zip to C:\Users\dxu1\Desktop\Dissertation\PTQ\datasets\VOC\images\VOCdevkit...: 73% ━━━━━━━━╸─── 29527/40189 739.5files/s 39.0s<14.4s
[KUnzipping C:\Users\dxu1\Desktop\Dissertation\PTQ\datasets\VOC\images\VOCtrainval_11-May-2012.zip to C:\Users\dxu1\Desktop\Dissertation\PTQ\datasets\VOC\images\VOCdevkit...: 73% ━━━━━━━━╸─── 29604/40189 746.3files/s 39.1s<14.2s
[KUnzipping C:\Users\dxu1\Desktop\Dissertation\PTQ\datasets\VOC\images\VOCtrainval_11-May-2012.zip to C:\Users\dxu1\Desktop\Dissertation\PTQ\datasets\VOC\images\VOCdevkit...: 73% ━━━━━━━━╸─── 29681/40189 750.8files/s 39.2s<14.0s
[KUnzipping C:\Users\dxu1\Desktop\Dissertation\PTQ\datasets\VOC\images\VOCtrainval_11-May-2012.zip to C:\Users\dxu1\Desktop\Dissertation\PTQ\datasets\VOC\images\VOCdevkit...: 74% ━━━━━━━━╸─── 29761/40189 765.3files/s 39.3s<13.6s
[KUnzipping C:\Users\dxu1\Desktop\Dissertation\PTQ\datasets\VOC\images\VOCtrainval_11-May-2012.zip to C:\Users\dxu1\Desktop\Dissertation\PTQ\datasets\VOC\images\VOCdevkit...: 74% ━━━━━━━━╸─── 29842/40189 777.5files/s 39.4s<13.3s
[KUnzipping C:\Users\dxu1\Desktop\Dissertation\PTQ\datasets\VOC\images\VOCtrainval_11-May-2012.zip to C:\Users\dxu1\Desktop\Dissertation\PTQ\datasets\VOC\images\VOCdevkit...: 74% ━━━━━━━━╸─── 29926/40189 794.2files/s 39.5s<12.9s
[KUnzipping C:\Users\dxu1\Desktop\Dissertation\PTQ\datasets\VOC\images\VOCtrainval_11-May-2012.zip to C:\Users\dxu1\Desktop\Dissertation\PTQ\datasets\VOC\images\VOCdevkit...: 74% ━━━━━━━━╸─── 30007/40189 797.4files/s 39.6s<12.8s
[KUnzipping C:\Users\dxu1\Desktop\Dissertation\PTQ\datasets\VOC\images\VOCtrainval_11-May-2012.zip to C:\Users\dxu1\Desktop\Dissertation\PTQ\datasets\VOC\images\VOCdevkit...: 74% ━━━━━━━━╸─── 30085/40189 789.4files/s 39.7s<12.8s
[KUnzipping C:\Users\dxu1\Desktop\Dissertation\PTQ\datasets\VOC\images\VOCtrainval_11-May-2012.zip to C:\Users\dxu1\Desktop\Dissertation\PTQ\datasets\VOC\images\VOCdevkit...: 75% ━━━━━━━━━─── 30163/40189 785.5files/s 39.8s<12.8s
[KUnzipping C:\Users\dxu1\Desktop\Dissertation\PTQ\datasets\VOC\images\VOCtrainval_11-May-2012.zip to C:\Users\dxu1\Desktop\Dissertation\PTQ\datasets\VOC\images\VOCdevkit...: 75% ━━━━━━━━━─── 30243/40189 788.5files/s 39.9s<12.6s
[KUnzipping C:\Users\dxu1\Desktop\Dissertation\PTQ\datasets\VOC\images\VOCtrainval_11-May-2012.zip to C:\Users\dxu1\Desktop\Dissertation\PTQ\datasets\VOC\images\VOCdevkit...: 75% ━━━━━━━━━─── 30324/40189 794.3files/s 40.0s<12.4s
[KUnzipping C:\Users\dxu1\Desktop\Dissertation\PTQ\datasets\VOC\images\VOCtrainval_11-May-2012.zip to C:\Users\dxu1\Desktop\Dissertation\PTQ\datasets\VOC\images\VOCdevkit...: 75% ━━━━━━━━━─── 30401/40189 785.8files/s 40.1s<12.5s
[KUnzipping C:\Users\dxu1\Desktop\Dissertation\PTQ\datasets\VOC\images\VOCtrainval_11-May-2012.zip to C:\Users\dxu1\Desktop\Dissertation\PTQ\datasets\VOC\images\VOCdevkit...: 75% ━━━━━━━━━─── 30475/40189 771.5files/s 40.2s<12.6s
[KUnzipping C:\Users\dxu1\Desktop\Dissertation\PTQ\datasets\VOC\images\VOCtrainval_11-May-2012.zip to C:\Users\dxu1\Desktop\Dissertation\PTQ\datasets\VOC\images\VOCdevkit...: 76% ━━━━━━━━━─── 30558/40189 788.7files/s 40.3s<12.2s
[KUnzipping C:\Users\dxu1\Desktop\Dissertation\PTQ\datasets\VOC\images\VOCtrainval_11-May-2012.zip to C:\Users\dxu1\Desktop\Dissertation\PTQ\datasets\VOC\images\VOCdevkit...: 76% ━━━━━━━━━─── 30630/40189 765.4files/s 40.4s<12.5s
[KUnzipping C:\Users\dxu1\Desktop\Dissertation\PTQ\datasets\VOC\images\VOCtrainval_11-May-2012.zip to C:\Users\dxu1\Desktop\Dissertation\PTQ\datasets\VOC\images\VOCdevkit...: 76% ━━━━━━━━━─── 30688/40189 707.6files/s 40.5s<13.4s
[KUnzipping C:\Users\dxu1\Desktop\Dissertation\PTQ\datasets\VOC\images\VOCtrainval_11-May-2012.zip to C:\Users\dxu1\Desktop\Dissertation\PTQ\datasets\VOC\images\VOCdevkit...: 76% ━━━━━━━━━─── 30755/40189 694.2files/s 40.6s<13.6s
[KUnzipping C:\Users\dxu1\Desktop\Dissertation\PTQ\datasets\VOC\images\VOCtrainval_11-May-2012.zip to C:\Users\dxu1\Desktop\Dissertation\PTQ\datasets\VOC\images\VOCdevkit...: 76% ━━━━━━━━━─── 30836/40189 728.5files/s 40.7s<12.8s
[KUnzipping C:\Users\dxu1\Desktop\Dissertation\PTQ\datasets\VOC\images\VOCtrainval_11-May-2012.zip to C:\Users\dxu1\Desktop\Dissertation\PTQ\datasets\VOC\images\VOCdevkit...: 76% ━━━━━━━━━─── 30915/40189 744.7files/s 40.8s<12.5s
[KUnzipping C:\Users\dxu1\Desktop\Dissertation\PTQ\datasets\VOC\images\VOCtrainval_11-May-2012.zip to C:\Users\dxu1\Desktop\Dissertation\PTQ\datasets\VOC\images\VOCdevkit...: 77% ━━━━━━━━━─── 30996/40189 763.4files/s 40.9s<12.0s
[KUnzipping C:\Users\dxu1\Desktop\Dissertation\PTQ\datasets\VOC\images\VOCtrainval_11-May-2012.zip to C:\Users\dxu1\Desktop\Dissertation\PTQ\datasets\VOC\images\VOCdevkit...: 77% ━━━━━━━━━─── 31082/40189 791.7files/s 41.0s<11.5s
[KUnzipping C:\Users\dxu1\Desktop\Dissertation\PTQ\datasets\VOC\images\VOCtrainval_11-May-2012.zip to C:\Users\dxu1\Desktop\Dissertation\PTQ\datasets\VOC\images\VOCdevkit...: 77% ━━━━━━━━━─── 31159/40189 783.3files/s 41.1s<11.5s
[KUnzipping C:\Users\dxu1\Desktop\Dissertation\PTQ\datasets\VOC\images\VOCtrainval_11-May-2012.zip to C:\Users\dxu1\Desktop\Dissertation\PTQ\datasets\VOC\images\VOCdevkit...: 77% ━━━━━━━━━─── 31228/40189 753.0files/s 41.2s<11.9s
[KUnzipping C:\Users\dxu1\Desktop\Dissertation\PTQ\datasets\VOC\images\VOCtrainval_11-May-2012.zip to C:\Users\dxu1\Desktop\Dissertation\PTQ\datasets\VOC\images\VOCdevkit...: 77% ━━━━━━━━━─── 31295/40189 727.2files/s 41.3s<12.2s
[KUnzipping C:\Users\dxu1\Desktop\Dissertation\PTQ\datasets\VOC\images\VOCtrainval_11-May-2012.zip to C:\Users\dxu1\Desktop\Dissertation\PTQ\datasets\VOC\images\VOCdevkit...: 78% ━━━━━━━━━─── 31378/40189 756.4files/s 41.4s<11.6s
[KUnzipping C:\Users\dxu1\Desktop\Dissertation\PTQ\datasets\VOC\images\VOCtrainval_11-May-2012.zip to C:\Users\dxu1\Desktop\Dissertation\PTQ\datasets\VOC\images\VOCdevkit...: 78% ━━━━━━━━━─── 31459/40189 772.5files/s 41.5s<11.3s
[KUnzipping C:\Users\dxu1\Desktop\Dissertation\PTQ\datasets\VOC\images\VOCtrainval_11-May-2012.zip to C:\Users\dxu1\Desktop\Dissertation\PTQ\datasets\VOC\images\VOCdevkit...: 78% ━━━━━━━━━─── 31542/40189 789.3files/s 41.6s<11.0s
[KUnzipping C:\Users\dxu1\Desktop\Dissertation\PTQ\datasets\VOC\images\VOCtrainval_11-May-2012.zip to C:\Users\dxu1\Desktop\Dissertation\PTQ\datasets\VOC\images\VOCdevkit...: 78% ━━━━━━━━━─── 31612/40189 761.2files/s 41.7s<11.3s
[KUnzipping C:\Users\dxu1\Desktop\Dissertation\PTQ\datasets\VOC\images\VOCtrainval_11-May-2012.zip to C:\Users\dxu1\Desktop\Dissertation\PTQ\datasets\VOC\images\VOCdevkit...: 78% ━━━━━━━━━─── 31690/40189 764.2files/s 41.8s<11.1s
[KUnzipping C:\Users\dxu1\Desktop\Dissertation\PTQ\datasets\VOC\images\VOCtrainval_11-May-2012.zip to C:\Users\dxu1\Desktop\Dissertation\PTQ\datasets\VOC\images\VOCdevkit...: 79% ━━━━━━━━━─── 31769/40189 771.1files/s 41.9s<10.9s
[KUnzipping C:\Users\dxu1\Desktop\Dissertation\PTQ\datasets\VOC\images\VOCtrainval_11-May-2012.zip to C:\Users\dxu1\Desktop\Dissertation\PTQ\datasets\VOC\images\VOCdevkit...: 79% ━━━━━━━━━╸── 31851/40189 783.8files/s 42.0s<10.6s
[KUnzipping C:\Users\dxu1\Desktop\Dissertation\PTQ\datasets\VOC\images\VOCtrainval_11-May-2012.zip to C:\Users\dxu1\Desktop\Dissertation\PTQ\datasets\VOC\images\VOCdevkit...: 79% ━━━━━━━━━╸── 31935/40189 800.1files/s 42.1s<10.3s
[KUnzipping C:\Users\dxu1\Desktop\Dissertation\PTQ\datasets\VOC\images\VOCtrainval_11-May-2012.zip to C:\Users\dxu1\Desktop\Dissertation\PTQ\datasets\VOC\images\VOCdevkit...: 79% ━━━━━━━━━╸── 32020/40189 814.4files/s 42.2s<10.0s
[KUnzipping C:\Users\dxu1\Desktop\Dissertation\PTQ\datasets\VOC\images\VOCtrainval_11-May-2012.zip to C:\Users\dxu1\Desktop\Dissertation\PTQ\datasets\VOC\images\VOCdevkit...: 79% ━━━━━━━━━╸── 32105/40189 822.6files/s 42.3s<9.8s
[KUnzipping C:\Users\dxu1\Desktop\Dissertation\PTQ\datasets\VOC\images\VOCtrainval_11-May-2012.zip to C:\Users\dxu1\Desktop\Dissertation\PTQ\datasets\VOC\images\VOCdevkit...: 80% ━━━━━━━━━╸── 32183/40189 808.3files/s 42.4s<9.9s
[KUnzipping C:\Users\dxu1\Desktop\Dissertation\PTQ\datasets\VOC\images\VOCtrainval_11-May-2012.zip to C:\Users\dxu1\Desktop\Dissertation\PTQ\datasets\VOC\images\VOCdevkit...: 80% ━━━━━━━━━╸── 32258/40189 789.0files/s 42.5s<10.1s
[KUnzipping C:\Users\dxu1\Desktop\Dissertation\PTQ\datasets\VOC\images\VOCtrainval_11-May-2012.zip to C:\Users\dxu1\Desktop\Dissertation\PTQ\datasets\VOC\images\VOCdevkit...: 80% ━━━━━━━━━╸── 32341/40189 798.7files/s 42.6s<9.8s
[KUnzipping C:\Users\dxu1\Desktop\Dissertation\PTQ\datasets\VOC\images\VOCtrainval_11-May-2012.zip to C:\Users\dxu1\Desktop\Dissertation\PTQ\datasets\VOC\images\VOCdevkit...: 80% ━━━━━━━━━╸── 32421/40189 798.6files/s 42.7s<9.7s
[KUnzipping C:\Users\dxu1\Desktop\Dissertation\PTQ\datasets\VOC\images\VOCtrainval_11-May-2012.zip to C:\Users\dxu1\Desktop\Dissertation\PTQ\datasets\VOC\images\VOCdevkit...: 80% ━━━━━━━━━╸── 32488/40189 758.6files/s 42.8s<10.2s
[KUnzipping C:\Users\dxu1\Desktop\Dissertation\PTQ\datasets\VOC\images\VOCtrainval_11-May-2012.zip to C:\Users\dxu1\Desktop\Dissertation\PTQ\datasets\VOC\images\VOCdevkit...: 81% ━━━━━━━━━╸── 32574/40189 787.3files/s 42.9s<9.7s
[KUnzipping C:\Users\dxu1\Desktop\Dissertation\PTQ\datasets\VOC\images\VOCtrainval_11-May-2012.zip to C:\Users\dxu1\Desktop\Dissertation\PTQ\datasets\VOC\images\VOCdevkit...: 81% ━━━━━━━━━╸── 32661/40189 810.6files/s 43.0s<9.3s
[KUnzipping C:\Users\dxu1\Desktop\Dissertation\PTQ\datasets\VOC\images\VOCtrainval_11-May-2012.zip to C:\Users\dxu1\Desktop\Dissertation\PTQ\datasets\VOC\images\VOCdevkit...: 81% ━━━━━━━━━╸── 32744/40189 815.7files/s 43.1s<9.1s
[KUnzipping C:\Users\dxu1\Desktop\Dissertation\PTQ\datasets\VOC\images\VOCtrainval_11-May-2012.zip to C:\Users\dxu1\Desktop\Dissertation\PTQ\datasets\VOC\images\VOCdevkit...: 81% ━━━━━━━━━╸── 32825/40189 811.5files/s 43.2s<9.1s
[KUnzipping C:\Users\dxu1\Desktop\Dissertation\PTQ\datasets\VOC\images\VOCtrainval_11-May-2012.zip to C:\Users\dxu1\Desktop\Dissertation\PTQ\datasets\VOC\images\VOCdevkit...: 81% ━━━━━━━━━╸── 32909/40189 819.6files/s 43.3s<8.9s
[KUnzipping C:\Users\dxu1\Desktop\Dissertation\PTQ\datasets\VOC\images\VOCtrainval_11-May-2012.zip to C:\Users\dxu1\Desktop\Dissertation\PTQ\datasets\VOC\images\VOCdevkit...: 82% ━━━━━━━━━╸── 32995/40189 828.0files/s 43.4s<8.7s
[KUnzipping C:\Users\dxu1\Desktop\Dissertation\PTQ\datasets\VOC\images\VOCtrainval_11-May-2012.zip to C:\Users\dxu1\Desktop\Dissertation\PTQ\datasets\VOC\images\VOCdevkit...: 82% ━━━━━━━━━╸── 33082/40189 838.9files/s 43.5s<8.5s
[KUnzipping C:\Users\dxu1\Desktop\Dissertation\PTQ\datasets\VOC\images\VOCtrainval_11-May-2012.zip to C:\Users\dxu1\Desktop\Dissertation\PTQ\datasets\VOC\images\VOCdevkit...: 82% ━━━━━━━━━╸── 33170/40189 848.3files/s 43.7s<8.3s
[KUnzipping C:\Users\dxu1\Desktop\Dissertation\PTQ\datasets\VOC\images\VOCtrainval_11-May-2012.zip to C:\Users\dxu1\Desktop\Dissertation\PTQ\datasets\VOC\images\VOCdevkit...: 82% ━━━━━━━━━╸── 33251/40189 835.7files/s 43.8s<8.3s
[KUnzipping C:\Users\dxu1\Desktop\Dissertation\PTQ\datasets\VOC\images\VOCtrainval_11-May-2012.zip to C:\Users\dxu1\Desktop\Dissertation\PTQ\datasets\VOC\images\VOCdevkit...: 82% ━━━━━━━━━╸── 33332/40189 826.5files/s 43.9s<8.3s
[KUnzipping C:\Users\dxu1\Desktop\Dissertation\PTQ\datasets\VOC\images\VOCtrainval_11-May-2012.zip to C:\Users\dxu1\Desktop\Dissertation\PTQ\datasets\VOC\images\VOCdevkit...: 83% ━━━━━━━━━╸── 33415/40189 825.1files/s 44.0s<8.2s
[KUnzipping C:\Users\dxu1\Desktop\Dissertation\PTQ\datasets\VOC\images\VOCtrainval_11-May-2012.zip to C:\Users\dxu1\Desktop\Dissertation\PTQ\datasets\VOC\images\VOCdevkit...: 83% ━━━━━━━━━━── 33499/40189 829.0files/s 44.1s<8.1s
[KUnzipping C:\Users\dxu1\Desktop\Dissertation\PTQ\datasets\VOC\images\VOCtrainval_11-May-2012.zip to C:\Users\dxu1\Desktop\Dissertation\PTQ\datasets\VOC\images\VOCdevkit...: 83% ━━━━━━━━━━── 33586/40189 840.3files/s 44.2s<7.9s
[KUnzipping C:\Users\dxu1\Desktop\Dissertation\PTQ\datasets\VOC\images\VOCtrainval_11-May-2012.zip to C:\Users\dxu1\Desktop\Dissertation\PTQ\datasets\VOC\images\VOCdevkit...: 83% ━━━━━━━━━━── 33669/40189 835.3files/s 44.3s<7.8s
[KUnzipping C:\Users\dxu1\Desktop\Dissertation\PTQ\datasets\VOC\images\VOCtrainval_11-May-2012.zip to C:\Users\dxu1\Desktop\Dissertation\PTQ\datasets\VOC\images\VOCdevkit...: 83% ━━━━━━━━━━── 33756/40189 843.9files/s 44.4s<7.6s
[KUnzipping C:\Users\dxu1\Desktop\Dissertation\PTQ\datasets\VOC\images\VOCtrainval_11-May-2012.zip to C:\Users\dxu1\Desktop\Dissertation\PTQ\datasets\VOC\images\VOCdevkit...: 84% ━━━━━━━━━━── 33838/40189 836.1files/s 44.5s<7.6s
[KUnzipping C:\Users\dxu1\Desktop\Dissertation\PTQ\datasets\VOC\images\VOCtrainval_11-May-2012.zip to C:\Users\dxu1\Desktop\Dissertation\PTQ\datasets\VOC\images\VOCdevkit...: 84% ━━━━━━━━━━── 33921/40189 832.3files/s 44.6s<7.5s
[KUnzipping C:\Users\dxu1\Desktop\Dissertation\PTQ\datasets\VOC\images\VOCtrainval_11-May-2012.zip to C:\Users\dxu1\Desktop\Dissertation\PTQ\datasets\VOC\images\VOCdevkit...: 84% ━━━━━━━━━━── 33994/40189 799.2files/s 44.7s<7.8s
[KUnzipping C:\Users\dxu1\Desktop\Dissertation\PTQ\datasets\VOC\images\VOCtrainval_11-May-2012.zip to C:\Users\dxu1\Desktop\Dissertation\PTQ\datasets\VOC\images\VOCdevkit...: 84% ━━━━━━━━━━── 34073/40189 794.3files/s 44.8s<7.7s
[KUnzipping C:\Users\dxu1\Desktop\Dissertation\PTQ\datasets\VOC\images\VOCtrainval_11-May-2012.zip to C:\Users\dxu1\Desktop\Dissertation\PTQ\datasets\VOC\images\VOCdevkit...: 84% ━━━━━━━━━━── 34152/40189 791.1files/s 44.9s<7.6s
[KUnzipping C:\Users\dxu1\Desktop\Dissertation\PTQ\datasets\VOC\images\VOCtrainval_11-May-2012.zip to C:\Users\dxu1\Desktop\Dissertation\PTQ\datasets\VOC\images\VOCdevkit...: 85% ━━━━━━━━━━── 34235/40189 800.8files/s 45.0s<7.4s
[KUnzipping C:\Users\dxu1\Desktop\Dissertation\PTQ\datasets\VOC\images\VOCtrainval_11-May-2012.zip to C:\Users\dxu1\Desktop\Dissertation\PTQ\datasets\VOC\images\VOCdevkit...: 85% ━━━━━━━━━━── 34319/40189 809.8files/s 45.1s<7.2s
[KUnzipping C:\Users\dxu1\Desktop\Dissertation\PTQ\datasets\VOC\images\VOCtrainval_11-May-2012.zip to C:\Users\dxu1\Desktop\Dissertation\PTQ\datasets\VOC\images\VOCdevkit...: 85% ━━━━━━━━━━── 34400/40189 807.5files/s 45.2s<7.2s
[KUnzipping C:\Users\dxu1\Desktop\Dissertation\PTQ\datasets\VOC\images\VOCtrainval_11-May-2012.zip to C:\Users\dxu1\Desktop\Dissertation\PTQ\datasets\VOC\images\VOCdevkit...: 85% ━━━━━━━━━━── 34460/40189 745.1files/s 45.3s<7.7s
[KUnzipping C:\Users\dxu1\Desktop\Dissertation\PTQ\datasets\VOC\images\VOCtrainval_11-May-2012.zip to C:\Users\dxu1\Desktop\Dissertation\PTQ\datasets\VOC\images\VOCdevkit...: 85% ━━━━━━━━━━── 34540/40189 759.9files/s 45.4s<7.4s
[KUnzipping C:\Users\dxu1\Desktop\Dissertation\PTQ\datasets\VOC\images\VOCtrainval_11-May-2012.zip to C:\Users\dxu1\Desktop\Dissertation\PTQ\datasets\VOC\images\VOCdevkit...: 86% ━━━━━━━━━━── 34625/40189 785.4files/s 45.5s<7.1s
[KUnzipping C:\Users\dxu1\Desktop\Dissertation\PTQ\datasets\VOC\images\VOCtrainval_11-May-2012.zip to C:\Users\dxu1\Desktop\Dissertation\PTQ\datasets\VOC\images\VOCdevkit...: 86% ━━━━━━━━━━── 34708/40189 796.5files/s 45.6s<6.9s
[KUnzipping C:\Users\dxu1\Desktop\Dissertation\PTQ\datasets\VOC\images\VOCtrainval_11-May-2012.zip to C:\Users\dxu1\Desktop\Dissertation\PTQ\datasets\VOC\images\VOCdevkit...: 86% ━━━━━━━━━━── 34790/40189 802.4files/s 45.7s<6.7s
[KUnzipping C:\Users\dxu1\Desktop\Dissertation\PTQ\datasets\VOC\images\VOCtrainval_11-May-2012.zip to C:\Users\dxu1\Desktop\Dissertation\PTQ\datasets\VOC\images\VOCdevkit...: 86% ━━━━━━━━━━── 34870/40189 800.8files/s 45.8s<6.6s
[KUnzipping C:\Users\dxu1\Desktop\Dissertation\PTQ\datasets\VOC\images\VOCtrainval_11-May-2012.zip to C:\Users\dxu1\Desktop\Dissertation\PTQ\datasets\VOC\images\VOCdevkit...: 86% ━━━━━━━━━━── 34949/40189 796.0files/s 45.9s<6.6s
[KUnzipping C:\Users\dxu1\Desktop\Dissertation\PTQ\datasets\VOC\images\VOCtrainval_11-May-2012.zip to C:\Users\dxu1\Desktop\Dissertation\PTQ\datasets\VOC\images\VOCdevkit...: 87% ━━━━━━━━━━── 35028/40189 792.7files/s 46.0s<6.5s
[KUnzipping C:\Users\dxu1\Desktop\Dissertation\PTQ\datasets\VOC\images\VOCtrainval_11-May-2012.zip to C:\Users\dxu1\Desktop\Dissertation\PTQ\datasets\VOC\images\VOCdevkit...: 87% ━━━━━━━━━━── 35108/40189 792.7files/s 46.1s<6.4s
[KUnzipping C:\Users\dxu1\Desktop\Dissertation\PTQ\datasets\VOC\images\VOCtrainval_11-May-2012.zip to C:\Users\dxu1\Desktop\Dissertation\PTQ\datasets\VOC\images\VOCdevkit...: 87% ━━━━━━━━━━╸─ 35189/40189 797.8files/s 46.2s<6.3s
[KUnzipping C:\Users\dxu1\Desktop\Dissertation\PTQ\datasets\VOC\images\VOCtrainval_11-May-2012.zip to C:\Users\dxu1\Desktop\Dissertation\PTQ\datasets\VOC\images\VOCdevkit...: 87% ━━━━━━━━━━╸─ 35273/40189 807.8files/s 46.3s<6.1s
[KUnzipping C:\Users\dxu1\Desktop\Dissertation\PTQ\datasets\VOC\images\VOCtrainval_11-May-2012.zip to C:\Users\dxu1\Desktop\Dissertation\PTQ\datasets\VOC\images\VOCdevkit...: 87% ━━━━━━━━━━╸─ 35357/40189 815.9files/s 46.4s<5.9s
[KUnzipping C:\Users\dxu1\Desktop\Dissertation\PTQ\datasets\VOC\images\VOCtrainval_11-May-2012.zip to C:\Users\dxu1\Desktop\Dissertation\PTQ\datasets\VOC\images\VOCdevkit...: 88% ━━━━━━━━━━╸─ 35436/40189 806.9files/s 46.5s<5.9s
[KUnzipping C:\Users\dxu1\Desktop\Dissertation\PTQ\datasets\VOC\images\VOCtrainval_11-May-2012.zip to C:\Users\dxu1\Desktop\Dissertation\PTQ\datasets\VOC\images\VOCdevkit...: 88% ━━━━━━━━━━╸─ 35517/40189 807.5files/s 46.6s<5.8s
[KUnzipping C:\Users\dxu1\Desktop\Dissertation\PTQ\datasets\VOC\images\VOCtrainval_11-May-2012.zip to C:\Users\dxu1\Desktop\Dissertation\PTQ\datasets\VOC\images\VOCdevkit...: 88% ━━━━━━━━━━╸─ 35588/40189 777.8files/s 46.7s<5.9s
[KUnzipping C:\Users\dxu1\Desktop\Dissertation\PTQ\datasets\VOC\images\VOCtrainval_11-May-2012.zip to C:\Users\dxu1\Desktop\Dissertation\PTQ\datasets\VOC\images\VOCdevkit...: 88% ━━━━━━━━━━╸─ 35641/40189 703.3files/s 46.8s<6.5s
[KUnzipping C:\Users\dxu1\Desktop\Dissertation\PTQ\datasets\VOC\images\VOCtrainval_11-May-2012.zip to C:\Users\dxu1\Desktop\Dissertation\PTQ\datasets\VOC\images\VOCdevkit...: 88% ━━━━━━━━━━╸─ 35682/40189 613.8files/s 46.9s<7.3s
[KUnzipping C:\Users\dxu1\Desktop\Dissertation\PTQ\datasets\VOC\images\VOCtrainval_11-May-2012.zip to C:\Users\dxu1\Desktop\Dissertation\PTQ\datasets\VOC\images\VOCdevkit...: 88% ━━━━━━━━━━╸─ 35720/40189 542.4files/s 47.0s<8.2s
[KUnzipping C:\Users\dxu1\Desktop\Dissertation\PTQ\datasets\VOC\images\VOCtrainval_11-May-2012.zip to C:\Users\dxu1\Desktop\Dissertation\PTQ\datasets\VOC\images\VOCdevkit...: 88% ━━━━━━━━━━╸─ 35763/40189 506.6files/s 47.1s<8.7s
[KUnzipping C:\Users\dxu1\Desktop\Dissertation\PTQ\datasets\VOC\images\VOCtrainval_11-May-2012.zip to C:\Users\dxu1\Desktop\Dissertation\PTQ\datasets\VOC\images\VOCdevkit...: 89% ━━━━━━━━━━╸─ 35805/40189 479.6files/s 47.2s<9.1s
[KUnzipping C:\Users\dxu1\Desktop\Dissertation\PTQ\datasets\VOC\images\VOCtrainval_11-May-2012.zip to C:\Users\dxu1\Desktop\Dissertation\PTQ\datasets\VOC\images\VOCdevkit...: 89% ━━━━━━━━━━╸─ 35843/40189 448.7files/s 47.3s<9.7s
[KUnzipping C:\Users\dxu1\Desktop\Dissertation\PTQ\datasets\VOC\images\VOCtrainval_11-May-2012.zip to C:\Users\dxu1\Desktop\Dissertation\PTQ\datasets\VOC\images\VOCdevkit...: 89% ━━━━━━━━━━╸─ 35882/40189 428.6files/s 47.4s<10.1s
[KUnzipping C:\Users\dxu1\Desktop\Dissertation\PTQ\datasets\VOC\images\VOCtrainval_11-May-2012.zip to C:\Users\dxu1\Desktop\Dissertation\PTQ\datasets\VOC\images\VOCdevkit...: 89% ━━━━━━━━━━╸─ 35926/40189 430.4files/s 47.5s<9.9s
[KUnzipping C:\Users\dxu1\Desktop\Dissertation\PTQ\datasets\VOC\images\VOCtrainval_11-May-2012.zip to C:\Users\dxu1\Desktop\Dissertation\PTQ\datasets\VOC\images\VOCdevkit...: 89% ━━━━━━━━━━╸─ 35970/40189 430.9files/s 47.6s<9.8s
[KUnzipping C:\Users\dxu1\Desktop\Dissertation\PTQ\datasets\VOC\images\VOCtrainval_11-May-2012.zip to C:\Users\dxu1\Desktop\Dissertation\PTQ\datasets\VOC\images\VOCdevkit...: 89% ━━━━━━━━━━╸─ 36008/40189 415.0files/s 47.7s<10.1s
[KUnzipping C:\Users\dxu1\Desktop\Dissertation\PTQ\datasets\VOC\images\VOCtrainval_11-May-2012.zip to C:\Users\dxu1\Desktop\Dissertation\PTQ\datasets\VOC\images\VOCdevkit...: 89% ━━━━━━━━━━╸─ 36049/40189 410.7files/s 47.8s<10.1s
[KUnzipping C:\Users\dxu1\Desktop\Dissertation\PTQ\datasets\VOC\images\VOCtrainval_11-May-2012.zip to C:\Users\dxu1\Desktop\Dissertation\PTQ\datasets\VOC\images\VOCdevkit...: 89% ━━━━━━━━━━╸─ 36091/40189 411.4files/s 47.9s<10.0s
[KUnzipping C:\Users\dxu1\Desktop\Dissertation\PTQ\datasets\VOC\images\VOCtrainval_11-May-2012.zip to C:\Users\dxu1\Desktop\Dissertation\PTQ\datasets\VOC\images\VOCdevkit...: 89% ━━━━━━━━━━╸─ 36135/40189 416.3files/s 48.0s<9.7s
[KUnzipping C:\Users\dxu1\Desktop\Dissertation\PTQ\datasets\VOC\images\VOCtrainval_11-May-2012.zip to C:\Users\dxu1\Desktop\Dissertation\PTQ\datasets\VOC\images\VOCdevkit...: 90% ━━━━━━━━━━╸─ 36174/40189 408.2files/s 48.1s<9.8s
[KUnzipping C:\Users\dxu1\Desktop\Dissertation\PTQ\datasets\VOC\images\VOCtrainval_11-May-2012.zip to C:\Users\dxu1\Desktop\Dissertation\PTQ\datasets\VOC\images\VOCdevkit...: 90% ━━━━━━━━━━╸─ 36215/40189 408.6files/s 48.2s<9.7s
[KUnzipping C:\Users\dxu1\Desktop\Dissertation\PTQ\datasets\VOC\images\VOCtrainval_11-May-2012.zip to C:\Users\dxu1\Desktop\Dissertation\PTQ\datasets\VOC\images\VOCdevkit...: 90% ━━━━━━━━━━╸─ 36257/40189 410.4files/s 48.3s<9.6s
[KUnzipping C:\Users\dxu1\Desktop\Dissertation\PTQ\datasets\VOC\images\VOCtrainval_11-May-2012.zip to C:\Users\dxu1\Desktop\Dissertation\PTQ\datasets\VOC\images\VOCdevkit...: 90% ━━━━━━━━━━╸─ 36301/40189 416.1files/s 48.4s<9.3s
[KUnzipping C:\Users\dxu1\Desktop\Dissertation\PTQ\datasets\VOC\images\VOCtrainval_11-May-2012.zip to C:\Users\dxu1\Desktop\Dissertation\PTQ\datasets\VOC\images\VOCdevkit...: 90% ━━━━━━━━━━╸─ 36346/40189 423.5files/s 48.5s<9.1s
[KUnzipping C:\Users\dxu1\Desktop\Dissertation\PTQ\datasets\VOC\images\VOCtrainval_11-May-2012.zip to C:\Users\dxu1\Desktop\Dissertation\PTQ\datasets\VOC\images\VOCdevkit...: 90% ━━━━━━━━━━╸─ 36389/40189 423.8files/s 48.6s<9.0s
[KUnzipping C:\Users\dxu1\Desktop\Dissertation\PTQ\datasets\VOC\images\VOCtrainval_11-May-2012.zip to C:\Users\dxu1\Desktop\Dissertation\PTQ\datasets\VOC\images\VOCdevkit...: 90% ━━━━━━━━━━╸─ 36431/40189 420.0files/s 48.7s<8.9s
[KUnzipping C:\Users\dxu1\Desktop\Dissertation\PTQ\datasets\VOC\images\VOCtrainval_11-May-2012.zip to C:\Users\dxu1\Desktop\Dissertation\PTQ\datasets\VOC\images\VOCdevkit...: 90% ━━━━━━━━━━╸─ 36461/40189 382.5files/s 48.8s<9.7s
[KUnzipping C:\Users\dxu1\Desktop\Dissertation\PTQ\datasets\VOC\images\VOCtrainval_11-May-2012.zip to C:\Users\dxu1\Desktop\Dissertation\PTQ\datasets\VOC\images\VOCdevkit...: 90% ━━━━━━━━━━╸─ 36501/40189 387.5files/s 48.9s<9.5s
[KUnzipping C:\Users\dxu1\Desktop\Dissertation\PTQ\datasets\VOC\images\VOCtrainval_11-May-2012.zip to C:\Users\dxu1\Desktop\Dissertation\PTQ\datasets\VOC\images\VOCdevkit...: 90% ━━━━━━━━━━╸─ 36541/40189 390.8files/s 49.0s<9.3s
[KUnzipping C:\Users\dxu1\Desktop\Dissertation\PTQ\datasets\VOC\images\VOCtrainval_11-May-2012.zip to C:\Users\dxu1\Desktop\Dissertation\PTQ\datasets\VOC\images\VOCdevkit...: 91% ━━━━━━━━━━╸─ 36582/40189 394.2files/s 49.1s<9.2s
[KUnzipping C:\Users\dxu1\Desktop\Dissertation\PTQ\datasets\VOC\images\VOCtrainval_11-May-2012.zip to C:\Users\dxu1\Desktop\Dissertation\PTQ\datasets\VOC\images\VOCdevkit...: 91% ━━━━━━━━━━╸─ 36623/40189 397.1files/s 49.2s<9.0s
[KUnzipping C:\Users\dxu1\Desktop\Dissertation\PTQ\datasets\VOC\images\VOCtrainval_11-May-2012.zip to C:\Users\dxu1\Desktop\Dissertation\PTQ\datasets\VOC\images\VOCdevkit...: 91% ━━━━━━━━━━╸─ 36663/40189 396.6files/s 49.3s<8.9s
[KUnzipping C:\Users\dxu1\Desktop\Dissertation\PTQ\datasets\VOC\images\VOCtrainval_11-May-2012.zip to C:\Users\dxu1\Desktop\Dissertation\PTQ\datasets\VOC\images\VOCdevkit...: 91% ━━━━━━━━━━╸─ 36703/40189 396.6files/s 49.4s<8.8s
[KUnzipping C:\Users\dxu1\Desktop\Dissertation\PTQ\datasets\VOC\images\VOCtrainval_11-May-2012.zip to C:\Users\dxu1\Desktop\Dissertation\PTQ\datasets\VOC\images\VOCdevkit...: 91% ━━━━━━━━━━╸─ 36746/40189 404.5files/s 49.5s<8.5s
[KUnzipping C:\Users\dxu1\Desktop\Dissertation\PTQ\datasets\VOC\images\VOCtrainval_11-May-2012.zip to C:\Users\dxu1\Desktop\Dissertation\PTQ\datasets\VOC\images\VOCdevkit...: 91% ━━━━━━━━━━╸─ 36789/40189 410.3files/s 49.6s<8.3s
[KUnzipping C:\Users\dxu1\Desktop\Dissertation\PTQ\datasets\VOC\images\VOCtrainval_11-May-2012.zip to C:\Users\dxu1\Desktop\Dissertation\PTQ\datasets\VOC\images\VOCdevkit...: 91% ━━━━━━━━━━╸─ 36818/40189 374.2files/s 49.7s<9.0s
[KUnzipping C:\Users\dxu1\Desktop\Dissertation\PTQ\datasets\VOC\images\VOCtrainval_11-May-2012.zip to C:\Users\dxu1\Desktop\Dissertation\PTQ\datasets\VOC\images\VOCdevkit...: 91% ━━━━━━━━━━━─ 36855/40189 372.1files/s 49.8s<9.0s
[KUnzipping C:\Users\dxu1\Desktop\Dissertation\PTQ\datasets\VOC\images\VOCtrainval_11-May-2012.zip to C:\Users\dxu1\Desktop\Dissertation\PTQ\datasets\VOC\images\VOCdevkit...: 91% ━━━━━━━━━━━─ 36891/40189 368.2files/s 49.9s<9.0s
[KUnzipping C:\Users\dxu1\Desktop\Dissertation\PTQ\datasets\VOC\images\VOCtrainval_11-May-2012.zip to C:\Users\dxu1\Desktop\Dissertation\PTQ\datasets\VOC\images\VOCdevkit...: 91% ━━━━━━━━━━━─ 36930/40189 371.5files/s 50.0s<8.8s
[KUnzipping C:\Users\dxu1\Desktop\Dissertation\PTQ\datasets\VOC\images\VOCtrainval_11-May-2012.zip to C:\Users\dxu1\Desktop\Dissertation\PTQ\datasets\VOC\images\VOCdevkit...: 92% ━━━━━━━━━━━─ 36975/40189 392.4files/s 50.1s<8.2s
[KUnzipping C:\Users\dxu1\Desktop\Dissertation\PTQ\datasets\VOC\images\VOCtrainval_11-May-2012.zip to C:\Users\dxu1\Desktop\Dissertation\PTQ\datasets\VOC\images\VOCdevkit...: 92% ━━━━━━━━━━━─ 37020/40189 407.1files/s 50.2s<7.8s
[KUnzipping C:\Users\dxu1\Desktop\Dissertation\PTQ\datasets\VOC\images\VOCtrainval_11-May-2012.zip to C:\Users\dxu1\Desktop\Dissertation\PTQ\datasets\VOC\images\VOCdevkit...: 92% ━━━━━━━━━━━─ 37064/40189 415.1files/s 50.3s<7.5s
[KUnzipping C:\Users\dxu1\Desktop\Dissertation\PTQ\datasets\VOC\images\VOCtrainval_11-May-2012.zip to C:\Users\dxu1\Desktop\Dissertation\PTQ\datasets\VOC\images\VOCdevkit...: 92% ━━━━━━━━━━━─ 37103/40189 407.4files/s 50.4s<7.6s
[KUnzipping C:\Users\dxu1\Desktop\Dissertation\PTQ\datasets\VOC\images\VOCtrainval_11-May-2012.zip to C:\Users\dxu1\Desktop\Dissertation\PTQ\datasets\VOC\images\VOCdevkit...: 92% ━━━━━━━━━━━─ 37142/40189 400.0files/s 50.5s<7.6s
[KUnzipping C:\Users\dxu1\Desktop\Dissertation\PTQ\datasets\VOC\images\VOCtrainval_11-May-2012.zip to C:\Users\dxu1\Desktop\Dissertation\PTQ\datasets\VOC\images\VOCdevkit...: 92% ━━━━━━━━━━━─ 37183/40189 400.4files/s 50.6s<7.5s
[KUnzipping C:\Users\dxu1\Desktop\Dissertation\PTQ\datasets\VOC\images\VOCtrainval_11-May-2012.zip to C:\Users\dxu1\Desktop\Dissertation\PTQ\datasets\VOC\images\VOCdevkit...: 92% ━━━━━━━━━━━─ 37225/40189 404.6files/s 50.7s<7.3s
[KUnzipping C:\Users\dxu1\Desktop\Dissertation\PTQ\datasets\VOC\images\VOCtrainval_11-May-2012.zip to C:\Users\dxu1\Desktop\Dissertation\PTQ\datasets\VOC\images\VOCdevkit...: 92% ━━━━━━━━━━━─ 37267/40189 409.0files/s 50.8s<7.1s
[KUnzipping C:\Users\dxu1\Desktop\Dissertation\PTQ\datasets\VOC\images\VOCtrainval_11-May-2012.zip to C:\Users\dxu1\Desktop\Dissertation\PTQ\datasets\VOC\images\VOCdevkit...: 92% ━━━━━━━━━━━─ 37311/40189 418.3files/s 50.9s<6.9s
[KUnzipping C:\Users\dxu1\Desktop\Dissertation\PTQ\datasets\VOC\images\VOCtrainval_11-May-2012.zip to C:\Users\dxu1\Desktop\Dissertation\PTQ\datasets\VOC\images\VOCdevkit...: 92% ━━━━━━━━━━━─ 37353/40189 418.6files/s 51.0s<6.8s
[KUnzipping C:\Users\dxu1\Desktop\Dissertation\PTQ\datasets\VOC\images\VOCtrainval_11-May-2012.zip to C:\Users\dxu1\Desktop\Dissertation\PTQ\datasets\VOC\images\VOCdevkit...: 93% ━━━━━━━━━━━─ 37393/40189 412.2files/s 51.1s<6.8s
[KUnzipping C:\Users\dxu1\Desktop\Dissertation\PTQ\datasets\VOC\images\VOCtrainval_11-May-2012.zip to C:\Users\dxu1\Desktop\Dissertation\PTQ\datasets\VOC\images\VOCdevkit...: 93% ━━━━━━━━━━━─ 37433/40189 407.3files/s 51.2s<6.8s
[KUnzipping C:\Users\dxu1\Desktop\Dissertation\PTQ\datasets\VOC\images\VOCtrainval_11-May-2012.zip to C:\Users\dxu1\Desktop\Dissertation\PTQ\datasets\VOC\images\VOCdevkit...: 93% ━━━━━━━━━━━─ 37466/40189 383.1files/s 51.3s<7.1s
[KUnzipping C:\Users\dxu1\Desktop\Dissertation\PTQ\datasets\VOC\images\VOCtrainval_11-May-2012.zip to C:\Users\dxu1\Desktop\Dissertation\PTQ\datasets\VOC\images\VOCdevkit...: 93% ━━━━━━━━━━━─ 37504/40189 381.8files/s 51.4s<7.0s
[KUnzipping C:\Users\dxu1\Desktop\Dissertation\PTQ\datasets\VOC\images\VOCtrainval_11-May-2012.zip to C:\Users\dxu1\Desktop\Dissertation\PTQ\datasets\VOC\images\VOCdevkit...: 93% ━━━━━━━━━━━─ 37546/40189 393.0files/s 51.5s<6.7s
[KUnzipping C:\Users\dxu1\Desktop\Dissertation\PTQ\datasets\VOC\images\VOCtrainval_11-May-2012.zip to C:\Users\dxu1\Desktop\Dissertation\PTQ\datasets\VOC\images\VOCdevkit...: 93% ━━━━━━━━━━━─ 37587/40189 395.8files/s 51.6s<6.6s
[KUnzipping C:\Users\dxu1\Desktop\Dissertation\PTQ\datasets\VOC\images\VOCtrainval_11-May-2012.zip to C:\Users\dxu1\Desktop\Dissertation\PTQ\datasets\VOC\images\VOCdevkit...: 93% ━━━━━━━━━━━─ 37629/40189 401.2files/s 51.7s<6.4s
[KUnzipping C:\Users\dxu1\Desktop\Dissertation\PTQ\datasets\VOC\images\VOCtrainval_11-May-2012.zip to C:\Users\dxu1\Desktop\Dissertation\PTQ\datasets\VOC\images\VOCdevkit...: 93% ━━━━━━━━━━━─ 37670/40189 402.2files/s 51.8s<6.3s
[KUnzipping C:\Users\dxu1\Desktop\Dissertation\PTQ\datasets\VOC\images\VOCtrainval_11-May-2012.zip to C:\Users\dxu1\Desktop\Dissertation\PTQ\datasets\VOC\images\VOCdevkit...: 93% ━━━━━━━━━━━─ 37709/40189 396.4files/s 51.9s<6.3s
[KUnzipping C:\Users\dxu1\Desktop\Dissertation\PTQ\datasets\VOC\images\VOCtrainval_11-May-2012.zip to C:\Users\dxu1\Desktop\Dissertation\PTQ\datasets\VOC\images\VOCdevkit...: 93% ━━━━━━━━━━━─ 37751/40189 402.3files/s 52.0s<6.1s
[KUnzipping C:\Users\dxu1\Desktop\Dissertation\PTQ\datasets\VOC\images\VOCtrainval_11-May-2012.zip to C:\Users\dxu1\Desktop\Dissertation\PTQ\datasets\VOC\images\VOCdevkit...: 94% ━━━━━━━━━━━─ 37794/40189 409.5files/s 52.1s<5.8s
[KUnzipping C:\Users\dxu1\Desktop\Dissertation\PTQ\datasets\VOC\images\VOCtrainval_11-May-2012.zip to C:\Users\dxu1\Desktop\Dissertation\PTQ\datasets\VOC\images\VOCdevkit...: 94% ━━━━━━━━━━━─ 37838/40189 415.4files/s 52.2s<5.7s
[KUnzipping C:\Users\dxu1\Desktop\Dissertation\PTQ\datasets\VOC\images\VOCtrainval_11-May-2012.zip to C:\Users\dxu1\Desktop\Dissertation\PTQ\datasets\VOC\images\VOCdevkit...: 94% ━━━━━━━━━━━─ 37879/40189 397.7files/s 52.4s<5.8s
[KUnzipping C:\Users\dxu1\Desktop\Dissertation\PTQ\datasets\VOC\images\VOCtrainval_11-May-2012.zip to C:\Users\dxu1\Desktop\Dissertation\PTQ\datasets\VOC\images\VOCdevkit...: 94% ━━━━━━━━━━━─ 37915/40189 385.4files/s 52.5s<5.9s
[KUnzipping C:\Users\dxu1\Desktop\Dissertation\PTQ\datasets\VOC\images\VOCtrainval_11-May-2012.zip to C:\Users\dxu1\Desktop\Dissertation\PTQ\datasets\VOC\images\VOCdevkit...: 94% ━━━━━━━━━━━─ 37954/40189 386.0files/s 52.6s<5.8s
[KUnzipping C:\Users\dxu1\Desktop\Dissertation\PTQ\datasets\VOC\images\VOCtrainval_11-May-2012.zip to C:\Users\dxu1\Desktop\Dissertation\PTQ\datasets\VOC\images\VOCdevkit...: 94% ━━━━━━━━━━━─ 37994/40189 389.1files/s 52.7s<5.6s
[KUnzipping C:\Users\dxu1\Desktop\Dissertation\PTQ\datasets\VOC\images\VOCtrainval_11-May-2012.zip to C:\Users\dxu1\Desktop\Dissertation\PTQ\datasets\VOC\images\VOCdevkit...: 94% ━━━━━━━━━━━─ 38034/40189 391.2files/s 52.8s<5.5s
[KUnzipping C:\Users\dxu1\Desktop\Dissertation\PTQ\datasets\VOC\images\VOCtrainval_11-May-2012.zip to C:\Users\dxu1\Desktop\Dissertation\PTQ\datasets\VOC\images\VOCdevkit...: 94% ━━━━━━━━━━━─ 38075/40189 395.6files/s 52.9s<5.3s
[KUnzipping C:\Users\dxu1\Desktop\Dissertation\PTQ\datasets\VOC\images\VOCtrainval_11-May-2012.zip to C:\Users\dxu1\Desktop\Dissertation\PTQ\datasets\VOC\images\VOCdevkit...: 94% ━━━━━━━━━━━─ 38116/40189 397.4files/s 53.0s<5.2s
[KUnzipping C:\Users\dxu1\Desktop\Dissertation\PTQ\datasets\VOC\images\VOCtrainval_11-May-2012.zip to C:\Users\dxu1\Desktop\Dissertation\PTQ\datasets\VOC\images\VOCdevkit...: 94% ━━━━━━━━━━━─ 38158/40189 401.2files/s 53.1s<5.1s
[KUnzipping C:\Users\dxu1\Desktop\Dissertation\PTQ\datasets\VOC\images\VOCtrainval_11-May-2012.zip to C:\Users\dxu1\Desktop\Dissertation\PTQ\datasets\VOC\images\VOCdevkit...: 95% ━━━━━━━━━━━─ 38201/40189 409.8files/s 53.2s<4.9s
[KUnzipping C:\Users\dxu1\Desktop\Dissertation\PTQ\datasets\VOC\images\VOCtrainval_11-May-2012.zip to C:\Users\dxu1\Desktop\Dissertation\PTQ\datasets\VOC\images\VOCdevkit...: 95% ━━━━━━━━━━━─ 38242/40189 406.6files/s 53.3s<4.8s
[KUnzipping C:\Users\dxu1\Desktop\Dissertation\PTQ\datasets\VOC\images\VOCtrainval_11-May-2012.zip to C:\Users\dxu1\Desktop\Dissertation\PTQ\datasets\VOC\images\VOCdevkit...: 95% ━━━━━━━━━━━─ 38278/40189 391.8files/s 53.4s<4.9s
[KUnzipping C:\Users\dxu1\Desktop\Dissertation\PTQ\datasets\VOC\images\VOCtrainval_11-May-2012.zip to C:\Users\dxu1\Desktop\Dissertation\PTQ\datasets\VOC\images\VOCdevkit...: 95% ━━━━━━━━━━━─ 38313/40189 378.6files/s 53.5s<5.0s
[KUnzipping C:\Users\dxu1\Desktop\Dissertation\PTQ\datasets\VOC\images\VOCtrainval_11-May-2012.zip to C:\Users\dxu1\Desktop\Dissertation\PTQ\datasets\VOC\images\VOCdevkit...: 95% ━━━━━━━━━━━─ 38343/40189 353.4files/s 53.6s<5.2s
[KUnzipping C:\Users\dxu1\Desktop\Dissertation\PTQ\datasets\VOC\images\VOCtrainval_11-May-2012.zip to C:\Users\dxu1\Desktop\Dissertation\PTQ\datasets\VOC\images\VOCdevkit...: 95% ━━━━━━━━━━━─ 38385/40189 371.1files/s 53.7s<4.9s
[KUnzipping C:\Users\dxu1\Desktop\Dissertation\PTQ\datasets\VOC\images\VOCtrainval_11-May-2012.zip to C:\Users\dxu1\Desktop\Dissertation\PTQ\datasets\VOC\images\VOCdevkit...: 95% ━━━━━━━━━━━─ 38423/40189 372.0files/s 53.8s<4.7s
[KUnzipping C:\Users\dxu1\Desktop\Dissertation\PTQ\datasets\VOC\images\VOCtrainval_11-May-2012.zip to C:\Users\dxu1\Desktop\Dissertation\PTQ\datasets\VOC\images\VOCdevkit...: 95% ━━━━━━━━━━━─ 38465/40189 384.4files/s 53.9s<4.5s
[KUnzipping C:\Users\dxu1\Desktop\Dissertation\PTQ\datasets\VOC\images\VOCtrainval_11-May-2012.zip to C:\Users\dxu1\Desktop\Dissertation\PTQ\datasets\VOC\images\VOCdevkit...: 95% ━━━━━━━━━━━─ 38504/40189 384.6files/s 54.0s<4.4s
[KUnzipping C:\Users\dxu1\Desktop\Dissertation\PTQ\datasets\VOC\images\VOCtrainval_11-May-2012.zip to C:\Users\dxu1\Desktop\Dissertation\PTQ\datasets\VOC\images\VOCdevkit...: 95% ━━━━━━━━━━━╸ 38546/40189 392.5files/s 54.1s<4.2s
[KUnzipping C:\Users\dxu1\Desktop\Dissertation\PTQ\datasets\VOC\images\VOCtrainval_11-May-2012.zip to C:\Users\dxu1\Desktop\Dissertation\PTQ\datasets\VOC\images\VOCdevkit...: 96% ━━━━━━━━━━━╸ 38589/40189 402.0files/s 54.2s<4.0s
[KUnzipping C:\Users\dxu1\Desktop\Dissertation\PTQ\datasets\VOC\images\VOCtrainval_11-May-2012.zip to C:\Users\dxu1\Desktop\Dissertation\PTQ\datasets\VOC\images\VOCdevkit...: 96% ━━━━━━━━━━━╸ 38634/40189 413.9files/s 54.3s<3.8s
[KUnzipping C:\Users\dxu1\Desktop\Dissertation\PTQ\datasets\VOC\images\VOCtrainval_11-May-2012.zip to C:\Users\dxu1\Desktop\Dissertation\PTQ\datasets\VOC\images\VOCdevkit...: 96% ━━━━━━━━━━━╸ 38679/40189 422.9files/s 54.4s<3.6s
[KUnzipping C:\Users\dxu1\Desktop\Dissertation\PTQ\datasets\VOC\images\VOCtrainval_11-May-2012.zip to C:\Users\dxu1\Desktop\Dissertation\PTQ\datasets\VOC\images\VOCdevkit...: 96% ━━━━━━━━━━━╸ 38720/40189 416.9files/s 54.5s<3.5s
[KUnzipping C:\Users\dxu1\Desktop\Dissertation\PTQ\datasets\VOC\images\VOCtrainval_11-May-2012.zip to C:\Users\dxu1\Desktop\Dissertation\PTQ\datasets\VOC\images\VOCdevkit...: 96% ━━━━━━━━━━━╸ 38762/40189 415.7files/s 54.6s<3.4s
[KUnzipping C:\Users\dxu1\Desktop\Dissertation\PTQ\datasets\VOC\images\VOCtrainval_11-May-2012.zip to C:\Users\dxu1\Desktop\Dissertation\PTQ\datasets\VOC\images\VOCdevkit...: 96% ━━━━━━━━━━━╸ 38803/40189 413.0files/s 54.7s<3.4s
[KUnzipping C:\Users\dxu1\Desktop\Dissertation\PTQ\datasets\VOC\images\VOCtrainval_11-May-2012.zip to C:\Users\dxu1\Desktop\Dissertation\PTQ\datasets\VOC\images\VOCdevkit...: 96% ━━━━━━━━━━━╸ 38834/40189 370.9files/s 54.8s<3.7s
[KUnzipping C:\Users\dxu1\Desktop\Dissertation\PTQ\datasets\VOC\images\VOCtrainval_11-May-2012.zip to C:\Users\dxu1\Desktop\Dissertation\PTQ\datasets\VOC\images\VOCdevkit...: 96% ━━━━━━━━━━━╸ 38871/40189 369.2files/s 54.9s<3.6s
[KUnzipping C:\Users\dxu1\Desktop\Dissertation\PTQ\datasets\VOC\images\VOCtrainval_11-May-2012.zip to C:\Users\dxu1\Desktop\Dissertation\PTQ\datasets\VOC\images\VOCdevkit...: 96% ━━━━━━━━━━━╸ 38913/40189 382.8files/s 55.0s<3.3s
[KUnzipping C:\Users\dxu1\Desktop\Dissertation\PTQ\datasets\VOC\images\VOCtrainval_11-May-2012.zip to C:\Users\dxu1\Desktop\Dissertation\PTQ\datasets\VOC\images\VOCdevkit...: 96% ━━━━━━━━━━━╸ 38957/40189 398.3files/s 55.1s<3.1s
[KUnzipping C:\Users\dxu1\Desktop\Dissertation\PTQ\datasets\VOC\images\VOCtrainval_11-May-2012.zip to C:\Users\dxu1\Desktop\Dissertation\PTQ\datasets\VOC\images\VOCdevkit...: 97% ━━━━━━━━━━━╸ 38995/40189 392.7files/s 55.2s<3.0s
[KUnzipping C:\Users\dxu1\Desktop\Dissertation\PTQ\datasets\VOC\images\VOCtrainval_11-May-2012.zip to C:\Users\dxu1\Desktop\Dissertation\PTQ\datasets\VOC\images\VOCdevkit...: 97% ━━━━━━━━━━━╸ 39036/40189 397.4files/s 55.3s<2.9s
[KUnzipping C:\Users\dxu1\Desktop\Dissertation\PTQ\datasets\VOC\images\VOCtrainval_11-May-2012.zip to C:\Users\dxu1\Desktop\Dissertation\PTQ\datasets\VOC\images\VOCdevkit...: 97% ━━━━━━━━━━━╸ 39067/40189 370.2files/s 55.4s<3.0s
[KUnzipping C:\Users\dxu1\Desktop\Dissertation\PTQ\datasets\VOC\images\VOCtrainval_11-May-2012.zip to C:\Users\dxu1\Desktop\Dissertation\PTQ\datasets\VOC\images\VOCdevkit...: 97% ━━━━━━━━━━━╸ 39087/40189 318.9files/s 55.5s<3.5s
[KUnzipping C:\Users\dxu1\Desktop\Dissertation\PTQ\datasets\VOC\images\VOCtrainval_11-May-2012.zip to C:\Users\dxu1\Desktop\Dissertation\PTQ\datasets\VOC\images\VOCdevkit...: 97% ━━━━━━━━━━━╸ 39123/40189 329.6files/s 55.6s<3.2s
[KUnzipping C:\Users\dxu1\Desktop\Dissertation\PTQ\datasets\VOC\images\VOCtrainval_11-May-2012.zip to C:\Users\dxu1\Desktop\Dissertation\PTQ\datasets\VOC\images\VOCdevkit...: 97% ━━━━━━━━━━━╸ 39157/40189 329.5files/s 55.7s<3.1s
[KUnzipping C:\Users\dxu1\Desktop\Dissertation\PTQ\datasets\VOC\images\VOCtrainval_11-May-2012.zip to C:\Users\dxu1\Desktop\Dissertation\PTQ\datasets\VOC\images\VOCdevkit...: 97% ━━━━━━━━━━━╸ 39195/40189 343.1files/s 55.8s<2.9s
[KUnzipping C:\Users\dxu1\Desktop\Dissertation\PTQ\datasets\VOC\images\VOCtrainval_11-May-2012.zip to C:\Users\dxu1\Desktop\Dissertation\PTQ\datasets\VOC\images\VOCdevkit...: 97% ━━━━━━━━━━━╸ 39232/40189 350.1files/s 55.9s<2.7s
[KUnzipping C:\Users\dxu1\Desktop\Dissertation\PTQ\datasets\VOC\images\VOCtrainval_11-May-2012.zip to C:\Users\dxu1\Desktop\Dissertation\PTQ\datasets\VOC\images\VOCdevkit...: 97% ━━━━━━━━━━━╸ 39267/40189 349.3files/s 56.0s<2.6s
[KUnzipping C:\Users\dxu1\Desktop\Dissertation\PTQ\datasets\VOC\images\VOCtrainval_11-May-2012.zip to C:\Users\dxu1\Desktop\Dissertation\PTQ\datasets\VOC\images\VOCdevkit...: 97% ━━━━━━━━━━━╸ 39302/40189 349.5files/s 56.1s<2.5s
[KUnzipping C:\Users\dxu1\Desktop\Dissertation\PTQ\datasets\VOC\images\VOCtrainval_11-May-2012.zip to C:\Users\dxu1\Desktop\Dissertation\PTQ\datasets\VOC\images\VOCdevkit...: 97% ━━━━━━━━━━━╸ 39339/40189 352.5files/s 56.2s<2.4s
[KUnzipping C:\Users\dxu1\Desktop\Dissertation\PTQ\datasets\VOC\images\VOCtrainval_11-May-2012.zip to C:\Users\dxu1\Desktop\Dissertation\PTQ\datasets\VOC\images\VOCdevkit...: 97% ━━━━━━━━━━━╸ 39377/40189 357.0files/s 56.3s<2.3s
[KUnzipping C:\Users\dxu1\Desktop\Dissertation\PTQ\datasets\VOC\images\VOCtrainval_11-May-2012.zip to C:\Users\dxu1\Desktop\Dissertation\PTQ\datasets\VOC\images\VOCdevkit...: 98% ━━━━━━━━━━━╸ 39414/40189 359.5files/s 56.4s<2.2s
[KUnzipping C:\Users\dxu1\Desktop\Dissertation\PTQ\datasets\VOC\images\VOCtrainval_11-May-2012.zip to C:\Users\dxu1\Desktop\Dissertation\PTQ\datasets\VOC\images\VOCdevkit...: 98% ━━━━━━━━━━━╸ 39453/40189 367.5files/s 56.5s<2.0s
[KUnzipping C:\Users\dxu1\Desktop\Dissertation\PTQ\datasets\VOC\images\VOCtrainval_11-May-2012.zip to C:\Users\dxu1\Desktop\Dissertation\PTQ\datasets\VOC\images\VOCdevkit...: 98% ━━━━━━━━━━━╸ 39491/40189 369.9files/s 56.6s<1.9s
[KUnzipping C:\Users\dxu1\Desktop\Dissertation\PTQ\datasets\VOC\images\VOCtrainval_11-May-2012.zip to C:\Users\dxu1\Desktop\Dissertation\PTQ\datasets\VOC\images\VOCdevkit...: 98% ━━━━━━━━━━━╸ 39524/40189 356.9files/s 56.7s<1.9s
[KUnzipping C:\Users\dxu1\Desktop\Dissertation\PTQ\datasets\VOC\images\VOCtrainval_11-May-2012.zip to C:\Users\dxu1\Desktop\Dissertation\PTQ\datasets\VOC\images\VOCdevkit...: 98% ━━━━━━━━━━━╸ 39556/40189 343.5files/s 56.8s<1.8s
[KUnzipping C:\Users\dxu1\Desktop\Dissertation\PTQ\datasets\VOC\images\VOCtrainval_11-May-2012.zip to C:\Users\dxu1\Desktop\Dissertation\PTQ\datasets\VOC\images\VOCdevkit...: 98% ━━━━━━━━━━━╸ 39587/40189 330.4files/s 56.9s<1.8s
[KUnzipping C:\Users\dxu1\Desktop\Dissertation\PTQ\datasets\VOC\images\VOCtrainval_11-May-2012.zip to C:\Users\dxu1\Desktop\Dissertation\PTQ\datasets\VOC\images\VOCdevkit...: 98% ━━━━━━━━━━━╸ 39626/40189 345.9files/s 57.0s<1.6s
[KUnzipping C:\Users\dxu1\Desktop\Dissertation\PTQ\datasets\VOC\images\VOCtrainval_11-May-2012.zip to C:\Users\dxu1\Desktop\Dissertation\PTQ\datasets\VOC\images\VOCdevkit...: 98% ━━━━━━━━━━━╸ 39664/40189 355.5files/s 57.1s<1.5s
[KUnzipping C:\Users\dxu1\Desktop\Dissertation\PTQ\datasets\VOC\images\VOCtrainval_11-May-2012.zip to C:\Users\dxu1\Desktop\Dissertation\PTQ\datasets\VOC\images\VOCdevkit...: 98% ━━━━━━━━━━━╸ 39706/40189 374.1files/s 57.2s<1.3s
[KUnzipping C:\Users\dxu1\Desktop\Dissertation\PTQ\datasets\VOC\images\VOCtrainval_11-May-2012.zip to C:\Users\dxu1\Desktop\Dissertation\PTQ\datasets\VOC\images\VOCdevkit...: 98% ━━━━━━━━━━━╸ 39748/40189 387.7files/s 57.3s<1.1s
[KUnzipping C:\Users\dxu1\Desktop\Dissertation\PTQ\datasets\VOC\images\VOCtrainval_11-May-2012.zip to C:\Users\dxu1\Desktop\Dissertation\PTQ\datasets\VOC\images\VOCdevkit...: 98% ━━━━━━━━━━━╸ 39780/40189 366.0files/s 57.4s<1.1s
[KUnzipping C:\Users\dxu1\Desktop\Dissertation\PTQ\datasets\VOC\images\VOCtrainval_11-May-2012.zip to C:\Users\dxu1\Desktop\Dissertation\PTQ\datasets\VOC\images\VOCdevkit...: 99% ━━━━━━━━━━━╸ 39817/40189 366.3files/s 57.5s<1.0s
[KUnzipping C:\Users\dxu1\Desktop\Dissertation\PTQ\datasets\VOC\images\VOCtrainval_11-May-2012.zip to C:\Users\dxu1\Desktop\Dissertation\PTQ\datasets\VOC\images\VOCdevkit...: 99% ━━━━━━━━━━━╸ 39844/40189 336.4files/s 57.6s<1.0s
[KUnzipping C:\Users\dxu1\Desktop\Dissertation\PTQ\datasets\VOC\images\VOCtrainval_11-May-2012.zip to C:\Users\dxu1\Desktop\Dissertation\PTQ\datasets\VOC\images\VOCdevkit...: 99% ━━━━━━━━━━━╸ 39883/40189 350.9files/s 57.7s<0.9s
[KUnzipping C:\Users\dxu1\Desktop\Dissertation\PTQ\datasets\VOC\images\VOCtrainval_11-May-2012.zip to C:\Users\dxu1\Desktop\Dissertation\PTQ\datasets\VOC\images\VOCdevkit...: 99% ━━━━━━━━━━━╸ 39928/40189 378.8files/s 57.8s<0.7s
[KUnzipping C:\Users\dxu1\Desktop\Dissertation\PTQ\datasets\VOC\images\VOCtrainval_11-May-2012.zip to C:\Users\dxu1\Desktop\Dissertation\PTQ\datasets\VOC\images\VOCdevkit...: 99% ━━━━━━━━━━━╸ 39968/40189 383.7files/s 57.9s<0.6s
[KUnzipping C:\Users\dxu1\Desktop\Dissertation\PTQ\datasets\VOC\images\VOCtrainval_11-May-2012.zip to C:\Users\dxu1\Desktop\Dissertation\PTQ\datasets\VOC\images\VOCdevkit...: 99% ━━━━━━━━━━━╸ 40006/40189 381.5files/s 58.0s<0.5s
[KUnzipping C:\Users\dxu1\Desktop\Dissertation\PTQ\datasets\VOC\images\VOCtrainval_11-May-2012.zip to C:\Users\dxu1\Desktop\Dissertation\PTQ\datasets\VOC\images\VOCdevkit...: 99% ━━━━━━━━━━━╸ 40044/40189 380.9files/s 58.1s<0.4s
[KUnzipping C:\Users\dxu1\Desktop\Dissertation\PTQ\datasets\VOC\images\VOCtrainval_11-May-2012.zip to C:\Users\dxu1\Desktop\Dissertation\PTQ\datasets\VOC\images\VOCdevkit...: 99% ━━━━━━━━━━━╸ 40085/40189 389.2files/s 58.2s<0.3s
[KUnzipping C:\Users\dxu1\Desktop\Dissertation\PTQ\datasets\VOC\images\VOCtrainval_11-May-2012.zip to C:\Users\dxu1\Desktop\Dissertation\PTQ\datasets\VOC\images\VOCdevkit...: 99% ━━━━━━━━━━━╸ 40127/40189 396.2files/s 58.3s<0.2s
[KUnzipping C:\Users\dxu1\Desktop\Dissertation\PTQ\datasets\VOC\images\VOCtrainval_11-May-2012.zip to C:\Users\dxu1\Desktop\Dissertation\PTQ\datasets\VOC\images\VOCdevkit...: 99% ━━━━━━━━━━━╸ 40171/40189 409.0files/s 58.4s<0.0s
[KUnzipping C:\Users\dxu1\Desktop\Dissertation\PTQ\datasets\VOC\images\VOCtrainval_11-May-2012.zip to C:\Users\dxu1\Desktop\Dissertation\PTQ\datasets\VOC\images\VOCdevkit...: 100% ━━━━━━━━━━━━ 40189/40189 687.2files/s 58.5s

[Ktrain2012: 0% ──────────── 11/5717 31.3it/s 0.1s<3:02
[Ktrain2012: 0% ──────────── 21/5717 51.5it/s 0.2s<1:51
[Ktrain2012: 0% ──────────── 31/5717 63.6it/s 0.3s<1:29
[Ktrain2012: 0% ──────────── 40/5717 70.7it/s 0.4s<1:20
[Ktrain2012: 0% ──────────── 49/5717 75.9it/s 0.5s<1:15
[Ktrain2012: 1% ──────────── 59/5717 82.3it/s 0.6s<1:09
[Ktrain2012: 1% ──────────── 68/5717 83.9it/s 0.7s<1:07
[Ktrain2012: 1% ──────────── 77/5717 83.6it/s 0.8s<1:07
[Ktrain2012: 1% ──────────── 86/5717 84.5it/s 0.9s<1:07
[Ktrain2012: 1% ──────────── 95/5717 84.3it/s 1.0s<1:07
[Ktrain2012: 1% ──────────── 105/5717 87.1it/s 1.2s<1:04
[Ktrain2012: 2% ──────────── 115/5717 89.3it/s 1.3s<1:03
[Ktrain2012: 2% ──────────── 124/5717 89.4it/s 1.4s<1:03
[Ktrain2012: 2% ──────────── 134/5717 92.1it/s 1.5s<1:01
[Ktrain2012: 2% ──────────── 145/5717 94.9it/s 1.6s<58.7s
[Ktrain2012: 2% ──────────── 155/5717 94.7it/s 1.7s<58.7s
[Ktrain2012: 2% ──────────── 165/5717 93.7it/s 1.8s<59.3s
[Ktrain2012: 3% ──────────── 175/5717 94.8it/s 1.9s<58.5s
[Ktrain2012: 3% ──────────── 184/5717 91.2it/s 2.0s<1:01
[Ktrain2012: 3% ──────────── 192/5717 86.9it/s 2.1s<1:04
[Ktrain2012: 3% ──────────── 201/5717 87.4it/s 2.2s<1:03
[Ktrain2012: 3% ──────────── 211/5717 88.4it/s 2.3s<1:02
[Ktrain2012: 3% ──────────── 221/5717 90.0it/s 2.4s<1:01
[Ktrain2012: 4% ──────────── 230/5717 89.6it/s 2.5s<1:01
[Ktrain2012: 4% ╸─────────── 239/5717 88.4it/s 2.6s<1:02
[Ktrain2012: 4% ╸─────────── 248/5717 87.5it/s 2.7s<1:03
[Ktrain2012: 4% ╸─────────── 257/5717 85.5it/s 2.8s<1:04
[Ktrain2012: 4% ╸─────────── 266/5717 86.4it/s 2.9s<1:03
[Ktrain2012: 4% ╸─────────── 276/5717 89.8it/s 3.0s<1:01
[Ktrain2012: 5% ╸─────────── 286/5717 91.4it/s 3.2s<59.4s
[Ktrain2012: 5% ╸─────────── 296/5717 92.0it/s 3.3s<58.9s
[Ktrain2012: 5% ╸─────────── 307/5717 94.0it/s 3.4s<57.5s
[Ktrain2012: 5% ╸─────────── 317/5717 94.9it/s 3.5s<56.9s
[Ktrain2012: 5% ╸─────────── 327/5717 95.4it/s 3.6s<56.5s
[Ktrain2012: 5% ╸─────────── 337/5717 93.4it/s 3.7s<57.6s
[Ktrain2012: 6% ╸─────────── 347/5717 92.4it/s 3.8s<58.1s
[Ktrain2012: 6% ╸─────────── 358/5717 94.8it/s 3.9s<56.5s
[Ktrain2012: 6% ╸─────────── 368/5717 94.9it/s 4.0s<56.4s
[Ktrain2012: 6% ╸─────────── 377/5717 92.4it/s 4.1s<57.8s
[Ktrain2012: 6% ╸─────────── 387/5717 91.4it/s 4.2s<58.3s
[Ktrain2012: 6% ╸─────────── 397/5717 91.8it/s 4.3s<58.0s
[Ktrain2012: 7% ╸─────────── 406/5717 89.8it/s 4.4s<59.1s
[Ktrain2012: 7% ╸─────────── 416/5717 91.0it/s 4.6s<58.3s
[Ktrain2012: 7% ╸─────────── 426/5717 91.7it/s 4.7s<57.7s
[Ktrain2012: 7% ╸─────────── 436/5717 91.6it/s 4.8s<57.6s
[Ktrain2012: 7% ╸─────────── 444/5717 87.5it/s 4.9s<1:00
[Ktrain2012: 7% ╸─────────── 454/5717 88.4it/s 5.0s<59.5s
[Ktrain2012: 8% ╸─────────── 463/5717 86.7it/s 5.1s<1:01
[Ktrain2012: 8% ╸─────────── 473/5717 88.4it/s 5.2s<59.3s
[Ktrain2012: 8% ━─────────── 484/5717 92.2it/s 5.3s<56.7s
[Ktrain2012: 8% ━─────────── 494/5717 92.4it/s 5.4s<56.5s
[Ktrain2012: 8% ━─────────── 503/5717 89.3it/s 5.5s<58.4s
[Ktrain2012: 8% ━─────────── 512/5717 89.3it/s 5.6s<58.3s
[Ktrain2012: 9% ━─────────── 522/5717 91.0it/s 5.7s<57.1s
[Ktrain2012: 9% ━─────────── 532/5717 90.6it/s 5.8s<57.2s
[Ktrain2012: 9% ━─────────── 542/5717 92.7it/s 5.9s<55.8s
[Ktrain2012: 9% ━─────────── 551/5717 90.8it/s 6.0s<56.9s
[Ktrain2012: 9% ━─────────── 560/5717 89.4it/s 6.2s<57.7s
[Ktrain2012: 9% ━─────────── 570/5717 91.7it/s 6.3s<56.1s
[Ktrain2012: 10% ━─────────── 578/5717 87.6it/s 6.4s<58.7s
[Ktrain2012: 10% ━─────────── 587/5717 87.5it/s 6.5s<58.6s
[Ktrain2012: 10% ━─────────── 596/5717 88.2it/s 6.6s<58.1s
[Ktrain2012: 10% ━─────────── 607/5717 92.2it/s 6.7s<55.4s
[Ktrain2012: 10% ━─────────── 617/5717 92.1it/s 6.8s<55.4s
[Ktrain2012: 10% ━─────────── 626/5717 89.8it/s 6.9s<56.7s
[Ktrain2012: 11% ━─────────── 633/5717 82.9it/s 7.0s<1:01
[Ktrain2012: 11% ━─────────── 644/5717 88.0it/s 7.1s<57.7s
[Ktrain2012: 11% ━─────────── 653/5717 88.2it/s 7.2s<57.4s
[Ktrain2012: 11% ━─────────── 662/5717 87.9it/s 7.3s<57.5s
[Ktrain2012: 11% ━─────────── 671/5717 87.4it/s 7.4s<57.8s
[Ktrain2012: 11% ━─────────── 681/5717 89.6it/s 7.5s<56.2s
[Ktrain2012: 12% ━─────────── 691/5717 90.3it/s 7.6s<55.7s
[Ktrain2012: 12% ━─────────── 701/5717 90.1it/s 7.7s<55.7s
[Ktrain2012: 12% ━─────────── 711/5717 92.5it/s 7.8s<54.1s
[Ktrain2012: 12% ━╸────────── 721/5717 92.0it/s 7.9s<54.3s
[Ktrain2012: 12% ━╸────────── 730/5717 90.0it/s 8.1s<55.4s
[Ktrain2012: 12% ━╸────────── 738/5717 86.5it/s 8.2s<57.5s
[Ktrain2012: 13% ━╸────────── 745/5717 81.1it/s 8.3s<1:01
[Ktrain2012: 13% ━╸────────── 756/5717 87.1it/s 8.4s<57.0s
[Ktrain2012: 13% ━╸────────── 763/5717 80.1it/s 8.5s<1:02
[Ktrain2012: 13% ━╸────────── 772/5717 79.8it/s 8.6s<1:02
[Ktrain2012: 13% ━╸────────── 780/5717 79.8it/s 8.7s<1:02
[Ktrain2012: 13% ━╸────────── 790/5717 85.4it/s 8.8s<57.7s
[Ktrain2012: 13% ━╸────────── 798/5717 83.5it/s 8.9s<58.9s
[Ktrain2012: 14% ━╸────────── 807/5717 84.9it/s 9.0s<57.8s
[Ktrain2012: 14% ━╸────────── 816/5717 85.0it/s 9.1s<57.7s
[Ktrain2012: 14% ━╸────────── 825/5717 85.7it/s 9.2s<57.1s
[Ktrain2012: 14% ━╸────────── 836/5717 89.5it/s 9.3s<54.5s
[Ktrain2012: 14% ━╸────────── 847/5717 93.1it/s 9.4s<52.3s
[Ktrain2012: 15% ━╸────────── 858/5717 95.9it/s 9.5s<50.7s
[Ktrain2012: 15% ━╸────────── 869/5717 97.8it/s 9.6s<49.6s
[Ktrain2012: 15% ━╸────────── 880/5717 99.6it/s 9.7s<48.6s
[Ktrain2012: 15% ━╸────────── 889/5717 95.0it/s 9.9s<50.8s
[Ktrain2012: 15% ━╸────────── 899/5717 95.4it/s 10.0s<50.5s
[Ktrain2012: 15% ━╸────────── 910/5717 97.8it/s 10.1s<49.1s
[Ktrain2012: 16% ━╸────────── 920/5717 98.2it/s 10.2s<48.8s
[Ktrain2012: 16% ━╸────────── 930/5717 96.6it/s 10.3s<49.6s
[Ktrain2012: 16% ━╸────────── 939/5717 92.9it/s 10.4s<51.4s
[Ktrain2012: 16% ━╸────────── 949/5717 92.5it/s 10.5s<51.5s
[Ktrain2012: 16% ━━────────── 959/5717 94.0it/s 10.6s<50.6s
[Ktrain2012: 16% ━━────────── 968/5717 92.2it/s 10.7s<51.5s
[Ktrain2012: 17% ━━────────── 979/5717 94.6it/s 10.8s<50.1s
[Ktrain2012: 17% ━━────────── 989/5717 95.1it/s 10.9s<49.7s
[Ktrain2012: 17% ━━────────── 999/5717 95.7it/s 11.0s<49.3s
[Ktrain2012: 17% ━━────────── 1009/5717 94.0it/s 11.1s<50.1s
[Ktrain2012: 17% ━━────────── 1019/5717 95.7it/s 11.2s<49.1s
[Ktrain2012: 18% ━━────────── 1030/5717 97.0it/s 11.3s<48.3s
[Ktrain2012: 18% ━━────────── 1040/5717 97.4it/s 11.4s<48.0s
[Ktrain2012: 18% ━━────────── 1049/5717 87.3it/s 11.6s<53.5s
[Ktrain2012: 18% ━━────────── 1056/5717 80.3it/s 11.7s<58.0s
[Ktrain2012: 18% ━━────────── 1067/5717 87.8it/s 11.8s<53.0s
[Ktrain2012: 18% ━━────────── 1076/5717 87.1it/s 11.9s<53.3s
[Ktrain2012: 18% ━━────────── 1086/5717 89.3it/s 12.0s<51.9s
[Ktrain2012: 19% ━━────────── 1092/5717 79.3it/s 12.1s<58.3s
[Ktrain2012: 19% ━━────────── 1102/5717 83.4it/s 12.2s<55.3s
[Ktrain2012: 19% ━━────────── 1111/5717 84.5it/s 12.3s<54.5s
[Ktrain2012: 19% ━━────────── 1120/5717 84.5it/s 12.4s<54.4s
[Ktrain2012: 19% ━━────────── 1130/5717 86.4it/s 12.5s<53.1s
[Ktrain2012: 19% ━━────────── 1140/5717 89.7it/s 12.6s<51.0s
[Ktrain2012: 20% ━━────────── 1149/5717 87.8it/s 12.7s<52.0s
[Ktrain2012: 20% ━━────────── 1157/5717 84.8it/s 12.8s<53.8s
[Ktrain2012: 20% ━━────────── 1166/5717 84.2it/s 13.0s<54.1s
[Ktrain2012: 20% ━━────────── 1176/5717 86.7it/s 13.1s<52.4s
[Ktrain2012: 20% ━━────────── 1185/5717 87.7it/s 13.2s<51.7s
[Ktrain2012: 20% ━━╸───────── 1194/5717 87.7it/s 13.3s<51.6s
[Ktrain2012: 21% ━━╸───────── 1203/5717 86.8it/s 13.4s<52.0s
[Ktrain2012: 21% ━━╸───────── 1213/5717 90.4it/s 13.5s<49.8s
[Ktrain2012: 21% ━━╸───────── 1222/5717 88.9it/s 13.6s<50.6s
[Ktrain2012: 21% ━━╸───────── 1231/5717 86.4it/s 13.7s<51.9s
[Ktrain2012: 21% ━━╸───────── 1241/5717 89.6it/s 13.8s<50.0s
[Ktrain2012: 21% ━━╸───────── 1251/5717 91.2it/s 13.9s<49.0s
[Ktrain2012: 22% ━━╸───────── 1261/5717 92.1it/s 14.0s<48.4s
[Ktrain2012: 22% ━━╸───────── 1271/5717 92.8it/s 14.1s<47.9s
[Ktrain2012: 22% ━━╸───────── 1280/5717 89.8it/s 14.2s<49.4s
[Ktrain2012: 22% ━━╸───────── 1290/5717 90.4it/s 14.3s<49.0s
[Ktrain2012: 22% ━━╸───────── 1300/5717 91.5it/s 14.4s<48.3s
[Ktrain2012: 22% ━━╸───────── 1309/5717 90.2it/s 14.5s<48.9s
[Ktrain2012: 23% ━━╸───────── 1318/5717 88.5it/s 14.6s<49.7s
[Ktrain2012: 23% ━━╸───────── 1327/5717 88.2it/s 14.7s<49.8s
[Ktrain2012: 23% ━━╸───────── 1336/5717 87.9it/s 14.8s<49.9s
[Ktrain2012: 23% ━━╸───────── 1345/5717 87.9it/s 15.0s<49.8s
[Ktrain2012: 23% ━━╸───────── 1353/5717 84.5it/s 15.1s<51.6s
[Ktrain2012: 23% ━━╸───────── 1363/5717 86.1it/s 15.2s<50.6s
[Ktrain2012: 23% ━━╸───────── 1372/5717 85.8it/s 15.3s<50.6s
[Ktrain2012: 24% ━━╸───────── 1382/5717 88.5it/s 15.4s<49.0s
[Ktrain2012: 24% ━━╸───────── 1392/5717 91.3it/s 15.5s<47.4s
[Ktrain2012: 24% ━━╸───────── 1402/5717 92.5it/s 15.6s<46.6s
[Ktrain2012: 24% ━━╸───────── 1411/5717 90.8it/s 15.7s<47.4s
[Ktrain2012: 24% ━━╸───────── 1421/5717 91.0it/s 15.8s<47.2s
[Ktrain2012: 25% ━━━───────── 1430/5717 89.0it/s 15.9s<48.2s
[Ktrain2012: 25% ━━━───────── 1441/5717 93.0it/s 16.0s<46.0s
[Ktrain2012: 25% ━━━───────── 1451/5717 94.4it/s 16.1s<45.2s
[Ktrain2012: 25% ━━━───────── 1460/5717 91.2it/s 16.2s<46.7s
[Ktrain2012: 25% ━━━───────── 1469/5717 88.1it/s 16.3s<48.2s
[Ktrain2012: 25% ━━━───────── 1479/5717 90.5it/s 16.4s<46.8s
[Ktrain2012: 26% ━━━───────── 1489/5717 92.9it/s 16.5s<45.5s
[Ktrain2012: 26% ━━━───────── 1500/5717 92.7it/s 16.7s<45.5s
[Ktrain2012: 26% ━━━───────── 1509/5717 91.8it/s 16.8s<45.8s
[Ktrain2012: 26% ━━━───────── 1518/5717 88.9it/s 16.9s<47.3s
[Ktrain2012: 26% ━━━───────── 1527/5717 88.2it/s 17.0s<47.5s
[Ktrain2012: 26% ━━━───────── 1536/5717 87.8it/s 17.1s<47.6s
[Ktrain2012: 27% ━━━───────── 1545/5717 87.2it/s 17.2s<47.8s
[Ktrain2012: 27% ━━━───────── 1556/5717 90.6it/s 17.3s<45.9s
[Ktrain2012: 27% ━━━───────── 1564/5717 86.7it/s 17.4s<47.9s
[Ktrain2012: 27% ━━━───────── 1573/5717 87.3it/s 17.5s<47.5s
[Ktrain2012: 27% ━━━───────── 1583/5717 89.9it/s 17.6s<46.0s
[Ktrain2012: 27% ━━━───────── 1593/5717 92.8it/s 17.7s<44.4s
[Ktrain2012: 28% ━━━───────── 1603/5717 92.4it/s 17.8s<44.5s
[Ktrain2012: 28% ━━━───────── 1612/5717 89.9it/s 17.9s<45.7s
[Ktrain2012: 28% ━━━───────── 1622/5717 92.3it/s 18.0s<44.4s
[Ktrain2012: 28% ━━━───────── 1631/5717 90.5it/s 18.1s<45.2s
[Ktrain2012: 28% ━━━───────── 1640/5717 87.9it/s 18.2s<46.4s
[Ktrain2012: 28% ━━━───────── 1648/5717 84.4it/s 18.3s<48.2s
[Ktrain2012: 28% ━━━───────── 1657/5717 83.9it/s 18.4s<48.4s
[Ktrain2012: 29% ━━━╸──────── 1668/5717 89.7it/s 18.6s<45.1s
[Ktrain2012: 29% ━━━╸──────── 1678/5717 91.0it/s 18.7s<44.4s
[Ktrain2012: 29% ━━━╸──────── 1687/5717 88.7it/s 18.8s<45.4s
[Ktrain2012: 29% ━━━╸──────── 1697/5717 88.9it/s 18.9s<45.2s
[Ktrain2012: 29% ━━━╸──────── 1705/5717 86.2it/s 19.0s<46.5s
[Ktrain2012: 29% ━━━╸──────── 1715/5717 88.2it/s 19.1s<45.4s
[Ktrain2012: 30% ━━━╸──────── 1724/5717 88.0it/s 19.2s<45.4s
[Ktrain2012: 30% ━━━╸──────── 1733/5717 86.6it/s 19.3s<46.0s
[Ktrain2012: 30% ━━━╸──────── 1743/5717 89.3it/s 19.4s<44.5s
[Ktrain2012: 30% ━━━╸──────── 1753/5717 90.0it/s 19.5s<44.1s
[Ktrain2012: 30% ━━━╸──────── 1762/5717 89.0it/s 19.6s<44.4s
[Ktrain2012: 30% ━━━╸──────── 1771/5717 87.2it/s 19.7s<45.2s
[Ktrain2012: 31% ━━━╸──────── 1780/5717 85.9it/s 19.8s<45.9s
[Ktrain2012: 31% ━━━╸──────── 1789/5717 86.8it/s 19.9s<45.2s
[Ktrain2012: 31% ━━━╸──────── 1797/5717 84.7it/s 20.0s<46.3s
[Ktrain2012: 31% ━━━╸──────── 1806/5717 85.6it/s 20.1s<45.7s
[Ktrain2012: 31% ━━━╸──────── 1815/5717 86.7it/s 20.2s<45.0s
[Ktrain2012: 31% ━━━╸──────── 1824/5717 87.3it/s 20.3s<44.6s
[Ktrain2012: 32% ━━━╸──────── 1834/5717 89.2it/s 20.4s<43.5s
[Ktrain2012: 32% ━━━╸──────── 1843/5717 88.4it/s 20.6s<43.8s
[Ktrain2012: 32% ━━━╸──────── 1853/5717 89.5it/s 20.7s<43.2s
[Ktrain2012: 32% ━━━╸──────── 1863/5717 92.3it/s 20.8s<41.8s
[Ktrain2012: 32% ━━━╸──────── 1873/5717 93.0it/s 20.9s<41.3s
[Ktrain2012: 32% ━━━╸──────── 1882/5717 90.9it/s 21.0s<42.2s
[Ktrain2012: 33% ━━━╸──────── 1891/5717 90.3it/s 21.1s<42.4s
[Ktrain2012: 33% ━━━╸──────── 1900/5717 87.6it/s 21.2s<43.6s
[Ktrain2012: 33% ━━━━──────── 1910/5717 89.5it/s 21.3s<42.5s
[Ktrain2012: 33% ━━━━──────── 1920/5717 90.5it/s 21.4s<42.0s
[Ktrain2012: 33% ━━━━──────── 1929/5717 90.3it/s 21.5s<41.9s
[Ktrain2012: 33% ━━━━──────── 1938/5717 89.6it/s 21.6s<42.2s
[Ktrain2012: 34% ━━━━──────── 1947/5717 89.4it/s 21.7s<42.2s
[Ktrain2012: 34% ━━━━──────── 1956/5717 89.4it/s 21.8s<42.1s
[Ktrain2012: 34% ━━━━──────── 1964/5717 86.3it/s 21.9s<43.5s
[Ktrain2012: 34% ━━━━──────── 1974/5717 89.5it/s 22.0s<41.8s
[Ktrain2012: 34% ━━━━──────── 1985/5717 91.8it/s 22.1s<40.6s
[Ktrain2012: 34% ━━━━──────── 1995/5717 93.4it/s 22.2s<39.8s
[Ktrain2012: 35% ━━━━──────── 2004/5717 92.0it/s 22.3s<40.4s
[Ktrain2012: 35% ━━━━──────── 2013/5717 89.1it/s 22.4s<41.6s
[Ktrain2012: 35% ━━━━──────── 2022/5717 86.5it/s 22.5s<42.7s
[Ktrain2012: 35% ━━━━──────── 2032/5717 89.8it/s 22.6s<41.0s
[Ktrain2012: 35% ━━━━──────── 2042/5717 90.7it/s 22.8s<40.5s
[Ktrain2012: 35% ━━━━──────── 2052/5717 92.7it/s 22.9s<39.5s
[Ktrain2012: 36% ━━━━──────── 2062/5717 94.4it/s 23.0s<38.7s
[Ktrain2012: 36% ━━━━──────── 2071/5717 92.9it/s 23.1s<39.3s
[Ktrain2012: 36% ━━━━──────── 2081/5717 93.2it/s 23.2s<39.0s
[Ktrain2012: 36% ━━━━──────── 2090/5717 91.7it/s 23.3s<39.6s
[Ktrain2012: 36% ━━━━──────── 2100/5717 91.8it/s 23.4s<39.4s
[Ktrain2012: 36% ━━━━──────── 2110/5717 92.6it/s 23.5s<38.9s
[Ktrain2012: 37% ━━━━──────── 2120/5717 93.7it/s 23.6s<38.4s
[Ktrain2012: 37% ━━━━──────── 2130/5717 95.1it/s 23.7s<37.7s
[Ktrain2012: 37% ━━━━──────── 2140/5717 93.1it/s 23.8s<38.4s
[Ktrain2012: 37% ━━━━╸─────── 2149/5717 90.9it/s 23.9s<39.2s
[Ktrain2012: 37% ━━━━╸─────── 2158/5717 90.2it/s 24.0s<39.5s
[Ktrain2012: 37% ━━━━╸─────── 2167/5717 89.3it/s 24.1s<39.7s
[Ktrain2012: 38% ━━━━╸─────── 2177/5717 92.0it/s 24.2s<38.5s
[Ktrain2012: 38% ━━━━╸─────── 2188/5717 95.3it/s 24.3s<37.0s
[Ktrain2012: 38% ━━━━╸─────── 2198/5717 95.5it/s 24.4s<36.9s
[Ktrain2012: 38% ━━━━╸─────── 2208/5717 95.8it/s 24.5s<36.6s
[Ktrain2012: 38% ━━━━╸─────── 2215/5717 88.0it/s 24.6s<39.8s
[Ktrain2012: 38% ━━━━╸─────── 2226/5717 92.4it/s 24.7s<37.8s
[Ktrain2012: 39% ━━━━╸─────── 2236/5717 93.5it/s 24.8s<37.2s
[Ktrain2012: 39% ━━━━╸─────── 2246/5717 93.4it/s 24.9s<37.2s
[Ktrain2012: 39% ━━━━╸─────── 2256/5717 93.3it/s 25.1s<37.1s
[Ktrain2012: 39% ━━━━╸─────── 2265/5717 91.6it/s 25.2s<37.7s
[Ktrain2012: 39% ━━━━╸─────── 2274/5717 88.7it/s 25.3s<38.8s
[Ktrain2012: 39% ━━━━╸─────── 2283/5717 86.8it/s 25.4s<39.6s
[Ktrain2012: 40% ━━━━╸─────── 2293/5717 88.1it/s 25.5s<38.9s
[Ktrain2012: 40% ━━━━╸─────── 2304/5717 92.9it/s 25.6s<36.7s
[Ktrain2012: 40% ━━━━╸─────── 2314/5717 94.7it/s 25.7s<35.9s
[Ktrain2012: 40% ━━━━╸─────── 2323/5717 91.1it/s 25.8s<37.3s
[Ktrain2012: 40% ━━━━╸─────── 2332/5717 90.2it/s 25.9s<37.5s
[Ktrain2012: 40% ━━━━╸─────── 2341/5717 89.4it/s 26.0s<37.7s
[Ktrain2012: 41% ━━━━╸─────── 2350/5717 88.3it/s 26.1s<38.1s
[Ktrain2012: 41% ━━━━╸─────── 2359/5717 88.6it/s 26.2s<37.9s
[Ktrain2012: 41% ━━━━╸─────── 2368/5717 87.0it/s 26.3s<38.5s
[Ktrain2012: 41% ━━━━╸─────── 2377/5717 87.5it/s 26.4s<38.2s
[Ktrain2012: 41% ━━━━━─────── 2387/5717 88.0it/s 26.5s<37.8s
[Ktrain2012: 41% ━━━━━─────── 2395/5717 83.8it/s 26.6s<39.6s
[Ktrain2012: 42% ━━━━━─────── 2404/5717 83.3it/s 26.8s<39.8s
[Ktrain2012: 42% ━━━━━─────── 2413/5717 84.4it/s 26.9s<39.2s
[Ktrain2012: 42% ━━━━━─────── 2422/5717 84.7it/s 27.0s<38.9s
[Ktrain2012: 42% ━━━━━─────── 2432/5717 86.2it/s 27.1s<38.1s
[Ktrain2012: 42% ━━━━━─────── 2442/5717 87.9it/s 27.2s<37.3s
[Ktrain2012: 42% ━━━━━─────── 2451/5717 87.8it/s 27.3s<37.2s
[Ktrain2012: 43% ━━━━━─────── 2460/5717 87.0it/s 27.4s<37.5s
[Ktrain2012: 43% ━━━━━─────── 2469/5717 85.5it/s 27.5s<38.0s
[Ktrain2012: 43% ━━━━━─────── 2476/5717 80.5it/s 27.6s<40.3s
[Ktrain2012: 43% ━━━━━─────── 2484/5717 79.2it/s 27.7s<40.8s
[Ktrain2012: 43% ━━━━━─────── 2494/5717 82.7it/s 27.8s<39.0s
[Ktrain2012: 43% ━━━━━─────── 2502/5717 81.3it/s 27.9s<39.6s
[Ktrain2012: 43% ━━━━━─────── 2511/5717 82.7it/s 28.0s<38.8s
[Ktrain2012: 44% ━━━━━─────── 2520/5717 81.9it/s 28.1s<39.1s
[Ktrain2012: 44% ━━━━━─────── 2529/5717 82.0it/s 28.2s<38.9s
[Ktrain2012: 44% ━━━━━─────── 2538/5717 83.2it/s 28.4s<38.2s
[Ktrain2012: 44% ━━━━━─────── 2547/5717 85.0it/s 28.5s<37.3s
[Ktrain2012: 44% ━━━━━─────── 2557/5717 88.3it/s 28.6s<35.8s
[Ktrain2012: 44% ━━━━━─────── 2567/5717 89.8it/s 28.7s<35.1s
[Ktrain2012: 45% ━━━━━─────── 2577/5717 91.2it/s 28.8s<34.4s
[Ktrain2012: 45% ━━━━━─────── 2587/5717 90.7it/s 28.9s<34.5s
[Ktrain2012: 45% ━━━━━─────── 2597/5717 91.1it/s 29.0s<34.2s
[Ktrain2012: 45% ━━━━━─────── 2607/5717 92.8it/s 29.1s<33.5s
[Ktrain2012: 45% ━━━━━─────── 2616/5717 90.1it/s 29.2s<34.4s
[Ktrain2012: 45% ━━━━━╸────── 2625/5717 87.4it/s 29.3s<35.4s
[Ktrain2012: 46% ━━━━━╸────── 2634/5717 87.0it/s 29.4s<35.4s
[Ktrain2012: 46% ━━━━━╸────── 2642/5717 84.0it/s 29.5s<36.6s
[Ktrain2012: 46% ━━━━━╸────── 2652/5717 87.5it/s 29.6s<35.0s
[Ktrain2012: 46% ━━━━━╸────── 2661/5717 87.3it/s 29.7s<35.0s
[Ktrain2012: 46% ━━━━━╸────── 2669/5717 84.0it/s 29.8s<36.3s
[Ktrain2012: 46% ━━━━━╸────── 2679/5717 85.3it/s 29.9s<35.6s
[Ktrain2012: 47% ━━━━━╸────── 2689/5717 89.2it/s 30.0s<34.0s
[Ktrain2012: 47% ━━━━━╸────── 2698/5717 89.4it/s 30.1s<33.8s
[Ktrain2012: 47% ━━━━━╸────── 2706/5717 85.8it/s 30.3s<35.1s
[Ktrain2012: 47% ━━━━━╸────── 2714/5717 82.1it/s 30.4s<36.6s
[Ktrain2012: 47% ━━━━━╸────── 2722/5717 80.3it/s 30.5s<37.3s
[Ktrain2012: 47% ━━━━━╸────── 2731/5717 82.9it/s 30.6s<36.0s
[Ktrain2012: 47% ━━━━━╸────── 2741/5717 85.5it/s 30.7s<34.8s
[Ktrain2012: 48% ━━━━━╸────── 2750/5717 84.7it/s 30.8s<35.0s
[Ktrain2012: 48% ━━━━━╸────── 2759/5717 85.5it/s 30.9s<34.6s
[Ktrain2012: 48% ━━━━━╸────── 2768/5717 85.8it/s 31.0s<34.4s
[Ktrain2012: 48% ━━━━━╸────── 2777/5717 84.3it/s 31.1s<34.9s
[Ktrain2012: 48% ━━━━━╸────── 2787/5717 87.9it/s 31.2s<33.3s
[Ktrain2012: 48% ━━━━━╸────── 2797/5717 89.3it/s 31.3s<32.7s
[Ktrain2012: 49% ━━━━━╸────── 2806/5717 87.0it/s 31.4s<33.5s
[Ktrain2012: 49% ━━━━━╸────── 2814/5717 84.6it/s 31.5s<34.3s
[Ktrain2012: 49% ━━━━━╸────── 2824/5717 87.0it/s 31.6s<33.2s
[Ktrain2012: 49% ━━━━━╸────── 2833/5717 86.5it/s 31.7s<33.3s
[Ktrain2012: 49% ━━━━━╸────── 2842/5717 87.0it/s 31.8s<33.0s
[Ktrain2012: 49% ━━━━━╸────── 2851/5717 87.6it/s 31.9s<32.7s
[Ktrain2012: 50% ━━━━━━────── 2860/5717 87.6it/s 32.0s<32.6s
[Ktrain2012: 50% ━━━━━━────── 2869/5717 86.6it/s 32.2s<32.9s
[Ktrain2012: 50% ━━━━━━────── 2878/5717 87.1it/s 32.3s<32.6s
[Ktrain2012: 50% ━━━━━━────── 2886/5717 84.4it/s 32.4s<33.5s
[Ktrain2012: 50% ━━━━━━────── 2895/5717 86.0it/s 32.5s<32.8s
[Ktrain2012: 50% ━━━━━━────── 2905/5717 86.5it/s 32.6s<32.5s
[Ktrain2012: 50% ━━━━━━────── 2913/5717 83.7it/s 32.7s<33.5s
[Ktrain2012: 51% ━━━━━━────── 2921/5717 81.8it/s 32.8s<34.2s
[Ktrain2012: 51% ━━━━━━────── 2930/5717 83.1it/s 32.9s<33.6s
[Ktrain2012: 51% ━━━━━━────── 2938/5717 79.8it/s 33.0s<34.8s
[Ktrain2012: 51% ━━━━━━────── 2948/5717 82.5it/s 33.1s<33.6s
[Ktrain2012: 51% ━━━━━━────── 2957/5717 83.9it/s 33.2s<32.9s
[Ktrain2012: 51% ━━━━━━────── 2967/5717 85.7it/s 33.3s<32.1s
[Ktrain2012: 52% ━━━━━━────── 2976/5717 86.6it/s 33.4s<31.7s
[Ktrain2012: 52% ━━━━━━────── 2985/5717 85.3it/s 33.5s<32.0s
[Ktrain2012: 52% ━━━━━━────── 2994/5717 85.1it/s 33.6s<32.0s
[Ktrain2012: 52% ━━━━━━────── 3003/5717 84.7it/s 33.7s<32.0s
[Ktrain2012: 52% ━━━━━━────── 3012/5717 82.9it/s 33.9s<32.6s
[Ktrain2012: 52% ━━━━━━────── 3021/5717 84.1it/s 34.0s<32.0s
[Ktrain2012: 52% ━━━━━━────── 3030/5717 84.1it/s 34.1s<31.9s
[Ktrain2012: 53% ━━━━━━────── 3039/5717 84.5it/s 34.2s<31.7s
[Ktrain2012: 53% ━━━━━━────── 3048/5717 84.9it/s 34.3s<31.4s
[Ktrain2012: 53% ━━━━━━────── 3058/5717 87.4it/s 34.4s<30.4s
[Ktrain2012: 53% ━━━━━━────── 3068/5717 89.9it/s 34.5s<29.5s
[Ktrain2012: 53% ━━━━━━────── 3077/5717 88.6it/s 34.6s<29.8s
[Ktrain2012: 53% ━━━━━━────── 3086/5717 88.1it/s 34.7s<29.9s
[Ktrain2012: 54% ━━━━━━────── 3096/5717 89.0it/s 34.8s<29.5s
[Ktrain2012: 54% ━━━━━━╸───── 3106/5717 90.5it/s 34.9s<28.8s
[Ktrain2012: 54% ━━━━━━╸───── 3116/5717 90.9it/s 35.0s<28.6s
[Ktrain2012: 54% ━━━━━━╸───── 3125/5717 88.1it/s 35.1s<29.4s
[Ktrain2012: 54% ━━━━━━╸───── 3136/5717 93.1it/s 35.2s<27.7s
[Ktrain2012: 55% ━━━━━━╸───── 3147/5717 95.7it/s 35.3s<26.9s
[Ktrain2012: 55% ━━━━━━╸───── 3158/5717 99.9it/s 35.4s<25.6s
[Ktrain2012: 55% ━━━━━━╸───── 3171/5717 106.4it/s 35.6s<23.9s
[Ktrain2012: 55% ━━━━━━╸───── 3183/5717 109.2it/s 35.7s<23.2s
[Ktrain2012: 55% ━━━━━━╸───── 3195/5717 109.9it/s 35.8s<23.0s
[Ktrain2012: 56% ━━━━━━╸───── 3206/5717 109.0it/s 35.9s<23.0s
[Ktrain2012: 56% ━━━━━━╸───── 3218/5717 111.3it/s 36.0s<22.5s
[Ktrain2012: 56% ━━━━━━╸───── 3231/5717 115.1it/s 36.1s<21.6s
[Ktrain2012: 56% ━━━━━━╸───── 3242/5717 111.1it/s 36.2s<22.3s
[Ktrain2012: 56% ━━━━━━╸───── 3254/5717 111.3it/s 36.3s<22.1s
[Ktrain2012: 57% ━━━━━━╸───── 3265/5717 108.4it/s 36.4s<22.6s
[Ktrain2012: 57% ━━━━━━╸───── 3276/5717 108.8it/s 36.5s<22.4s
[Ktrain2012: 57% ━━━━━━╸───── 3288/5717 108.9it/s 36.6s<22.3s
[Ktrain2012: 57% ━━━━━━╸───── 3300/5717 112.0it/s 36.7s<21.6s
[Ktrain2012: 57% ━━━━━━╸───── 3312/5717 112.0it/s 36.8s<21.5s
[Ktrain2012: 58% ━━━━━━╸───── 3323/5717 109.8it/s 36.9s<21.8s
[Ktrain2012: 58% ━━━━━━━───── 3335/5717 109.1it/s 37.0s<21.8s
[Ktrain2012: 58% ━━━━━━━───── 3345/5717 106.3it/s 37.1s<22.3s
[Ktrain2012: 58% ━━━━━━━───── 3356/5717 107.4it/s 37.2s<22.0s
[Ktrain2012: 58% ━━━━━━━───── 3367/5717 107.9it/s 37.3s<21.8s
[Ktrain2012: 59% ━━━━━━━───── 3378/5717 106.8it/s 37.4s<21.9s
[Ktrain2012: 59% ━━━━━━━───── 3388/5717 104.4it/s 37.5s<22.3s
[Ktrain2012: 59% ━━━━━━━───── 3397/5717 99.0it/s 37.6s<23.4s
[Ktrain2012: 59% ━━━━━━━───── 3409/5717 105.2it/s 37.7s<21.9s
[Ktrain2012: 59% ━━━━━━━───── 3421/5717 109.1it/s 37.8s<21.0s
[Ktrain2012: 60% ━━━━━━━───── 3432/5717 108.3it/s 38.0s<21.1s
[Ktrain2012: 60% ━━━━━━━───── 3444/5717 110.9it/s 38.1s<20.5s
[Ktrain2012: 60% ━━━━━━━───── 3455/5717 109.6it/s 38.2s<20.6s
[Ktrain2012: 60% ━━━━━━━───── 3466/5717 107.1it/s 38.3s<21.0s
[Ktrain2012: 60% ━━━━━━━───── 3477/5717 106.9it/s 38.4s<21.0s
[Ktrain2012: 61% ━━━━━━━───── 3488/5717 104.9it/s 38.5s<21.2s
[Ktrain2012: 61% ━━━━━━━───── 3499/5717 104.2it/s 38.6s<21.3s
[Ktrain2012: 61% ━━━━━━━───── 3510/5717 103.8it/s 38.7s<21.3s
[Ktrain2012: 61% ━━━━━━━───── 3522/5717 106.1it/s 38.8s<20.7s
[Ktrain2012: 61% ━━━━━━━───── 3533/5717 106.2it/s 38.9s<20.6s
[Ktrain2012: 61% ━━━━━━━───── 3544/5717 104.5it/s 39.0s<20.8s
[Ktrain2012: 62% ━━━━━━━───── 3555/5717 105.0it/s 39.1s<20.6s
[Ktrain2012: 62% ━━━━━━━───── 3566/5717 105.9it/s 39.2s<20.3s
[Ktrain2012: 62% ━━━━━━━╸──── 3577/5717 106.6it/s 39.3s<20.1s
[Ktrain2012: 62% ━━━━━━━╸──── 3588/5717 106.8it/s 39.4s<19.9s
[Ktrain2012: 62% ━━━━━━━╸──── 3599/5717 106.2it/s 39.5s<20.0s
[Ktrain2012: 63% ━━━━━━━╸──── 3610/5717 106.7it/s 39.6s<19.7s
[Ktrain2012: 63% ━━━━━━━╸──── 3621/5717 105.8it/s 39.7s<19.8s
[Ktrain2012: 63% ━━━━━━━╸──── 3633/5717 109.8it/s 39.8s<19.0s
[Ktrain2012: 63% ━━━━━━━╸──── 3645/5717 110.9it/s 39.9s<18.7s
[Ktrain2012: 63% ━━━━━━━╸──── 3656/5717 108.0it/s 40.1s<19.1s
[Ktrain2012: 64% ━━━━━━━╸──── 3668/5717 110.9it/s 40.2s<18.5s
[Ktrain2012: 64% ━━━━━━━╸──── 3680/5717 110.3it/s 40.3s<18.5s
[Ktrain2012: 64% ━━━━━━━╸──── 3692/5717 111.6it/s 40.4s<18.1s
[Ktrain2012: 64% ━━━━━━━╸──── 3703/5717 109.8it/s 40.5s<18.3s
[Ktrain2012: 64% ━━━━━━━╸──── 3715/5717 110.8it/s 40.6s<18.1s
[Ktrain2012: 65% ━━━━━━━╸──── 3724/5717 103.3it/s 40.7s<19.3s
[Ktrain2012: 65% ━━━━━━━╸──── 3736/5717 105.6it/s 40.8s<18.8s
[Ktrain2012: 65% ━━━━━━━╸──── 3746/5717 103.4it/s 40.9s<19.1s
[Ktrain2012: 65% ━━━━━━━╸──── 3758/5717 105.9it/s 41.0s<18.5s
[Ktrain2012: 65% ━━━━━━━╸──── 3770/5717 109.3it/s 41.1s<17.8s
[Ktrain2012: 66% ━━━━━━━╸──── 3780/5717 103.6it/s 41.2s<18.7s
[Ktrain2012: 66% ━━━━━━━╸──── 3791/5717 104.0it/s 41.3s<18.5s
[Ktrain2012: 66% ━━━━━━━╸──── 3803/5717 106.7it/s 41.4s<17.9s
[Ktrain2012: 66% ━━━━━━━━──── 3814/5717 105.4it/s 41.5s<18.0s
[Ktrain2012: 66% ━━━━━━━━──── 3824/5717 103.1it/s 41.6s<18.4s
[Ktrain2012: 67% ━━━━━━━━──── 3834/5717 101.4it/s 41.7s<18.6s
[Ktrain2012: 67% ━━━━━━━━──── 3845/5717 101.4it/s 41.8s<18.5s
[Ktrain2012: 67% ━━━━━━━━──── 3854/5717 96.8it/s 42.0s<19.3s
[Ktrain2012: 67% ━━━━━━━━──── 3865/5717 99.9it/s 42.1s<18.5s
[Ktrain2012: 67% ━━━━━━━━──── 3877/5717 102.3it/s 42.2s<18.0s
[Ktrain2012: 68% ━━━━━━━━──── 3888/5717 103.1it/s 42.3s<17.7s
[Ktrain2012: 68% ━━━━━━━━──── 3899/5717 103.4it/s 42.4s<17.6s
[Ktrain2012: 68% ━━━━━━━━──── 3911/5717 107.2it/s 42.5s<16.8s
[Ktrain2012: 68% ━━━━━━━━──── 3922/5717 107.2it/s 42.6s<16.7s
[Ktrain2012: 68% ━━━━━━━━──── 3933/5717 106.3it/s 42.7s<16.8s
[Ktrain2012: 68% ━━━━━━━━──── 3944/5717 106.3it/s 42.8s<16.7s
[Ktrain2012: 69% ━━━━━━━━──── 3956/5717 108.7it/s 42.9s<16.2s
[Ktrain2012: 69% ━━━━━━━━──── 3964/5717 100.0it/s 43.0s<17.5s
[Ktrain2012: 69% ━━━━━━━━──── 3976/5717 104.5it/s 43.1s<16.7s
[Ktrain2012: 69% ━━━━━━━━──── 3987/5717 106.1it/s 43.2s<16.3s
[Ktrain2012: 69% ━━━━━━━━──── 3999/5717 110.2it/s 43.3s<15.6s
[Ktrain2012: 70% ━━━━━━━━──── 4011/5717 110.2it/s 43.4s<15.5s
[Ktrain2012: 70% ━━━━━━━━──── 4022/5717 108.7it/s 43.5s<15.6s
[Ktrain2012: 70% ━━━━━━━━──── 4032/5717 104.0it/s 43.6s<16.2s
[Ktrain2012: 70% ━━━━━━━━──── 4043/5717 104.3it/s 43.7s<16.0s
[Ktrain2012: 70% ━━━━━━━━╸─── 4054/5717 104.6it/s 43.8s<15.9s
[Ktrain2012: 71% ━━━━━━━━╸─── 4065/5717 105.2it/s 43.9s<15.7s
[Ktrain2012: 71% ━━━━━━━━╸─── 4075/5717 102.8it/s 44.0s<16.0s
[Ktrain2012: 71% ━━━━━━━━╸─── 4085/5717 100.7it/s 44.1s<16.2s
[Ktrain2012: 71% ━━━━━━━━╸─── 4095/5717 98.9it/s 44.2s<16.4s
[Ktrain2012: 71% ━━━━━━━━╸─── 4106/5717 100.5it/s 44.4s<16.0s
[Ktrain2012: 72% ━━━━━━━━╸─── 4117/5717 101.4it/s 44.5s<15.8s
[Ktrain2012: 72% ━━━━━━━━╸─── 4128/5717 101.8it/s 44.6s<15.6s
[Ktrain2012: 72% ━━━━━━━━╸─── 4139/5717 102.6it/s 44.7s<15.4s
[Ktrain2012: 72% ━━━━━━━━╸─── 4150/5717 103.8it/s 44.8s<15.1s
[Ktrain2012: 72% ━━━━━━━━╸─── 4161/5717 103.6it/s 44.9s<15.0s
[Ktrain2012: 72% ━━━━━━━━╸─── 4173/5717 106.2it/s 45.0s<14.5s
[Ktrain2012: 73% ━━━━━━━━╸─── 4184/5717 105.2it/s 45.1s<14.6s
[Ktrain2012: 73% ━━━━━━━━╸─── 4195/5717 104.8it/s 45.2s<14.5s
[Ktrain2012: 73% ━━━━━━━━╸─── 4207/5717 108.7it/s 45.3s<13.9s
[Ktrain2012: 73% ━━━━━━━━╸─── 4218/5717 108.3it/s 45.4s<13.8s
[Ktrain2012: 73% ━━━━━━━━╸─── 4230/5717 108.6it/s 45.5s<13.7s
[Ktrain2012: 74% ━━━━━━━━╸─── 4240/5717 104.2it/s 45.6s<14.2s
[Ktrain2012: 74% ━━━━━━━━╸─── 4251/5717 98.2it/s 45.8s<14.9s
[Ktrain2012: 74% ━━━━━━━━╸─── 4261/5717 98.2it/s 45.9s<14.8s
[Ktrain2012: 74% ━━━━━━━━╸─── 4271/5717 97.5it/s 46.0s<14.8s
[Ktrain2012: 74% ━━━━━━━━╸─── 4282/5717 100.3it/s 46.1s<14.3s
[Ktrain2012: 75% ━━━━━━━━━─── 4293/5717 101.9it/s 46.2s<14.0s
[Ktrain2012: 75% ━━━━━━━━━─── 4303/5717 100.7it/s 46.3s<14.0s
[Ktrain2012: 75% ━━━━━━━━━─── 4312/5717 95.4it/s 46.4s<14.7s
[Ktrain2012: 75% ━━━━━━━━━─── 4323/5717 97.2it/s 46.5s<14.3s
[Ktrain2012: 75% ━━━━━━━━━─── 4333/5717 97.1it/s 46.6s<14.2s
[Ktrain2012: 75% ━━━━━━━━━─── 4341/5717 91.4it/s 46.7s<15.0s
[Ktrain2012: 76% ━━━━━━━━━─── 4352/5717 94.7it/s 46.8s<14.4s
[Ktrain2012: 76% ━━━━━━━━━─── 4364/5717 99.7it/s 46.9s<13.6s
[Ktrain2012: 76% ━━━━━━━━━─── 4375/5717 99.8it/s 47.0s<13.5s
[Ktrain2012: 76% ━━━━━━━━━─── 4386/5717 101.6it/s 47.1s<13.1s
[Ktrain2012: 76% ━━━━━━━━━─── 4399/5717 108.3it/s 47.2s<12.2s
[Ktrain2012: 77% ━━━━━━━━━─── 4410/5717 106.6it/s 47.3s<12.3s
[Ktrain2012: 77% ━━━━━━━━━─── 4422/5717 108.9it/s 47.4s<11.9s
[Ktrain2012: 77% ━━━━━━━━━─── 4434/5717 111.1it/s 47.5s<11.5s
[Ktrain2012: 77% ━━━━━━━━━─── 4446/5717 111.5it/s 47.6s<11.4s
[Ktrain2012: 77% ━━━━━━━━━─── 4457/5717 109.0it/s 47.8s<11.6s
[Ktrain2012: 78% ━━━━━━━━━─── 4467/5717 106.3it/s 47.9s<11.8s
[Ktrain2012: 78% ━━━━━━━━━─── 4478/5717 107.0it/s 48.0s<11.6s
[Ktrain2012: 78% ━━━━━━━━━─── 4490/5717 108.2it/s 48.1s<11.3s
[Ktrain2012: 78% ━━━━━━━━━─── 4502/5717 110.3it/s 48.2s<11.0s
[Ktrain2012: 78% ━━━━━━━━━─── 4513/5717 107.3it/s 48.3s<11.2s
[Ktrain2012: 79% ━━━━━━━━━─── 4523/5717 104.9it/s 48.4s<11.4s
[Ktrain2012: 79% ━━━━━━━━━╸── 4532/5717 98.4it/s 48.5s<12.0s
[Ktrain2012: 79% ━━━━━━━━━╸── 4543/5717 100.7it/s 48.6s<11.7s
[Ktrain2012: 79% ━━━━━━━━━╸── 4556/5717 106.9it/s 48.7s<10.9s
[Ktrain2012: 79% ━━━━━━━━━╸── 4568/5717 110.2it/s 48.8s<10.4s
[Ktrain2012: 80% ━━━━━━━━━╸── 4581/5717 114.3it/s 48.9s<9.9s
[Ktrain2012: 80% ━━━━━━━━━╸── 4594/5717 115.3it/s 49.0s<9.7s
[Ktrain2012: 80% ━━━━━━━━━╸── 4606/5717 114.8it/s 49.1s<9.7s
[Ktrain2012: 80% ━━━━━━━━━╸── 4618/5717 116.0it/s 49.2s<9.5s
[Ktrain2012: 80% ━━━━━━━━━╸── 4629/5717 114.2it/s 49.3s<9.5s
[Ktrain2012: 81% ━━━━━━━━━╸── 4641/5717 115.8it/s 49.4s<9.3s
[Ktrain2012: 81% ━━━━━━━━━╸── 4652/5717 112.9it/s 49.5s<9.4s
[Ktrain2012: 81% ━━━━━━━━━╸── 4664/5717 112.4it/s 49.6s<9.4s
[Ktrain2012: 81% ━━━━━━━━━╸── 4675/5717 110.9it/s 49.7s<9.4s
[Ktrain2012: 81% ━━━━━━━━━╸── 4685/5717 106.3it/s 49.8s<9.7s
[Ktrain2012: 82% ━━━━━━━━━╸── 4696/5717 105.3it/s 49.9s<9.7s
[Ktrain2012: 82% ━━━━━━━━━╸── 4707/5717 104.6it/s 50.1s<9.7s
[Ktrain2012: 82% ━━━━━━━━━╸── 4718/5717 103.9it/s 50.2s<9.6s
[Ktrain2012: 82% ━━━━━━━━━╸── 4730/5717 105.9it/s 50.3s<9.3s
[Ktrain2012: 82% ━━━━━━━━━╸── 4740/5717 104.1it/s 50.4s<9.4s
[Ktrain2012: 83% ━━━━━━━━━╸── 4750/5717 102.4it/s 50.5s<9.4s
[Ktrain2012: 83% ━━━━━━━━━╸── 4761/5717 101.4it/s 50.6s<9.4s
[Ktrain2012: 83% ━━━━━━━━━━── 4769/5717 94.7it/s 50.7s<10.0s
[Ktrain2012: 83% ━━━━━━━━━━── 4779/5717 95.5it/s 50.8s<9.8s
[Ktrain2012: 83% ━━━━━━━━━━── 4790/5717 98.1it/s 50.9s<9.4s
[Ktrain2012: 83% ━━━━━━━━━━── 4801/5717 100.0it/s 51.0s<9.2s
[Ktrain2012: 84% ━━━━━━━━━━── 4811/5717 98.3it/s 51.1s<9.2s
[Ktrain2012: 84% ━━━━━━━━━━── 4822/5717 100.2it/s 51.2s<8.9s
[Ktrain2012: 84% ━━━━━━━━━━── 4833/5717 101.5it/s 51.3s<8.7s
[Ktrain2012: 84% ━━━━━━━━━━── 4844/5717 102.3it/s 51.4s<8.5s
[Ktrain2012: 84% ━━━━━━━━━━── 4855/5717 104.4it/s 51.5s<8.3s
[Ktrain2012: 85% ━━━━━━━━━━── 4867/5717 106.9it/s 51.6s<8.0s
[Ktrain2012: 85% ━━━━━━━━━━── 4878/5717 106.9it/s 51.7s<7.8s
[Ktrain2012: 85% ━━━━━━━━━━── 4891/5717 111.1it/s 51.8s<7.4s
[Ktrain2012: 85% ━━━━━━━━━━── 4902/5717 110.7it/s 51.9s<7.4s
[Ktrain2012: 85% ━━━━━━━━━━── 4914/5717 113.0it/s 52.0s<7.1s
[Ktrain2012: 86% ━━━━━━━━━━── 4925/5717 110.7it/s 52.1s<7.2s
[Ktrain2012: 86% ━━━━━━━━━━── 4936/5717 107.8it/s 52.3s<7.2s
[Ktrain2012: 86% ━━━━━━━━━━── 4947/5717 107.2it/s 52.4s<7.2s
[Ktrain2012: 86% ━━━━━━━━━━── 4960/5717 110.4it/s 52.5s<6.9s
[Ktrain2012: 86% ━━━━━━━━━━── 4970/5717 107.2it/s 52.6s<7.0s
[Ktrain2012: 87% ━━━━━━━━━━── 4981/5717 107.2it/s 52.7s<6.9s
[Ktrain2012: 87% ━━━━━━━━━━── 4992/5717 107.5it/s 52.8s<6.7s
[Ktrain2012: 87% ━━━━━━━━━━╸─ 5003/5717 106.4it/s 52.9s<6.7s
[Ktrain2012: 87% ━━━━━━━━━━╸─ 5014/5717 106.6it/s 53.0s<6.6s
[Ktrain2012: 87% ━━━━━━━━━━╸─ 5026/5717 109.8it/s 53.1s<6.3s
[Ktrain2012: 88% ━━━━━━━━━━╸─ 5039/5717 113.7it/s 53.2s<6.0s
[Ktrain2012: 88% ━━━━━━━━━━╸─ 5051/5717 115.6it/s 53.3s<5.8s
[Ktrain2012: 88% ━━━━━━━━━━╸─ 5064/5717 117.8it/s 53.4s<5.5s
[Ktrain2012: 88% ━━━━━━━━━━╸─ 5075/5717 114.0it/s 53.5s<5.6s
[Ktrain2012: 88% ━━━━━━━━━━╸─ 5086/5717 111.1it/s 53.6s<5.7s
[Ktrain2012: 89% ━━━━━━━━━━╸─ 5098/5717 112.9it/s 53.7s<5.5s
[Ktrain2012: 89% ━━━━━━━━━━╸─ 5110/5717 113.4it/s 53.8s<5.4s
[Ktrain2012: 89% ━━━━━━━━━━╸─ 5121/5717 112.2it/s 53.9s<5.3s
[Ktrain2012: 89% ━━━━━━━━━━╸─ 5133/5717 114.4it/s 54.0s<5.1s
[Ktrain2012: 90% ━━━━━━━━━━╸─ 5146/5717 116.0it/s 54.1s<4.9s
[Ktrain2012: 90% ━━━━━━━━━━╸─ 5158/5717 116.2it/s 54.2s<4.8s
[Ktrain2012: 90% ━━━━━━━━━━╸─ 5169/5717 111.8it/s 54.3s<4.9s
[Ktrain2012: 90% ━━━━━━━━━━╸─ 5180/5717 109.0it/s 54.4s<4.9s
[Ktrain2012: 90% ━━━━━━━━━━╸─ 5192/5717 111.9it/s 54.5s<4.7s
[Ktrain2012: 91% ━━━━━━━━━━╸─ 5205/5717 108.3it/s 54.7s<4.7s
[Ktrain2012: 91% ━━━━━━━━━━╸─ 5217/5717 110.5it/s 54.8s<4.5s
[Ktrain2012: 91% ━━━━━━━━━━╸─ 5228/5717 109.0it/s 54.9s<4.5s
[Ktrain2012: 91% ━━━━━━━━━━╸─ 5239/5717 106.9it/s 55.0s<4.5s
[Ktrain2012: 91% ━━━━━━━━━━━─ 5250/5717 107.3it/s 55.1s<4.4s
[Ktrain2012: 92% ━━━━━━━━━━━─ 5263/5717 111.7it/s 55.2s<4.1s
[Ktrain2012: 92% ━━━━━━━━━━━─ 5274/5717 109.9it/s 55.3s<4.0s
[Ktrain2012: 92% ━━━━━━━━━━━─ 5285/5717 107.4it/s 55.4s<4.0s
[Ktrain2012: 92% ━━━━━━━━━━━─ 5298/5717 113.1it/s 55.5s<3.7s
[Ktrain2012: 92% ━━━━━━━━━━━─ 5311/5717 115.9it/s 55.6s<3.5s
[Ktrain2012: 93% ━━━━━━━━━━━─ 5322/5717 113.8it/s 55.7s<3.5s
[Ktrain2012: 93% ━━━━━━━━━━━─ 5333/5717 111.2it/s 55.8s<3.5s
[Ktrain2012: 93% ━━━━━━━━━━━─ 5344/5717 109.1it/s 55.9s<3.4s
[Ktrain2012: 93% ━━━━━━━━━━━─ 5355/5717 107.6it/s 56.0s<3.4s
[Ktrain2012: 93% ━━━━━━━━━━━─ 5365/5717 104.2it/s 56.1s<3.4s
[Ktrain2012: 94% ━━━━━━━━━━━─ 5376/5717 105.9it/s 56.2s<3.2s
[Ktrain2012: 94% ━━━━━━━━━━━─ 5387/5717 106.5it/s 56.3s<3.1s
[Ktrain2012: 94% ━━━━━━━━━━━─ 5399/5717 110.0it/s 56.4s<2.9s
[Ktrain2012: 94% ━━━━━━━━━━━─ 5410/5717 109.0it/s 56.5s<2.8s
[Ktrain2012: 94% ━━━━━━━━━━━─ 5421/5717 106.0it/s 56.7s<2.8s
[Ktrain2012: 95% ━━━━━━━━━━━─ 5434/5717 110.9it/s 56.8s<2.6s
[Ktrain2012: 95% ━━━━━━━━━━━─ 5446/5717 111.8it/s 56.9s<2.4s
[Ktrain2012: 95% ━━━━━━━━━━━─ 5455/5717 105.0it/s 57.0s<2.5s
[Ktrain2012: 95% ━━━━━━━━━━━─ 5465/5717 103.1it/s 57.1s<2.4s
[Ktrain2012: 95% ━━━━━━━━━━━─ 5476/5717 104.9it/s 57.2s<2.3s
[Ktrain2012: 95% ━━━━━━━━━━━╸ 5485/5717 100.0it/s 57.3s<2.3s
[Ktrain2012: 96% ━━━━━━━━━━━╸ 5495/5717 98.8it/s 57.4s<2.2s
[Ktrain2012: 96% ━━━━━━━━━━━╸ 5507/5717 104.0it/s 57.5s<2.0s
[Ktrain2012: 96% ━━━━━━━━━━━╸ 5518/5717 104.4it/s 57.6s<1.9s
[Ktrain2012: 96% ━━━━━━━━━━━╸ 5530/5717 108.1it/s 57.7s<1.7s
[Ktrain2012: 96% ━━━━━━━━━━━╸ 5543/5717 113.8it/s 57.8s<1.5s
[Ktrain2012: 97% ━━━━━━━━━━━╸ 5555/5717 113.7it/s 57.9s<1.4s
[Ktrain2012: 97% ━━━━━━━━━━━╸ 5566/5717 111.8it/s 58.0s<1.4s
[Ktrain2012: 97% ━━━━━━━━━━━╸ 5579/5717 114.9it/s 58.1s<1.2s
[Ktrain2012: 97% ━━━━━━━━━━━╸ 5591/5717 115.8it/s 58.2s<1.1s
[Ktrain2012: 97% ━━━━━━━━━━━╸ 5602/5717 112.9it/s 58.3s<1.0s
[Ktrain2012: 98% ━━━━━━━━━━━╸ 5614/5717 113.3it/s 58.4s<0.9s
[Ktrain2012: 98% ━━━━━━━━━━━╸ 5626/5717 115.0it/s 58.5s<0.8s
[Ktrain2012: 98% ━━━━━━━━━━━╸ 5639/5717 117.9it/s 58.6s<0.7s
[Ktrain2012: 98% ━━━━━━━━━━━╸ 5651/5717 116.8it/s 58.7s<0.6s
[Ktrain2012: 99% ━━━━━━━━━━━╸ 5662/5717 112.6it/s 58.8s<0.5s
[Ktrain2012: 99% ━━━━━━━━━━━╸ 5674/5717 114.8it/s 58.9s<0.4s
[Ktrain2012: 99% ━━━━━━━━━━━╸ 5686/5717 114.5it/s 59.0s<0.3s
[Ktrain2012: 99% ━━━━━━━━━━━╸ 5698/5717 114.9it/s 59.1s<0.2s
[Ktrain2012: 99% ━━━━━━━━━━━╸ 5710/5717 114.8it/s 59.2s<0.1s
[Ktrain2012: 100% ━━━━━━━━━━━━ 5717/5717 96.4it/s 59.3s

[Kval2012: 0% ──────────── 12/5823 34.7it/s 0.1s<2:47
[Kval2012: 0% ──────────── 24/5823 59.1it/s 0.2s<1:38
[Kval2012: 0% ──────────── 36/5823 76.2it/s 0.3s<1:16
[Kval2012: 0% ──────────── 47/5823 85.9it/s 0.4s<1:07
[Kval2012: 1% ──────────── 59/5823 94.5it/s 0.5s<1:01
[Kval2012: 1% ──────────── 70/5823 98.2it/s 0.6s<58.6s
[Kval2012: 1% ──────────── 81/5823 101.2it/s 0.7s<56.7s
[Kval2012: 1% ──────────── 91/5823 99.4it/s 0.8s<57.7s
[Kval2012: 1% ──────────── 102/5823 101.3it/s 0.9s<56.5s
[Kval2012: 1% ──────────── 115/5823 108.7it/s 1.0s<52.5s
[Kval2012: 2% ──────────── 126/5823 108.4it/s 1.1s<52.6s
[Kval2012: 2% ──────────── 138/5823 111.3it/s 1.2s<51.1s
[Kval2012: 2% ──────────── 151/5823 114.4it/s 1.3s<49.6s
[Kval2012: 2% ──────────── 164/5823 116.0it/s 1.5s<48.8s
[Kval2012: 3% ──────────── 175/5823 113.4it/s 1.6s<49.8s
[Kval2012: 3% ──────────── 186/5823 110.8it/s 1.7s<50.9s
[Kval2012: 3% ──────────── 196/5823 105.9it/s 1.8s<53.1s
[Kval2012: 3% ──────────── 208/5823 109.3it/s 1.9s<51.4s
[Kval2012: 3% ──────────── 220/5823 111.2it/s 2.0s<50.4s
[Kval2012: 3% ──────────── 232/5823 112.4it/s 2.1s<49.7s
[Kval2012: 4% ╸─────────── 243/5823 109.9it/s 2.2s<50.8s
[Kval2012: 4% ╸─────────── 255/5823 110.3it/s 2.3s<50.5s
[Kval2012: 4% ╸─────────── 266/5823 106.7it/s 2.4s<52.1s
[Kval2012: 4% ╸─────────── 278/5823 109.8it/s 2.5s<50.5s
[Kval2012: 4% ╸─────────── 290/5823 110.8it/s 2.6s<49.9s
[Kval2012: 5% ╸─────────── 300/5823 106.0it/s 2.7s<52.1s
[Kval2012: 5% ╸─────────── 311/5823 106.3it/s 2.8s<51.8s
[Kval2012: 5% ╸─────────── 321/5823 103.4it/s 2.9s<53.2s
[Kval2012: 5% ╸─────────── 331/5823 100.9it/s 3.0s<54.4s
[Kval2012: 5% ╸─────────── 342/5823 103.3it/s 3.1s<53.1s
[Kval2012: 6% ╸─────────── 354/5823 106.7it/s 3.2s<51.3s
[Kval2012: 6% ╸─────────── 365/5823 106.0it/s 3.3s<51.5s
[Kval2012: 6% ╸─────────── 378/5823 111.5it/s 3.4s<48.8s
[Kval2012: 6% ╸─────────── 390/5823 112.3it/s 3.5s<48.4s
[Kval2012: 6% ╸─────────── 402/5823 111.5it/s 3.7s<48.6s
[Kval2012: 7% ╸─────────── 413/5823 110.5it/s 3.8s<49.0s
[Kval2012: 7% ╸─────────── 424/5823 109.1it/s 3.9s<49.5s
[Kval2012: 7% ╸─────────── 436/5823 112.2it/s 4.0s<48.0s
[Kval2012: 7% ╸─────────── 449/5823 115.3it/s 4.1s<46.6s
[Kval2012: 7% ╸─────────── 461/5823 114.1it/s 4.2s<47.0s
[Kval2012: 8% ╸─────────── 474/5823 115.9it/s 4.3s<46.1s
[Kval2012: 8% ╸─────────── 485/5823 113.6it/s 4.4s<47.0s
[Kval2012: 8% ━─────────── 498/5823 116.6it/s 4.5s<45.7s
[Kval2012: 8% ━─────────── 511/5823 118.6it/s 4.6s<44.8s
[Kval2012: 8% ━─────────── 523/5823 117.5it/s 4.7s<45.1s
[Kval2012: 9% ━─────────── 536/5823 119.6it/s 4.8s<44.2s
[Kval2012: 9% ━─────────── 549/5823 121.3it/s 4.9s<43.5s
[Kval2012: 9% ━─────────── 561/5823 120.6it/s 5.0s<43.6s
[Kval2012: 9% ━─────────── 573/5823 117.3it/s 5.1s<44.7s
[Kval2012: 10% ━─────────── 585/5823 116.5it/s 5.2s<45.0s
[Kval2012: 10% ━─────────── 598/5823 118.3it/s 5.3s<44.2s
[Kval2012: 10% ━─────────── 610/5823 117.8it/s 5.4s<44.2s
[Kval2012: 10% ━─────────── 623/5823 118.8it/s 5.5s<43.8s
[Kval2012: 10% ━─────────── 636/5823 120.5it/s 5.6s<43.0s
[Kval2012: 11% ━─────────── 647/5823 116.2it/s 5.8s<44.5s
[Kval2012: 11% ━─────────── 657/5823 111.0it/s 5.9s<46.5s
[Kval2012: 11% ━─────────── 668/5823 105.5it/s 6.0s<48.9s
[Kval2012: 11% ━─────────── 680/5823 107.0it/s 6.1s<48.1s
[Kval2012: 11% ━─────────── 693/5823 112.9it/s 6.2s<45.4s
[Kval2012: 12% ━─────────── 705/5823 113.5it/s 6.3s<45.1s
[Kval2012: 12% ━─────────── 716/5823 112.0it/s 6.4s<45.6s
[Kval2012: 12% ━─────────── 727/5823 108.7it/s 6.5s<46.9s
[Kval2012: 12% ━╸────────── 738/5823 107.4it/s 6.6s<47.4s
[Kval2012: 12% ━╸────────── 750/5823 109.5it/s 6.7s<46.3s
[Kval2012: 13% ━╸────────── 763/5823 113.9it/s 6.8s<44.4s
[Kval2012: 13% ━╸────────── 774/5823 112.5it/s 6.9s<44.9s
[Kval2012: 13% ━╸────────── 786/5823 111.5it/s 7.0s<45.2s
[Kval2012: 13% ━╸────────── 799/5823 114.7it/s 7.1s<43.8s
[Kval2012: 13% ━╸────────── 811/5823 108.5it/s 7.3s<46.2s
[Kval2012: 14% ━╸────────── 821/5823 104.8it/s 7.4s<47.7s
[Kval2012: 14% ━╸────────── 833/5823 108.8it/s 7.5s<45.9s
[Kval2012: 14% ━╸────────── 845/5823 111.2it/s 7.6s<44.8s
[Kval2012: 14% ━╸────────── 855/5823 106.0it/s 7.7s<46.9s
[Kval2012: 14% ━╸────────── 866/5823 106.6it/s 7.8s<46.5s
[Kval2012: 15% ━╸────────── 878/5823 109.5it/s 7.9s<45.2s
[Kval2012: 15% ━╸────────── 888/5823 106.4it/s 8.0s<46.4s
[Kval2012: 15% ━╸────────── 898/5823 101.7it/s 8.1s<48.4s
[Kval2012: 15% ━╸────────── 908/5823 100.3it/s 8.2s<49.0s
[Kval2012: 15% ━╸────────── 919/5823 102.0it/s 8.3s<48.1s
[Kval2012: 15% ━╸────────── 931/5823 105.4it/s 8.4s<46.4s
[Kval2012: 16% ━╸────────── 942/5823 104.8it/s 8.5s<46.6s
[Kval2012: 16% ━╸────────── 953/5823 104.4it/s 8.6s<46.7s
[Kval2012: 16% ━╸────────── 963/5823 101.6it/s 8.7s<47.9s
[Kval2012: 16% ━━────────── 972/5823 96.2it/s 8.8s<50.4s
[Kval2012: 16% ━━────────── 982/5823 96.0it/s 8.9s<50.4s
[Kval2012: 17% ━━────────── 991/5823 93.4it/s 9.0s<51.7s
[Kval2012: 17% ━━────────── 1002/5823 96.2it/s 9.1s<50.1s
[Kval2012: 17% ━━────────── 1014/5823 100.7it/s 9.2s<47.8s
[Kval2012: 17% ━━────────── 1026/5823 103.8it/s 9.4s<46.2s
[Kval2012: 17% ━━────────── 1038/5823 105.9it/s 9.5s<45.2s
[Kval2012: 17% ━━────────── 1048/5823 103.5it/s 9.6s<46.1s
[Kval2012: 18% ━━────────── 1061/5823 109.6it/s 9.7s<43.4s
[Kval2012: 18% ━━────────── 1071/5823 105.1it/s 9.8s<45.2s
[Kval2012: 18% ━━────────── 1083/5823 106.8it/s 9.9s<44.4s
[Kval2012: 18% ━━────────── 1094/5823 106.6it/s 10.0s<44.4s
[Kval2012: 19% ━━────────── 1107/5823 112.3it/s 10.1s<42.0s
[Kval2012: 19% ━━────────── 1118/5823 110.7it/s 10.2s<42.5s
[Kval2012: 19% ━━────────── 1129/5823 110.4it/s 10.3s<42.5s
[Kval2012: 19% ━━────────── 1141/5823 110.4it/s 10.4s<42.4s
[Kval2012: 19% ━━────────── 1153/5823 112.7it/s 10.5s<41.5s
[Kval2012: 20% ━━────────── 1166/5823 116.5it/s 10.6s<40.0s
[Kval2012: 20% ━━────────── 1178/5823 116.7it/s 10.7s<39.8s
[Kval2012: 20% ━━────────── 1190/5823 116.1it/s 10.8s<39.9s
[Kval2012: 20% ━━────────── 1201/5823 113.5it/s 10.9s<40.7s
[Kval2012: 20% ━━────────── 1212/5823 111.8it/s 11.0s<41.3s
[Kval2012: 21% ━━╸───────── 1223/5823 111.0it/s 11.1s<41.4s
[Kval2012: 21% ━━╸───────── 1235/5823 113.4it/s 11.2s<40.5s
[Kval2012: 21% ━━╸───────── 1246/5823 112.3it/s 11.3s<40.7s
[Kval2012: 21% ━━╸───────── 1256/5823 107.3it/s 11.4s<42.6s
[Kval2012: 21% ━━╸───────── 1265/5823 102.0it/s 11.5s<44.7s
[Kval2012: 21% ━━╸───────── 1276/5823 102.7it/s 11.6s<44.3s
[Kval2012: 22% ━━╸───────── 1288/5823 106.5it/s 11.7s<42.6s
[Kval2012: 22% ━━╸───────── 1300/5823 109.7it/s 11.8s<41.2s
[Kval2012: 22% ━━╸───────── 1311/5823 109.6it/s 11.9s<41.2s
[Kval2012: 22% ━━╸───────── 1323/5823 111.6it/s 12.0s<40.3s
[Kval2012: 22% ━━╸───────── 1334/5823 111.1it/s 12.1s<40.4s
[Kval2012: 23% ━━╸───────── 1346/5823 113.2it/s 12.2s<39.6s
[Kval2012: 23% ━━╸───────── 1356/5823 107.1it/s 12.4s<41.7s
[Kval2012: 23% ━━╸───────── 1367/5823 106.4it/s 12.5s<41.9s
[Kval2012: 23% ━━╸───────── 1379/5823 107.9it/s 12.6s<41.2s
[Kval2012: 23% ━━╸───────── 1390/5823 107.0it/s 12.7s<41.4s
[Kval2012: 24% ━━╸───────── 1401/5823 106.1it/s 12.8s<41.7s
[Kval2012: 24% ━━╸───────── 1410/5823 97.4it/s 12.9s<45.3s
[Kval2012: 24% ━━╸───────── 1419/5823 95.2it/s 13.0s<46.3s
[Kval2012: 24% ━━╸───────── 1430/5823 97.5it/s 13.1s<45.1s
[Kval2012: 24% ━━╸───────── 1440/5823 97.6it/s 13.2s<44.9s
[Kval2012: 24% ━━╸───────── 1451/5823 99.6it/s 13.3s<43.9s
[Kval2012: 25% ━━━───────── 1462/5823 101.7it/s 13.4s<42.9s
[Kval2012: 25% ━━━───────── 1474/5823 106.6it/s 13.5s<40.8s
[Kval2012: 25% ━━━───────── 1486/5823 109.5it/s 13.6s<39.6s
[Kval2012: 25% ━━━───────── 1498/5823 109.8it/s 13.7s<39.4s
[Kval2012: 25% ━━━───────── 1509/5823 108.2it/s 13.8s<39.9s
[Kval2012: 26% ━━━───────── 1519/5823 104.1it/s 13.9s<41.4s
[Kval2012: 26% ━━━───────── 1530/5823 102.6it/s 14.0s<41.8s
[Kval2012: 26% ━━━───────── 1542/5823 103.6it/s 14.2s<41.3s
[Kval2012: 26% ━━━───────── 1552/5823 100.5it/s 14.3s<42.5s
[Kval2012: 26% ━━━───────── 1563/5823 101.7it/s 14.4s<41.9s
[Kval2012: 27% ━━━───────── 1575/5823 104.1it/s 14.5s<40.8s
[Kval2012: 27% ━━━───────── 1587/5823 108.2it/s 14.6s<39.1s
[Kval2012: 27% ━━━───────── 1598/5823 108.4it/s 14.7s<39.0s
[Kval2012: 27% ━━━───────── 1609/5823 107.8it/s 14.8s<39.1s
[Kval2012: 27% ━━━───────── 1621/5823 109.7it/s 14.9s<38.3s
[Kval2012: 28% ━━━───────── 1631/5823 105.5it/s 15.0s<39.7s
[Kval2012: 28% ━━━───────── 1643/5823 107.1it/s 15.1s<39.0s
[Kval2012: 28% ━━━───────── 1655/5823 108.9it/s 15.2s<38.3s
[Kval2012: 28% ━━━───────── 1666/5823 108.2it/s 15.3s<38.4s
[Kval2012: 28% ━━━───────── 1678/5823 109.2it/s 15.4s<38.0s
[Kval2012: 29% ━━━───────── 1690/5823 112.3it/s 15.5s<36.8s
[Kval2012: 29% ━━━╸──────── 1701/5823 108.9it/s 15.6s<37.8s
[Kval2012: 29% ━━━╸──────── 1712/5823 107.4it/s 15.7s<38.3s
[Kval2012: 29% ━━━╸──────── 1723/5823 107.4it/s 15.8s<38.2s
[Kval2012: 29% ━━━╸──────── 1734/5823 106.4it/s 15.9s<38.4s
[Kval2012: 30% ━━━╸──────── 1747/5823 110.0it/s 16.1s<37.1s
[Kval2012: 30% ━━━╸──────── 1757/5823 107.0it/s 16.2s<38.0s
[Kval2012: 30% ━━━╸──────── 1771/5823 113.7it/s 16.3s<35.6s
[Kval2012: 30% ━━━╸──────── 1783/5823 113.3it/s 16.4s<35.6s
[Kval2012: 30% ━━━╸──────── 1795/5823 114.8it/s 16.5s<35.1s
[Kval2012: 31% ━━━╸──────── 1806/5823 113.3it/s 16.6s<35.5s
[Kval2012: 31% ━━━╸──────── 1818/5823 111.4it/s 16.7s<36.0s
[Kval2012: 31% ━━━╸──────── 1831/5823 114.9it/s 16.8s<34.7s
[Kval2012: 31% ━━━╸──────── 1844/5823 117.0it/s 16.9s<34.0s
[Kval2012: 31% ━━━╸──────── 1857/5823 118.7it/s 17.0s<33.4s
[Kval2012: 32% ━━━╸──────── 1867/5823 112.5it/s 17.1s<35.2s
[Kval2012: 32% ━━━╸──────── 1879/5823 111.5it/s 17.2s<35.4s
[Kval2012: 32% ━━━╸──────── 1892/5823 115.0it/s 17.3s<34.2s
[Kval2012: 32% ━━━╸──────── 1905/5823 116.7it/s 17.4s<33.6s
[Kval2012: 32% ━━━╸──────── 1918/5823 117.9it/s 17.5s<33.1s
[Kval2012: 33% ━━━╸──────── 1930/5823 117.2it/s 17.6s<33.2s
[Kval2012: 33% ━━━━──────── 1941/5823 113.5it/s 17.7s<34.2s
[Kval2012: 33% ━━━━──────── 1952/5823 110.9it/s 17.8s<34.9s
[Kval2012: 33% ━━━━──────── 1964/5823 111.3it/s 18.0s<34.7s
[Kval2012: 33% ━━━━──────── 1975/5823 110.3it/s 18.1s<34.9s
[Kval2012: 34% ━━━━──────── 1987/5823 110.6it/s 18.2s<34.7s
[Kval2012: 34% ━━━━──────── 1999/5823 111.1it/s 18.3s<34.4s
[Kval2012: 34% ━━━━──────── 2008/5823 104.2it/s 18.4s<36.6s
[Kval2012: 34% ━━━━──────── 2017/5823 98.2it/s 18.5s<38.8s
[Kval2012: 34% ━━━━──────── 2029/5823 102.3it/s 18.6s<37.1s
[Kval2012: 35% ━━━━──────── 2040/5823 103.4it/s 18.7s<36.6s
[Kval2012: 35% ━━━━──────── 2052/5823 105.8it/s 18.8s<35.6s
[Kval2012: 35% ━━━━──────── 2064/5823 108.2it/s 18.9s<34.7s
[Kval2012: 35% ━━━━──────── 2076/5823 111.1it/s 19.0s<33.7s
[Kval2012: 35% ━━━━──────── 2088/5823 112.3it/s 19.1s<33.3s
[Kval2012: 36% ━━━━──────── 2098/5823 106.6it/s 19.2s<34.9s
[Kval2012: 36% ━━━━──────── 2110/5823 110.5it/s 19.3s<33.6s
[Kval2012: 36% ━━━━──────── 2123/5823 115.8it/s 19.4s<32.0s
[Kval2012: 36% ━━━━──────── 2136/5823 117.4it/s 19.5s<31.4s
[Kval2012: 36% ━━━━──────── 2147/5823 113.3it/s 19.6s<32.4s
[Kval2012: 37% ━━━━──────── 2158/5823 111.2it/s 19.7s<33.0s
[Kval2012: 37% ━━━━──────── 2169/5823 110.4it/s 19.8s<33.1s
[Kval2012: 37% ━━━━──────── 2180/5823 108.4it/s 19.9s<33.6s
[Kval2012: 37% ━━━━╸─────── 2190/5823 105.5it/s 20.0s<34.4s
[Kval2012: 37% ━━━━╸─────── 2201/5823 105.9it/s 20.1s<34.2s
[Kval2012: 38% ━━━━╸─────── 2213/5823 107.4it/s 20.3s<33.6s
[Kval2012: 38% ━━━━╸─────── 2223/5823 104.2it/s 20.4s<34.5s
[Kval2012: 38% ━━━━╸─────── 2235/5823 105.1it/s 20.5s<34.2s
[Kval2012: 38% ━━━━╸─────── 2246/5823 103.8it/s 20.6s<34.5s
[Kval2012: 38% ━━━━╸─────── 2258/5823 106.9it/s 20.7s<33.3s
[Kval2012: 38% ━━━━╸─────── 2270/5823 108.4it/s 20.8s<32.8s
[Kval2012: 39% ━━━━╸─────── 2281/5823 106.3it/s 20.9s<33.3s
[Kval2012: 39% ━━━━╸─────── 2292/5823 105.4it/s 21.0s<33.5s
[Kval2012: 39% ━━━━╸─────── 2304/5823 109.6it/s 21.1s<32.1s
[Kval2012: 39% ━━━━╸─────── 2316/5823 110.7it/s 21.2s<31.7s
[Kval2012: 39% ━━━━╸─────── 2328/5823 113.1it/s 21.3s<30.9s
[Kval2012: 40% ━━━━╸─────── 2339/5823 110.3it/s 21.4s<31.6s
[Kval2012: 40% ━━━━╸─────── 2351/5823 111.6it/s 21.5s<31.1s
[Kval2012: 40% ━━━━╸─────── 2364/5823 114.8it/s 21.6s<30.1s
[Kval2012: 40% ━━━━╸─────── 2377/5823 118.0it/s 21.7s<29.2s
[Kval2012: 41% ━━━━╸─────── 2389/5823 118.5it/s 21.8s<29.0s
[Kval2012: 41% ━━━━╸─────── 2400/5823 115.2it/s 21.9s<29.7s
[Kval2012: 41% ━━━━╸─────── 2411/5823 112.7it/s 22.0s<30.3s
[Kval2012: 41% ━━━━╸─────── 2421/5823 108.2it/s 22.1s<31.4s
[Kval2012: 41% ━━━━━─────── 2433/5823 110.4it/s 22.2s<30.7s
[Kval2012: 42% ━━━━━─────── 2446/5823 113.7it/s 22.4s<29.7s
[Kval2012: 42% ━━━━━─────── 2459/5823 117.5it/s 22.5s<28.6s
[Kval2012: 42% ━━━━━─────── 2472/5823 118.8it/s 22.6s<28.2s
[Kval2012: 42% ━━━━━─────── 2485/5823 120.4it/s 22.7s<27.7s
[Kval2012: 42% ━━━━━─────── 2496/5823 117.2it/s 22.8s<28.4s
[Kval2012: 43% ━━━━━─────── 2507/5823 114.1it/s 22.9s<29.1s
[Kval2012: 43% ━━━━━─────── 2518/5823 112.7it/s 23.0s<29.3s
[Kval2012: 43% ━━━━━─────── 2532/5823 118.0it/s 23.1s<27.9s
[Kval2012: 43% ━━━━━─────── 2545/5823 119.6it/s 23.2s<27.4s
[Kval2012: 43% ━━━━━─────── 2556/5823 116.7it/s 23.3s<28.0s
[Kval2012: 44% ━━━━━─────── 2569/5823 118.6it/s 23.4s<27.4s
[Kval2012: 44% ━━━━━─────── 2582/5823 120.5it/s 23.5s<26.9s
[Kval2012: 44% ━━━━━─────── 2594/5823 117.7it/s 23.6s<27.4s
[Kval2012: 44% ━━━━━─────── 2605/5823 112.7it/s 23.7s<28.5s
[Kval2012: 44% ━━━━━─────── 2618/5823 116.9it/s 23.8s<27.4s
[Kval2012: 45% ━━━━━─────── 2631/5823 120.2it/s 23.9s<26.6s
[Kval2012: 45% ━━━━━─────── 2645/5823 123.5it/s 24.0s<25.7s
[Kval2012: 45% ━━━━━─────── 2657/5823 122.1it/s 24.1s<25.9s
[Kval2012: 45% ━━━━━╸────── 2669/5823 118.8it/s 24.2s<26.6s
[Kval2012: 46% ━━━━━╸────── 2681/5823 118.2it/s 24.3s<26.6s
[Kval2012: 46% ━━━━━╸────── 2694/5823 119.2it/s 24.4s<26.3s
[Kval2012: 46% ━━━━━╸────── 2706/5823 116.3it/s 24.6s<26.8s
[Kval2012: 46% ━━━━━╸────── 2716/5823 110.8it/s 24.7s<28.0s
[Kval2012: 46% ━━━━━╸────── 2728/5823 111.5it/s 24.8s<27.8s
[Kval2012: 47% ━━━━━╸────── 2739/5823 110.7it/s 24.9s<27.8s
[Kval2012: 47% ━━━━━╸────── 2751/5823 112.1it/s 25.0s<27.4s
[Kval2012: 47% ━━━━━╸────── 2763/5823 111.7it/s 25.1s<27.4s
[Kval2012: 47% ━━━━━╸────── 2774/5823 109.3it/s 25.2s<27.9s
[Kval2012: 47% ━━━━━╸────── 2784/5823 103.8it/s 25.3s<29.3s
[Kval2012: 47% ━━━━━╸────── 2794/5823 100.2it/s 25.4s<30.2s
[Kval2012: 48% ━━━━━╸────── 2804/5823 99.6it/s 25.5s<30.3s
[Kval2012: 48% ━━━━━╸────── 2814/5823 98.9it/s 25.6s<30.4s
[Kval2012: 48% ━━━━━╸────── 2826/5823 104.2it/s 25.7s<28.8s
[Kval2012: 48% ━━━━━╸────── 2836/5823 102.1it/s 25.8s<29.3s
[Kval2012: 48% ━━━━━╸────── 2848/5823 104.3it/s 25.9s<28.5s
[Kval2012: 49% ━━━━━╸────── 2859/5823 104.1it/s 26.0s<28.5s
[Kval2012: 49% ━━━━━╸────── 2869/5823 102.8it/s 26.1s<28.7s
[Kval2012: 49% ━━━━━╸────── 2880/5823 102.6it/s 26.2s<28.7s
[Kval2012: 49% ━━━━━╸────── 2890/5823 100.6it/s 26.3s<29.2s
[Kval2012: 49% ━━━━━╸────── 2901/5823 102.4it/s 26.4s<28.5s
[Kval2012: 50% ━━━━━━────── 2912/5823 103.6it/s 26.5s<28.1s
[Kval2012: 50% ━━━━━━────── 2925/5823 108.5it/s 26.7s<26.7s
[Kval2012: 50% ━━━━━━────── 2936/5823 108.4it/s 26.8s<26.6s
[Kval2012: 50% ━━━━━━────── 2948/5823 110.4it/s 26.9s<26.0s
[Kval2012: 50% ━━━━━━────── 2959/5823 108.2it/s 27.0s<26.5s
[Kval2012: 51% ━━━━━━────── 2971/5823 110.1it/s 27.1s<25.9s
[Kval2012: 51% ━━━━━━────── 2984/5823 115.7it/s 27.2s<24.5s
[Kval2012: 51% ━━━━━━────── 2997/5823 119.0it/s 27.3s<23.7s
[Kval2012: 51% ━━━━━━────── 3010/5823 120.4it/s 27.4s<23.4s
[Kval2012: 51% ━━━━━━────── 3023/5823 122.0it/s 27.5s<22.9s
[Kval2012: 52% ━━━━━━────── 3034/5823 116.8it/s 27.6s<23.9s
[Kval2012: 52% ━━━━━━────── 3047/5823 118.7it/s 27.7s<23.4s
[Kval2012: 52% ━━━━━━────── 3060/5823 119.2it/s 27.8s<23.2s
[Kval2012: 52% ━━━━━━────── 3073/5823 121.2it/s 27.9s<22.7s
[Kval2012: 52% ━━━━━━────── 3084/5823 115.8it/s 28.0s<23.7s
[Kval2012: 53% ━━━━━━────── 3094/5823 110.3it/s 28.1s<24.7s
[Kval2012: 53% ━━━━━━────── 3106/5823 110.9it/s 28.2s<24.5s
[Kval2012: 53% ━━━━━━────── 3117/5823 108.8it/s 28.3s<24.9s
[Kval2012: 53% ━━━━━━────── 3129/5823 109.2it/s 28.4s<24.7s
[Kval2012: 53% ━━━━━━────── 3141/5823 111.4it/s 28.5s<24.1s
[Kval2012: 54% ━━━━━━────── 3152/5823 109.8it/s 28.6s<24.3s
[Kval2012: 54% ━━━━━━╸───── 3164/5823 111.3it/s 28.7s<23.9s
[Kval2012: 54% ━━━━━━╸───── 3175/5823 110.7it/s 28.8s<23.9s
[Kval2012: 54% ━━━━━━╸───── 3187/5823 112.6it/s 28.9s<23.4s
[Kval2012: 54% ━━━━━━╸───── 3198/5823 111.3it/s 29.1s<23.6s
[Kval2012: 55% ━━━━━━╸───── 3210/5823 113.4it/s 29.2s<23.1s
[Kval2012: 55% ━━━━━━╸───── 3222/5823 114.2it/s 29.3s<22.8s
[Kval2012: 55% ━━━━━━╸───── 3234/5823 115.9it/s 29.4s<22.3s
[Kval2012: 55% ━━━━━━╸───── 3245/5823 112.2it/s 29.5s<23.0s
[Kval2012: 55% ━━━━━━╸───── 3256/5823 111.5it/s 29.6s<23.0s
[Kval2012: 56% ━━━━━━╸───── 3268/5823 111.3it/s 29.7s<22.9s
[Kval2012: 56% ━━━━━━╸───── 3280/5823 113.5it/s 29.8s<22.4s
[Kval2012: 56% ━━━━━━╸───── 3291/5823 111.9it/s 29.9s<22.6s
[Kval2012: 56% ━━━━━━╸───── 3302/5823 109.6it/s 30.0s<23.0s
[Kval2012: 56% ━━━━━━╸───── 3315/5823 113.0it/s 30.1s<22.2s
[Kval2012: 57% ━━━━━━╸───── 3327/5823 113.6it/s 30.2s<22.0s
[Kval2012: 57% ━━━━━━╸───── 3338/5823 110.5it/s 30.3s<22.5s
[Kval2012: 57% ━━━━━━╸───── 3349/5823 109.4it/s 30.4s<22.6s
[Kval2012: 57% ━━━━━━╸───── 3362/5823 113.3it/s 30.5s<21.7s
[Kval2012: 57% ━━━━━━╸───── 3374/5823 115.2it/s 30.6s<21.3s
[Kval2012: 58% ━━━━━━╸───── 3386/5823 115.2it/s 30.7s<21.1s
[Kval2012: 58% ━━━━━━━───── 3399/5823 119.3it/s 30.8s<20.3s
[Kval2012: 58% ━━━━━━━───── 3411/5823 119.3it/s 30.9s<20.2s
[Kval2012: 58% ━━━━━━━───── 3422/5823 115.6it/s 31.0s<20.8s
[Kval2012: 58% ━━━━━━━───── 3434/5823 116.0it/s 31.1s<20.6s
[Kval2012: 59% ━━━━━━━───── 3444/5823 111.0it/s 31.2s<21.4s
[Kval2012: 59% ━━━━━━━───── 3454/5823 107.1it/s 31.3s<22.1s
[Kval2012: 59% ━━━━━━━───── 3464/5823 103.2it/s 31.4s<22.9s
[Kval2012: 59% ━━━━━━━───── 3474/5823 101.0it/s 31.5s<23.3s
[Kval2012: 59% ━━━━━━━───── 3484/5823 99.6it/s 31.6s<23.5s
[Kval2012: 60% ━━━━━━━───── 3495/5823 102.1it/s 31.7s<22.8s
[Kval2012: 60% ━━━━━━━───── 3506/5823 104.1it/s 31.8s<22.3s
[Kval2012: 60% ━━━━━━━───── 3517/5823 103.9it/s 31.9s<22.2s
[Kval2012: 60% ━━━━━━━───── 3525/5823 96.0it/s 32.0s<23.9s
[Kval2012: 60% ━━━━━━━───── 3537/5823 101.8it/s 32.2s<22.5s
[Kval2012: 60% ━━━━━━━───── 3549/5823 106.0it/s 32.3s<21.4s
[Kval2012: 61% ━━━━━━━───── 3561/5823 107.5it/s 32.4s<21.0s
[Kval2012: 61% ━━━━━━━───── 3573/5823 108.7it/s 32.5s<20.7s
[Kval2012: 61% ━━━━━━━───── 3585/5823 110.6it/s 32.6s<20.2s
[Kval2012: 61% ━━━━━━━───── 3597/5823 111.7it/s 32.7s<19.9s
[Kval2012: 61% ━━━━━━━───── 3608/5823 108.9it/s 32.8s<20.3s
[Kval2012: 62% ━━━━━━━───── 3618/5823 105.6it/s 32.9s<20.9s
[Kval2012: 62% ━━━━━━━───── 3628/5823 103.4it/s 33.0s<21.2s
[Kval2012: 62% ━━━━━━━╸──── 3640/5823 107.0it/s 33.1s<20.4s
[Kval2012: 62% ━━━━━━━╸──── 3651/5823 106.9it/s 33.2s<20.3s
[Kval2012: 62% ━━━━━━━╸──── 3663/5823 108.9it/s 33.3s<19.8s
[Kval2012: 63% ━━━━━━━╸──── 3674/5823 109.2it/s 33.4s<19.7s
[Kval2012: 63% ━━━━━━━╸──── 3686/5823 110.6it/s 33.5s<19.3s
[Kval2012: 63% ━━━━━━━╸──── 3697/5823 107.7it/s 33.6s<19.7s
[Kval2012: 63% ━━━━━━━╸──── 3709/5823 109.2it/s 33.7s<19.4s
[Kval2012: 63% ━━━━━━━╸──── 3721/5823 111.6it/s 33.8s<18.8s
[Kval2012: 64% ━━━━━━━╸──── 3734/5823 117.0it/s 33.9s<17.9s
[Kval2012: 64% ━━━━━━━╸──── 3746/5823 115.9it/s 34.0s<17.9s
[Kval2012: 64% ━━━━━━━╸──── 3758/5823 113.7it/s 34.1s<18.2s
[Kval2012: 64% ━━━━━━━╸──── 3769/5823 111.6it/s 34.2s<18.4s
[Kval2012: 64% ━━━━━━━╸──── 3782/5823 116.5it/s 34.4s<17.5s
[Kval2012: 65% ━━━━━━━╸──── 3795/5823 118.5it/s 34.5s<17.1s
[Kval2012: 65% ━━━━━━━╸──── 3807/5823 117.0it/s 34.6s<17.2s
[Kval2012: 65% ━━━━━━━╸──── 3819/5823 115.0it/s 34.7s<17.4s
[Kval2012: 65% ━━━━━━━╸──── 3829/5823 110.1it/s 34.8s<18.1s
[Kval2012: 65% ━━━━━━━╸──── 3841/5823 111.7it/s 34.9s<17.8s
[Kval2012: 66% ━━━━━━━╸──── 3852/5823 111.1it/s 35.0s<17.7s
[Kval2012: 66% ━━━━━━━╸──── 3864/5823 113.1it/s 35.1s<17.3s
[Kval2012: 66% ━━━━━━━╸──── 3877/5823 115.6it/s 35.2s<16.8s
[Kval2012: 66% ━━━━━━━━──── 3887/5823 110.5it/s 35.3s<17.5s
[Kval2012: 66% ━━━━━━━━──── 3899/5823 111.7it/s 35.4s<17.2s
[Kval2012: 67% ━━━━━━━━──── 3912/5823 115.1it/s 35.5s<16.6s
[Kval2012: 67% ━━━━━━━━──── 3925/5823 117.0it/s 35.6s<16.2s
[Kval2012: 67% ━━━━━━━━──── 3935/5823 111.6it/s 35.7s<16.9s
[Kval2012: 67% ━━━━━━━━──── 3948/5823 115.6it/s 35.8s<16.2s
[Kval2012: 68% ━━━━━━━━──── 3960/5823 116.0it/s 35.9s<16.1s
[Kval2012: 68% ━━━━━━━━──── 3973/5823 116.5it/s 36.0s<15.9s
[Kval2012: 68% ━━━━━━━━──── 3983/5823 110.3it/s 36.1s<16.7s
[Kval2012: 68% ━━━━━━━━──── 3995/5823 111.5it/s 36.2s<16.4s
[Kval2012: 68% ━━━━━━━━──── 4006/5823 108.6it/s 36.3s<16.7s
[Kval2012: 69% ━━━━━━━━──── 4018/5823 110.3it/s 36.4s<16.4s
[Kval2012: 69% ━━━━━━━━──── 4030/5823 113.0it/s 36.5s<15.9s
[Kval2012: 69% ━━━━━━━━──── 4044/5823 118.0it/s 36.7s<15.1s
[Kval2012: 69% ━━━━━━━━──── 4056/5823 117.4it/s 36.8s<15.1s
[Kval2012: 69% ━━━━━━━━──── 4067/5823 113.5it/s 36.9s<15.5s
[Kval2012: 70% ━━━━━━━━──── 4077/5823 107.7it/s 37.0s<16.2s
[Kval2012: 70% ━━━━━━━━──── 4088/5823 108.2it/s 37.1s<16.0s
[Kval2012: 70% ━━━━━━━━──── 4098/5823 104.9it/s 37.2s<16.4s
[Kval2012: 70% ━━━━━━━━──── 4109/5823 103.7it/s 37.3s<16.5s
[Kval2012: 70% ━━━━━━━━──── 4121/5823 106.1it/s 37.4s<16.0s
[Kval2012: 70% ━━━━━━━━╸─── 4132/5823 105.6it/s 37.5s<16.0s
[Kval2012: 71% ━━━━━━━━╸─── 4141/5823 100.2it/s 37.6s<16.8s
[Kval2012: 71% ━━━━━━━━╸─── 4151/5823 99.3it/s 37.7s<16.8s
[Kval2012: 71% ━━━━━━━━╸─── 4162/5823 102.3it/s 37.8s<16.2s
[Kval2012: 71% ━━━━━━━━╸─── 4172/5823 101.3it/s 37.9s<16.3s
[Kval2012: 71% ━━━━━━━━╸─── 4183/5823 102.6it/s 38.0s<16.0s
[Kval2012: 72% ━━━━━━━━╸─── 4195/5823 106.4it/s 38.1s<15.3s
[Kval2012: 72% ━━━━━━━━╸─── 4206/5823 105.8it/s 38.2s<15.3s
[Kval2012: 72% ━━━━━━━━╸─── 4216/5823 102.6it/s 38.3s<15.7s
[Kval2012: 72% ━━━━━━━━╸─── 4227/5823 104.3it/s 38.4s<15.3s
[Kval2012: 72% ━━━━━━━━╸─── 4239/5823 106.7it/s 38.5s<14.8s
[Kval2012: 72% ━━━━━━━━╸─── 4250/5823 105.4it/s 38.6s<14.9s
[Kval2012: 73% ━━━━━━━━╸─── 4263/5823 110.6it/s 38.7s<14.1s
[Kval2012: 73% ━━━━━━━━╸─── 4276/5823 114.9it/s 38.8s<13.5s
[Kval2012: 73% ━━━━━━━━╸─── 4286/5823 108.7it/s 39.0s<14.1s
[Kval2012: 73% ━━━━━━━━╸─── 4298/5823 110.0it/s 39.1s<13.9s
[Kval2012: 73% ━━━━━━━━╸─── 4309/5823 107.8it/s 39.2s<14.0s
[Kval2012: 74% ━━━━━━━━╸─── 4321/5823 110.6it/s 39.3s<13.6s
[Kval2012: 74% ━━━━━━━━╸─── 4333/5823 111.9it/s 39.4s<13.3s
[Kval2012: 74% ━━━━━━━━╸─── 4345/5823 112.3it/s 39.5s<13.2s
[Kval2012: 74% ━━━━━━━━╸─── 4356/5823 110.0it/s 39.6s<13.3s
[Kval2012: 74% ━━━━━━━━╸─── 4367/5823 104.6it/s 39.7s<13.9s
[Kval2012: 75% ━━━━━━━━━─── 4380/5823 109.8it/s 39.8s<13.1s
[Kval2012: 75% ━━━━━━━━━─── 4392/5823 112.0it/s 39.9s<12.8s
[Kval2012: 75% ━━━━━━━━━─── 4404/5823 112.5it/s 40.0s<12.6s
[Kval2012: 75% ━━━━━━━━━─── 4416/5823 113.7it/s 40.1s<12.4s
[Kval2012: 76% ━━━━━━━━━─── 4428/5823 114.3it/s 40.2s<12.2s
[Kval2012: 76% ━━━━━━━━━─── 4439/5823 111.6it/s 40.3s<12.4s
[Kval2012: 76% ━━━━━━━━━─── 4450/5823 109.8it/s 40.4s<12.5s
[Kval2012: 76% ━━━━━━━━━─── 4462/5823 110.7it/s 40.5s<12.3s
[Kval2012: 76% ━━━━━━━━━─── 4475/5823 115.7it/s 40.6s<11.7s
[Kval2012: 77% ━━━━━━━━━─── 4486/5823 112.3it/s 40.7s<11.9s
[Kval2012: 77% ━━━━━━━━━─── 4498/5823 112.2it/s 40.9s<11.8s
[Kval2012: 77% ━━━━━━━━━─── 4510/5823 114.2it/s 41.0s<11.5s
[Kval2012: 77% ━━━━━━━━━─── 4522/5823 115.3it/s 41.1s<11.3s
[Kval2012: 77% ━━━━━━━━━─── 4533/5823 112.0it/s 41.2s<11.5s
[Kval2012: 78% ━━━━━━━━━─── 4542/5823 105.4it/s 41.3s<12.2s
[Kval2012: 78% ━━━━━━━━━─── 4552/5823 100.3it/s 41.4s<12.7s
[Kval2012: 78% ━━━━━━━━━─── 4563/5823 101.8it/s 41.5s<12.4s
[Kval2012: 78% ━━━━━━━━━─── 4573/5823 99.8it/s 41.6s<12.5s
[Kval2012: 78% ━━━━━━━━━─── 4585/5823 105.1it/s 41.7s<11.8s
[Kval2012: 78% ━━━━━━━━━─── 4596/5823 104.6it/s 41.8s<11.7s
[Kval2012: 79% ━━━━━━━━━─── 4606/5823 101.9it/s 41.9s<11.9s
[Kval2012: 79% ━━━━━━━━━╸── 4619/5823 106.9it/s 42.0s<11.3s
[Kval2012: 79% ━━━━━━━━━╸── 4631/5823 110.7it/s 42.1s<10.8s
[Kval2012: 79% ━━━━━━━━━╸── 4642/5823 107.6it/s 42.2s<11.0s
[Kval2012: 79% ━━━━━━━━━╸── 4653/5823 107.3it/s 42.3s<10.9s
[Kval2012: 80% ━━━━━━━━━╸── 4665/5823 109.8it/s 42.4s<10.5s
[Kval2012: 80% ━━━━━━━━━╸── 4678/5823 112.5it/s 42.5s<10.2s
[Kval2012: 80% ━━━━━━━━━╸── 4689/5823 110.9it/s 42.6s<10.2s
[Kval2012: 80% ━━━━━━━━━╸── 4700/5823 110.3it/s 42.7s<10.2s
[Kval2012: 80% ━━━━━━━━━╸── 4712/5823 112.8it/s 42.8s<9.9s
[Kval2012: 81% ━━━━━━━━━╸── 4723/5823 109.5it/s 42.9s<10.0s
[Kval2012: 81% ━━━━━━━━━╸── 4734/5823 109.4it/s 43.0s<10.0s
[Kval2012: 81% ━━━━━━━━━╸── 4746/5823 109.7it/s 43.2s<9.8s
[Kval2012: 81% ━━━━━━━━━╸── 4757/5823 109.5it/s 43.3s<9.7s
[Kval2012: 81% ━━━━━━━━━╸── 4768/5823 107.6it/s 43.4s<9.8s
[Kval2012: 82% ━━━━━━━━━╸── 4780/5823 108.9it/s 43.5s<9.6s
[Kval2012: 82% ━━━━━━━━━╸── 4791/5823 106.9it/s 43.6s<9.7s
[Kval2012: 82% ━━━━━━━━━╸── 4802/5823 106.2it/s 43.7s<9.6s
[Kval2012: 82% ━━━━━━━━━╸── 4812/5823 101.9it/s 43.8s<9.9s
[Kval2012: 82% ━━━━━━━━━╸── 4822/5823 101.0it/s 43.9s<9.9s
[Kval2012: 82% ━━━━━━━━━╸── 4831/5823 97.6it/s 44.0s<10.2s
[Kval2012: 83% ━━━━━━━━━╸── 4841/5823 95.6it/s 44.1s<10.3s
[Kval2012: 83% ━━━━━━━━━╸── 4851/5823 94.9it/s 44.2s<10.2s
[Kval2012: 83% ━━━━━━━━━━── 4861/5823 94.9it/s 44.3s<10.1s
[Kval2012: 83% ━━━━━━━━━━── 4872/5823 97.8it/s 44.4s<9.7s
[Kval2012: 83% ━━━━━━━━━━── 4884/5823 104.1it/s 44.5s<9.0s
[Kval2012: 84% ━━━━━━━━━━── 4896/5823 107.0it/s 44.6s<8.7s
[Kval2012: 84% ━━━━━━━━━━── 4908/5823 109.5it/s 44.7s<8.4s
[Kval2012: 84% ━━━━━━━━━━── 4919/5823 108.6it/s 44.8s<8.3s
[Kval2012: 84% ━━━━━━━━━━── 4930/5823 106.7it/s 44.9s<8.4s
[Kval2012: 84% ━━━━━━━━━━── 4941/5823 104.9it/s 45.1s<8.4s
[Kval2012: 85% ━━━━━━━━━━── 4951/5823 102.8it/s 45.2s<8.5s
[Kval2012: 85% ━━━━━━━━━━── 4963/5823 106.5it/s 45.3s<8.1s
[Kval2012: 85% ━━━━━━━━━━── 4975/5823 110.4it/s 45.4s<7.7s
[Kval2012: 85% ━━━━━━━━━━── 4987/5823 112.3it/s 45.5s<7.4s
[Kval2012: 85% ━━━━━━━━━━── 4998/5823 110.7it/s 45.6s<7.5s
[Kval2012: 86% ━━━━━━━━━━── 5008/5823 107.3it/s 45.7s<7.6s
[Kval2012: 86% ━━━━━━━━━━── 5019/5823 105.6it/s 45.8s<7.6s
[Kval2012: 86% ━━━━━━━━━━── 5031/5823 109.3it/s 45.9s<7.2s
[Kval2012: 86% ━━━━━━━━━━── 5040/5823 101.3it/s 46.0s<7.7s
[Kval2012: 86% ━━━━━━━━━━── 5051/5823 102.1it/s 46.1s<7.6s
[Kval2012: 86% ━━━━━━━━━━── 5062/5823 103.7it/s 46.2s<7.3s
[Kval2012: 87% ━━━━━━━━━━── 5073/5823 105.3it/s 46.3s<7.1s
[Kval2012: 87% ━━━━━━━━━━── 5083/5823 101.1it/s 46.4s<7.3s
[Kval2012: 87% ━━━━━━━━━━── 5093/5823 99.1it/s 46.5s<7.4s
[Kval2012: 87% ━━━━━━━━━━╸─ 5105/5823 104.8it/s 46.6s<6.8s
[Kval2012: 87% ━━━━━━━━━━╸─ 5116/5823 105.3it/s 46.7s<6.7s
[Kval2012: 88% ━━━━━━━━━━╸─ 5128/5823 108.9it/s 46.8s<6.4s
[Kval2012: 88% ━━━━━━━━━━╸─ 5140/5823 109.9it/s 46.9s<6.2s
[Kval2012: 88% ━━━━━━━━━━╸─ 5152/5823 110.2it/s 47.0s<6.1s
[Kval2012: 88% ━━━━━━━━━━╸─ 5162/5823 106.2it/s 47.1s<6.2s
[Kval2012: 88% ━━━━━━━━━━╸─ 5172/5823 102.6it/s 47.2s<6.3s
[Kval2012: 89% ━━━━━━━━━━╸─ 5183/5823 103.0it/s 47.3s<6.2s
[Kval2012: 89% ━━━━━━━━━━╸─ 5196/5823 109.4it/s 47.4s<5.7s
[Kval2012: 89% ━━━━━━━━━━╸─ 5208/5823 111.0it/s 47.6s<5.5s
[Kval2012: 89% ━━━━━━━━━━╸─ 5220/5823 113.5it/s 47.7s<5.3s
[Kval2012: 89% ━━━━━━━━━━╸─ 5230/5823 109.3it/s 47.8s<5.4s
[Kval2012: 90% ━━━━━━━━━━╸─ 5241/5823 108.1it/s 47.9s<5.4s
[Kval2012: 90% ━━━━━━━━━━╸─ 5252/5823 108.1it/s 48.0s<5.3s
[Kval2012: 90% ━━━━━━━━━━╸─ 5263/5823 107.4it/s 48.1s<5.2s
[Kval2012: 90% ━━━━━━━━━━╸─ 5272/5823 102.1it/s 48.2s<5.4s
[Kval2012: 90% ━━━━━━━━━━╸─ 5283/5823 103.3it/s 48.3s<5.2s
[Kval2012: 90% ━━━━━━━━━━╸─ 5293/5823 101.3it/s 48.4s<5.2s
[Kval2012: 91% ━━━━━━━━━━╸─ 5303/5823 96.9it/s 48.5s<5.4s
[Kval2012: 91% ━━━━━━━━━━╸─ 5313/5823 96.6it/s 48.6s<5.3s
[Kval2012: 91% ━━━━━━━━━━╸─ 5322/5823 94.2it/s 48.7s<5.3s
[Kval2012: 91% ━━━━━━━━━━╸─ 5332/5823 93.8it/s 48.8s<5.2s
[Kval2012: 91% ━━━━━━━━━━━─ 5341/5823 92.1it/s 48.9s<5.2s
[Kval2012: 91% ━━━━━━━━━━━─ 5351/5823 92.8it/s 49.0s<5.1s
[Kval2012: 92% ━━━━━━━━━━━─ 5361/5823 93.4it/s 49.1s<4.9s
[Kval2012: 92% ━━━━━━━━━━━─ 5371/5823 94.9it/s 49.2s<4.8s
[Kval2012: 92% ━━━━━━━━━━━─ 5380/5823 90.6it/s 49.3s<4.9s
[Kval2012: 92% ━━━━━━━━━━━─ 5389/5823 89.1it/s 49.4s<4.9s
[Kval2012: 92% ━━━━━━━━━━━─ 5399/5823 90.5it/s 49.5s<4.7s
[Kval2012: 92% ━━━━━━━━━━━─ 5408/5823 89.0it/s 49.6s<4.7s
[Kval2012: 93% ━━━━━━━━━━━─ 5417/5823 88.2it/s 49.8s<4.6s
[Kval2012: 93% ━━━━━━━━━━━─ 5427/5823 90.2it/s 49.9s<4.4s
[Kval2012: 93% ━━━━━━━━━━━─ 5436/5823 87.1it/s 50.0s<4.4s
[Kval2012: 93% ━━━━━━━━━━━─ 5445/5823 84.9it/s 50.1s<4.5s
[Kval2012: 93% ━━━━━━━━━━━─ 5454/5823 84.6it/s 50.2s<4.4s
[Kval2012: 93% ━━━━━━━━━━━─ 5463/5823 84.1it/s 50.3s<4.3s
[Kval2012: 93% ━━━━━━━━━━━─ 5472/5823 84.2it/s 50.4s<4.2s
[Kval2012: 94% ━━━━━━━━━━━─ 5482/5823 87.0it/s 50.5s<3.9s
[Kval2012: 94% ━━━━━━━━━━━─ 5492/5823 88.4it/s 50.6s<3.7s
[Kval2012: 94% ━━━━━━━━━━━─ 5502/5823 89.2it/s 50.7s<3.6s
[Kval2012: 94% ━━━━━━━━━━━─ 5512/5823 89.5it/s 50.8s<3.5s
[Kval2012: 94% ━━━━━━━━━━━─ 5521/5823 87.8it/s 50.9s<3.4s
[Kval2012: 94% ━━━━━━━━━━━─ 5530/5823 88.3it/s 51.0s<3.3s
[Kval2012: 95% ━━━━━━━━━━━─ 5539/5823 88.0it/s 51.2s<3.2s
[Kval2012: 95% ━━━━━━━━━━━─ 5549/5823 89.8it/s 51.3s<3.1s
[Kval2012: 95% ━━━━━━━━━━━─ 5559/5823 91.2it/s 51.4s<2.9s
[Kval2012: 95% ━━━━━━━━━━━─ 5569/5823 93.4it/s 51.5s<2.7s
[Kval2012: 95% ━━━━━━━━━━━─ 5578/5823 90.9it/s 51.6s<2.7s
[Kval2012: 95% ━━━━━━━━━━━╸ 5588/5823 90.7it/s 51.7s<2.6s
[Kval2012: 96% ━━━━━━━━━━━╸ 5597/5823 88.6it/s 51.8s<2.5s
[Kval2012: 96% ━━━━━━━━━━━╸ 5606/5823 87.5it/s 51.9s<2.5s
[Kval2012: 96% ━━━━━━━━━━━╸ 5616/5823 88.6it/s 52.0s<2.3s
[Kval2012: 96% ━━━━━━━━━━━╸ 5625/5823 88.9it/s 52.1s<2.2s
[Kval2012: 96% ━━━━━━━━━━━╸ 5634/5823 89.0it/s 52.2s<2.1s
[Kval2012: 96% ━━━━━━━━━━━╸ 5643/5823 88.1it/s 52.3s<2.0s
[Kval2012: 97% ━━━━━━━━━━━╸ 5653/5823 90.4it/s 52.4s<1.9s
[Kval2012: 97% ━━━━━━━━━━━╸ 5662/5823 89.4it/s 52.5s<1.8s
[Kval2012: 97% ━━━━━━━━━━━╸ 5672/5823 90.4it/s 52.6s<1.7s
[Kval2012: 97% ━━━━━━━━━━━╸ 5679/5823 83.8it/s 52.7s<1.7s
[Kval2012: 97% ━━━━━━━━━━━╸ 5689/5823 85.5it/s 52.8s<1.6s
[Kval2012: 97% ━━━━━━━━━━━╸ 5698/5823 85.3it/s 52.9s<1.5s
[Kval2012: 98% ━━━━━━━━━━━╸ 5707/5823 86.3it/s 53.0s<1.3s
[Kval2012: 98% ━━━━━━━━━━━╸ 5715/5823 83.4it/s 53.2s<1.3s
[Kval2012: 98% ━━━━━━━━━━━╸ 5724/5823 84.5it/s 53.3s<1.2s
[Kval2012: 98% ━━━━━━━━━━━╸ 5734/5823 86.3it/s 53.4s<1.0s
[Kval2012: 98% ━━━━━━━━━━━╸ 5743/5823 85.8it/s 53.5s<0.9s
[Kval2012: 98% ━━━━━━━━━━━╸ 5752/5823 86.8it/s 53.6s<0.8s
[Kval2012: 98% ━━━━━━━━━━━╸ 5762/5823 89.5it/s 53.7s<0.7s
[Kval2012: 99% ━━━━━━━━━━━╸ 5772/5823 90.6it/s 53.8s<0.6s
[Kval2012: 99% ━━━━━━━━━━━╸ 5780/5823 86.9it/s 53.9s<0.5s
[Kval2012: 99% ━━━━━━━━━━━╸ 5788/5823 84.7it/s 54.0s<0.4s
[Kval2012: 99% ━━━━━━━━━━━╸ 5798/5823 86.7it/s 54.1s<0.3s
[Kval2012: 99% ━━━━━━━━━━━╸ 5809/5823 91.7it/s 54.2s<0.2s
[Kval2012: 99% ━━━━━━━━━━━╸ 5818/5823 90.5it/s 54.3s<0.1s
[Kval2012: 100% ━━━━━━━━━━━━ 5823/5823 107.1it/s 54.4s

[Ktrain2007: 0% ──────────── 10/2501 26.8it/s 0.1s<1:33
[Ktrain2007: 0% ──────────── 19/2501 44.7it/s 0.2s<55.5s
[Ktrain2007: 1% ──────────── 29/2501 58.9it/s 0.3s<42.0s
[Ktrain2007: 1% ──────────── 37/2501 64.2it/s 0.4s<38.4s
[Ktrain2007: 1% ──────────── 46/2501 71.3it/s 0.5s<34.4s
[Ktrain2007: 2% ──────────── 55/2501 74.8it/s 0.6s<32.7s
[Ktrain2007: 2% ──────────── 64/2501 79.1it/s 0.7s<30.8s
[Ktrain2007: 2% ──────────── 74/2501 83.5it/s 0.8s<29.1s
[Ktrain2007: 3% ──────────── 83/2501 85.4it/s 0.9s<28.3s
[Ktrain2007: 3% ──────────── 93/2501 88.1it/s 1.1s<27.3s
[Ktrain2007: 4% ──────────── 103/2501 89.1it/s 1.2s<26.9s
[Ktrain2007: 4% ╸─────────── 113/2501 92.0it/s 1.3s<25.9s
[Ktrain2007: 4% ╸─────────── 123/2501 92.6it/s 1.4s<25.7s
[Ktrain2007: 5% ╸─────────── 132/2501 90.6it/s 1.5s<26.1s
[Ktrain2007: 5% ╸─────────── 142/2501 91.0it/s 1.6s<25.9s
[Ktrain2007: 6% ╸─────────── 152/2501 90.2it/s 1.7s<26.0s
[Ktrain2007: 6% ╸─────────── 161/2501 89.9it/s 1.8s<26.0s
[Ktrain2007: 6% ╸─────────── 171/2501 90.1it/s 1.9s<25.9s
[Ktrain2007: 7% ╸─────────── 180/2501 88.9it/s 2.0s<26.1s
[Ktrain2007: 7% ╸─────────── 190/2501 90.3it/s 2.1s<25.6s
[Ktrain2007: 7% ╸─────────── 199/2501 88.9it/s 2.2s<25.9s
[Ktrain2007: 8% ━─────────── 209/2501 90.6it/s 2.3s<25.3s
[Ktrain2007: 8% ━─────────── 219/2501 91.7it/s 2.4s<24.9s
[Ktrain2007: 9% ━─────────── 228/2501 91.1it/s 2.5s<25.0s
[Ktrain2007: 9% ━─────────── 237/2501 89.4it/s 2.6s<25.3s
[Ktrain2007: 9% ━─────────── 246/2501 87.8it/s 2.7s<25.7s
[Ktrain2007: 10% ━─────────── 255/2501 87.1it/s 2.9s<25.8s
[Ktrain2007: 10% ━─────────── 265/2501 89.0it/s 3.0s<25.1s
[Ktrain2007: 11% ━─────────── 276/2501 92.3it/s 3.1s<24.1s
[Ktrain2007: 11% ━─────────── 286/2501 94.1it/s 3.2s<23.5s
[Ktrain2007: 11% ━─────────── 296/2501 93.0it/s 3.3s<23.7s
[Ktrain2007: 12% ━─────────── 307/2501 96.0it/s 3.4s<22.9s
[Ktrain2007: 12% ━╸────────── 316/2501 93.2it/s 3.5s<23.4s
[Ktrain2007: 13% ━╸────────── 326/2501 92.9it/s 3.6s<23.4s
[Ktrain2007: 13% ━╸────────── 336/2501 93.0it/s 3.7s<23.3s
[Ktrain2007: 13% ━╸────────── 345/2501 89.9it/s 3.8s<24.0s
[Ktrain2007: 14% ━╸────────── 355/2501 91.3it/s 3.9s<23.5s
[Ktrain2007: 14% ━╸────────── 366/2501 93.5it/s 4.0s<22.8s
[Ktrain2007: 15% ━╸────────── 376/2501 92.9it/s 4.1s<22.9s
[Ktrain2007: 15% ━╸────────── 385/2501 91.0it/s 4.3s<23.3s
[Ktrain2007: 15% ━╸────────── 394/2501 89.3it/s 4.4s<23.6s
[Ktrain2007: 16% ━╸────────── 404/2501 90.3it/s 4.5s<23.2s
[Ktrain2007: 16% ━╸────────── 414/2501 92.6it/s 4.6s<22.5s
[Ktrain2007: 16% ━━────────── 424/2501 92.5it/s 4.7s<22.5s
[Ktrain2007: 17% ━━────────── 434/2501 93.5it/s 4.8s<22.1s
[Ktrain2007: 17% ━━────────── 444/2501 93.7it/s 4.9s<22.0s
[Ktrain2007: 18% ━━────────── 455/2501 97.5it/s 5.0s<21.0s
[Ktrain2007: 18% ━━────────── 465/2501 97.5it/s 5.1s<20.9s
[Ktrain2007: 18% ━━────────── 475/2501 96.3it/s 5.2s<21.0s
[Ktrain2007: 19% ━━────────── 483/2501 90.0it/s 5.3s<22.4s
[Ktrain2007: 19% ━━────────── 493/2501 92.2it/s 5.4s<21.8s
[Ktrain2007: 20% ━━────────── 504/2501 95.0it/s 5.5s<21.0s
[Ktrain2007: 20% ━━────────── 513/2501 91.4it/s 5.6s<21.8s
[Ktrain2007: 20% ━━╸───────── 523/2501 91.7it/s 5.7s<21.6s
[Ktrain2007: 21% ━━╸───────── 532/2501 88.9it/s 5.8s<22.1s
[Ktrain2007: 21% ━━╸───────── 542/2501 91.9it/s 5.9s<21.3s
[Ktrain2007: 22% ━━╸───────── 552/2501 93.9it/s 6.0s<20.7s
[Ktrain2007: 22% ━━╸───────── 562/2501 95.7it/s 6.1s<20.3s
[Ktrain2007: 22% ━━╸───────── 572/2501 94.5it/s 6.3s<20.4s
[Ktrain2007: 23% ━━╸───────── 581/2501 90.9it/s 6.4s<21.1s
[Ktrain2007: 23% ━━╸───────── 590/2501 90.6it/s 6.5s<21.1s
[Ktrain2007: 23% ━━╸───────── 599/2501 87.9it/s 6.6s<21.6s
[Ktrain2007: 24% ━━╸───────── 609/2501 89.4it/s 6.7s<21.2s
[Ktrain2007: 24% ━━╸───────── 619/2501 91.3it/s 6.8s<20.6s
[Ktrain2007: 25% ━━━───────── 629/2501 92.2it/s 6.9s<20.3s
[Ktrain2007: 25% ━━━───────── 638/2501 91.3it/s 7.0s<20.4s
[Ktrain2007: 25% ━━━───────── 647/2501 90.0it/s 7.1s<20.6s
[Ktrain2007: 26% ━━━───────── 656/2501 89.1it/s 7.2s<20.7s
[Ktrain2007: 26% ━━━───────── 665/2501 88.5it/s 7.3s<20.7s
[Ktrain2007: 26% ━━━───────── 675/2501 89.7it/s 7.4s<20.3s
[Ktrain2007: 27% ━━━───────── 685/2501 89.6it/s 7.5s<20.3s
[Ktrain2007: 27% ━━━───────── 694/2501 89.3it/s 7.6s<20.2s
[Ktrain2007: 28% ━━━───────── 704/2501 90.2it/s 7.7s<19.9s
[Ktrain2007: 28% ━━━───────── 713/2501 87.2it/s 7.8s<20.5s
[Ktrain2007: 28% ━━━───────── 722/2501 88.0it/s 7.9s<20.2s
[Ktrain2007: 29% ━━━╸──────── 732/2501 90.7it/s 8.0s<19.5s
[Ktrain2007: 29% ━━━╸──────── 741/2501 90.2it/s 8.1s<19.5s
[Ktrain2007: 30% ━━━╸──────── 751/2501 91.4it/s 8.3s<19.1s
[Ktrain2007: 30% ━━━╸──────── 761/2501 93.7it/s 8.4s<18.6s
[Ktrain2007: 30% ━━━╸──────── 771/2501 94.4it/s 8.5s<18.3s
[Ktrain2007: 31% ━━━╸──────── 780/2501 91.2it/s 8.6s<18.9s
[Ktrain2007: 31% ━━━╸──────── 790/2501 90.6it/s 8.7s<18.9s
[Ktrain2007: 32% ━━━╸──────── 801/2501 94.0it/s 8.8s<18.1s
[Ktrain2007: 32% ━━━╸──────── 811/2501 95.0it/s 8.9s<17.8s
[Ktrain2007: 32% ━━━╸──────── 822/2501 96.8it/s 9.0s<17.3s
[Ktrain2007: 33% ━━━╸──────── 832/2501 95.6it/s 9.1s<17.5s
[Ktrain2007: 33% ━━━━──────── 842/2501 95.0it/s 9.2s<17.5s
[Ktrain2007: 34% ━━━━──────── 852/2501 94.2it/s 9.3s<17.5s
[Ktrain2007: 34% ━━━━──────── 862/2501 94.7it/s 9.4s<17.3s
[Ktrain2007: 34% ━━━━──────── 872/2501 94.7it/s 9.5s<17.2s
[Ktrain2007: 35% ━━━━──────── 882/2501 94.9it/s 9.6s<17.1s
[Ktrain2007: 35% ━━━━──────── 891/2501 92.6it/s 9.7s<17.4s
[Ktrain2007: 36% ━━━━──────── 902/2501 94.6it/s 9.8s<16.9s
[Ktrain2007: 36% ━━━━──────── 913/2501 95.5it/s 10.0s<16.6s
[Ktrain2007: 36% ━━━━──────── 922/2501 92.0it/s 10.1s<17.2s
[Ktrain2007: 37% ━━━━──────── 931/2501 90.0it/s 10.2s<17.4s
[Ktrain2007: 37% ━━━━╸─────── 941/2501 92.3it/s 10.3s<16.9s
[Ktrain2007: 38% ━━━━╸─────── 953/2501 99.6it/s 10.4s<15.5s
[Ktrain2007: 38% ━━━━╸─────── 964/2501 102.4it/s 10.5s<15.0s
[Ktrain2007: 38% ━━━━╸─────── 975/2501 104.5it/s 10.6s<14.6s
[Ktrain2007: 39% ━━━━╸─────── 987/2501 106.7it/s 10.7s<14.2s
[Ktrain2007: 39% ━━━━╸─────── 998/2501 106.1it/s 10.8s<14.2s
[Ktrain2007: 40% ━━━━╸─────── 1011/2501 111.7it/s 10.9s<13.3s
[Ktrain2007: 40% ━━━━╸─────── 1024/2501 115.4it/s 11.0s<12.8s
[Ktrain2007: 41% ━━━━╸─────── 1037/2501 117.4it/s 11.1s<12.5s
[Ktrain2007: 41% ━━━━━─────── 1049/2501 116.9it/s 11.2s<12.4s
[Ktrain2007: 42% ━━━━━─────── 1061/2501 115.9it/s 11.3s<12.4s
[Ktrain2007: 42% ━━━━━─────── 1073/2501 114.6it/s 11.4s<12.5s
[Ktrain2007: 43% ━━━━━─────── 1086/2501 116.6it/s 11.5s<12.1s
[Ktrain2007: 43% ━━━━━─────── 1098/2501 117.3it/s 11.6s<12.0s
[Ktrain2007: 44% ━━━━━─────── 1109/2501 113.3it/s 11.7s<12.3s
[Ktrain2007: 44% ━━━━━─────── 1120/2501 111.8it/s 11.8s<12.4s
[Ktrain2007: 45% ━━━━━─────── 1133/2501 116.7it/s 11.9s<11.7s
[Ktrain2007: 45% ━━━━━─────── 1146/2501 119.0it/s 12.0s<11.4s
[Ktrain2007: 46% ━━━━━╸────── 1158/2501 117.7it/s 12.2s<11.4s
[Ktrain2007: 46% ━━━━━╸────── 1170/2501 116.8it/s 12.3s<11.4s
[Ktrain2007: 47% ━━━━━╸────── 1181/2501 113.8it/s 12.4s<11.6s
[Ktrain2007: 47% ━━━━━╸────── 1192/2501 111.1it/s 12.5s<11.8s
[Ktrain2007: 47% ━━━━━╸────── 1200/2501 100.4it/s 12.6s<13.0s
[Ktrain2007: 48% ━━━━━╸────── 1212/2501 104.9it/s 12.7s<12.3s
[Ktrain2007: 48% ━━━━━╸────── 1224/2501 108.6it/s 12.8s<11.8s
[Ktrain2007: 49% ━━━━━╸────── 1236/2501 111.0it/s 12.9s<11.4s
[Ktrain2007: 49% ━━━━━╸────── 1248/2501 111.8it/s 13.0s<11.2s
[Ktrain2007: 50% ━━━━━━────── 1259/2501 111.2it/s 13.1s<11.2s
[Ktrain2007: 50% ━━━━━━────── 1272/2501 115.6it/s 13.2s<10.6s
[Ktrain2007: 51% ━━━━━━────── 1283/2501 112.0it/s 13.3s<10.9s
[Ktrain2007: 51% ━━━━━━────── 1296/2501 115.1it/s 13.4s<10.5s
[Ktrain2007: 52% ━━━━━━────── 1308/2501 114.9it/s 13.5s<10.4s
[Ktrain2007: 52% ━━━━━━────── 1319/2501 112.2it/s 13.6s<10.5s
[Ktrain2007: 53% ━━━━━━────── 1330/2501 110.6it/s 13.7s<10.6s
[Ktrain2007: 53% ━━━━━━────── 1343/2501 115.5it/s 13.8s<10.0s
[Ktrain2007: 54% ━━━━━━╸───── 1355/2501 115.6it/s 13.9s<9.9s
[Ktrain2007: 54% ━━━━━━╸───── 1368/2501 117.5it/s 14.0s<9.6s
[Ktrain2007: 55% ━━━━━━╸───── 1379/2501 113.9it/s 14.1s<9.9s
[Ktrain2007: 55% ━━━━━━╸───── 1391/2501 114.2it/s 14.2s<9.7s
[Ktrain2007: 56% ━━━━━━╸───── 1403/2501 115.3it/s 14.3s<9.5s
[Ktrain2007: 56% ━━━━━━╸───── 1415/2501 115.3it/s 14.4s<9.4s
[Ktrain2007: 57% ━━━━━━╸───── 1427/2501 114.7it/s 14.5s<9.4s
[Ktrain2007: 57% ━━━━━━╸───── 1440/2501 118.5it/s 14.6s<9.0s
[Ktrain2007: 58% ━━━━━━╸───── 1452/2501 118.7it/s 14.8s<8.8s
[Ktrain2007: 58% ━━━━━━━───── 1464/2501 116.6it/s 14.9s<8.9s
[Ktrain2007: 58% ━━━━━━━───── 1475/2501 113.7it/s 15.0s<9.0s
[Ktrain2007: 59% ━━━━━━━───── 1487/2501 114.9it/s 15.1s<8.8s
[Ktrain2007: 59% ━━━━━━━───── 1499/2501 115.8it/s 15.2s<8.7s
[Ktrain2007: 60% ━━━━━━━───── 1510/2501 113.7it/s 15.3s<8.7s
[Ktrain2007: 60% ━━━━━━━───── 1522/2501 115.4it/s 15.4s<8.5s
[Ktrain2007: 61% ━━━━━━━───── 1535/2501 117.4it/s 15.5s<8.2s
[Ktrain2007: 61% ━━━━━━━───── 1548/2501 118.0it/s 15.6s<8.1s
[Ktrain2007: 62% ━━━━━━━───── 1559/2501 113.6it/s 15.7s<8.3s
[Ktrain2007: 62% ━━━━━━━╸──── 1572/2501 115.5it/s 15.8s<8.0s
[Ktrain2007: 63% ━━━━━━━╸──── 1585/2501 117.6it/s 15.9s<7.8s
[Ktrain2007: 63% ━━━━━━━╸──── 1599/2501 121.1it/s 16.0s<7.4s
[Ktrain2007: 64% ━━━━━━━╸──── 1610/2501 117.0it/s 16.1s<7.6s
[Ktrain2007: 64% ━━━━━━━╸──── 1623/2501 117.8it/s 16.2s<7.5s
[Ktrain2007: 65% ━━━━━━━╸──── 1634/2501 113.8it/s 16.3s<7.6s
[Ktrain2007: 65% ━━━━━━━╸──── 1646/2501 115.0it/s 16.4s<7.4s
[Ktrain2007: 66% ━━━━━━━╸──── 1657/2501 113.0it/s 16.5s<7.5s
[Ktrain2007: 66% ━━━━━━━━──── 1669/2501 114.4it/s 16.6s<7.3s
[Ktrain2007: 67% ━━━━━━━━──── 1682/2501 117.7it/s 16.7s<7.0s
[Ktrain2007: 67% ━━━━━━━━──── 1695/2501 120.8it/s 16.8s<6.7s
[Ktrain2007: 68% ━━━━━━━━──── 1705/2501 113.0it/s 16.9s<7.0s
[Ktrain2007: 68% ━━━━━━━━──── 1716/2501 110.6it/s 17.0s<7.1s
[Ktrain2007: 69% ━━━━━━━━──── 1727/2501 108.9it/s 17.2s<7.1s
[Ktrain2007: 69% ━━━━━━━━──── 1741/2501 114.8it/s 17.3s<6.6s
[Ktrain2007: 70% ━━━━━━━━──── 1752/2501 111.2it/s 17.4s<6.7s
[Ktrain2007: 70% ━━━━━━━━──── 1765/2501 113.4it/s 17.5s<6.5s
[Ktrain2007: 71% ━━━━━━━━╸─── 1778/2501 116.4it/s 17.6s<6.2s
[Ktrain2007: 71% ━━━━━━━━╸─── 1790/2501 116.1it/s 17.7s<6.1s
[Ktrain2007: 72% ━━━━━━━━╸─── 1802/2501 114.8it/s 17.8s<6.1s
[Ktrain2007: 72% ━━━━━━━━╸─── 1814/2501 114.9it/s 17.9s<6.0s
[Ktrain2007: 73% ━━━━━━━━╸─── 1826/2501 113.8it/s 18.0s<5.9s
[Ktrain2007: 73% ━━━━━━━━╸─── 1838/2501 114.4it/s 18.1s<5.8s
[Ktrain2007: 73% ━━━━━━━━╸─── 1848/2501 108.4it/s 18.2s<6.0s
[Ktrain2007: 74% ━━━━━━━━╸─── 1859/2501 105.7it/s 18.3s<6.1s
[Ktrain2007: 74% ━━━━━━━━╸─── 1868/2501 101.0it/s 18.4s<6.3s
[Ktrain2007: 75% ━━━━━━━━━─── 1878/2501 100.2it/s 18.5s<6.2s
[Ktrain2007: 75% ━━━━━━━━━─── 1890/2501 103.8it/s 18.6s<5.9s
[Ktrain2007: 76% ━━━━━━━━━─── 1902/2501 106.3it/s 18.7s<5.6s
[Ktrain2007: 76% ━━━━━━━━━─── 1914/2501 108.7it/s 18.8s<5.4s
[Ktrain2007: 77% ━━━━━━━━━─── 1926/2501 110.5it/s 19.0s<5.2s
[Ktrain2007: 77% ━━━━━━━━━─── 1939/2501 113.6it/s 19.1s<4.9s
[Ktrain2007: 78% ━━━━━━━━━─── 1952/2501 116.8it/s 19.2s<4.7s
[Ktrain2007: 78% ━━━━━━━━━─── 1963/2501 114.1it/s 19.3s<4.7s
[Ktrain2007: 78% ━━━━━━━━━─── 1974/2501 111.6it/s 19.4s<4.7s
[Ktrain2007: 79% ━━━━━━━━━╸── 1987/2501 114.8it/s 19.5s<4.5s
[Ktrain2007: 79% ━━━━━━━━━╸── 2000/2501 117.9it/s 19.6s<4.2s
[Ktrain2007: 80% ━━━━━━━━━╸── 2010/2501 112.5it/s 19.7s<4.4s
[Ktrain2007: 80% ━━━━━━━━━╸── 2022/2501 114.5it/s 19.8s<4.2s
[Ktrain2007: 81% ━━━━━━━━━╸── 2034/2501 114.2it/s 19.9s<4.1s
[Ktrain2007: 81% ━━━━━━━━━╸── 2047/2501 116.9it/s 20.0s<3.9s
[Ktrain2007: 82% ━━━━━━━━━╸── 2058/2501 114.5it/s 20.1s<3.9s
[Ktrain2007: 82% ━━━━━━━━━╸── 2069/2501 112.8it/s 20.2s<3.8s
[Ktrain2007: 83% ━━━━━━━━━╸── 2083/2501 118.8it/s 20.3s<3.5s
[Ktrain2007: 83% ━━━━━━━━━━── 2097/2501 123.6it/s 20.4s<3.3s
[Ktrain2007: 84% ━━━━━━━━━━── 2109/2501 120.9it/s 20.5s<3.2s
[Ktrain2007: 84% ━━━━━━━━━━── 2120/2501 116.2it/s 20.6s<3.3s
[Ktrain2007: 85% ━━━━━━━━━━── 2132/2501 113.3it/s 20.7s<3.3s
[Ktrain2007: 85% ━━━━━━━━━━── 2145/2501 116.1it/s 20.8s<3.1s
[Ktrain2007: 86% ━━━━━━━━━━── 2158/2501 118.3it/s 20.9s<2.9s
[Ktrain2007: 86% ━━━━━━━━━━── 2170/2501 116.4it/s 21.0s<2.8s
[Ktrain2007: 87% ━━━━━━━━━━── 2181/2501 112.6it/s 21.2s<2.8s
[Ktrain2007: 87% ━━━━━━━━━━╸─ 2193/2501 112.2it/s 21.3s<2.7s
[Ktrain2007: 88% ━━━━━━━━━━╸─ 2204/2501 110.9it/s 21.4s<2.7s
[Ktrain2007: 88% ━━━━━━━━━━╸─ 2217/2501 114.4it/s 21.5s<2.5s
[Ktrain2007: 89% ━━━━━━━━━━╸─ 2229/2501 113.8it/s 21.6s<2.4s
[Ktrain2007: 89% ━━━━━━━━━━╸─ 2241/2501 113.1it/s 21.7s<2.3s
[Ktrain2007: 90% ━━━━━━━━━━╸─ 2253/2501 113.4it/s 21.8s<2.2s
[Ktrain2007: 90% ━━━━━━━━━━╸─ 2265/2501 114.5it/s 21.9s<2.1s
[Ktrain2007: 91% ━━━━━━━━━━╸─ 2277/2501 114.6it/s 22.0s<2.0s
[Ktrain2007: 91% ━━━━━━━━━━╸─ 2289/2501 114.6it/s 22.1s<1.9s
[Ktrain2007: 92% ━━━━━━━━━━━─ 2302/2501 118.4it/s 22.2s<1.7s
[Ktrain2007: 92% ━━━━━━━━━━━─ 2315/2501 121.2it/s 22.3s<1.5s
[Ktrain2007: 93% ━━━━━━━━━━━─ 2329/2501 124.4it/s 22.4s<1.4s
[Ktrain2007: 93% ━━━━━━━━━━━─ 2340/2501 117.5it/s 22.5s<1.4s
[Ktrain2007: 94% ━━━━━━━━━━━─ 2351/2501 112.8it/s 22.6s<1.3s
[Ktrain2007: 94% ━━━━━━━━━━━─ 2363/2501 113.5it/s 22.7s<1.2s
[Ktrain2007: 95% ━━━━━━━━━━━─ 2376/2501 116.3it/s 22.8s<1.1s
[Ktrain2007: 95% ━━━━━━━━━━━─ 2387/2501 113.1it/s 22.9s<1.0s
[Ktrain2007: 95% ━━━━━━━━━━━╸ 2400/2501 116.8it/s 23.0s<0.9s
[Ktrain2007: 96% ━━━━━━━━━━━╸ 2412/2501 116.1it/s 23.1s<0.8s
[Ktrain2007: 97% ━━━━━━━━━━━╸ 2426/2501 121.8it/s 23.3s<0.6s
[Ktrain2007: 97% ━━━━━━━━━━━╸ 2437/2501 116.8it/s 23.4s<0.5s
[Ktrain2007: 97% ━━━━━━━━━━━╸ 2448/2501 114.3it/s 23.5s<0.5s
[Ktrain2007: 98% ━━━━━━━━━━━╸ 2460/2501 113.6it/s 23.6s<0.4s
[Ktrain2007: 98% ━━━━━━━━━━━╸ 2473/2501 118.1it/s 23.7s<0.2s
[Ktrain2007: 99% ━━━━━━━━━━━╸ 2486/2501 119.9it/s 23.8s<0.1s
[Ktrain2007: 99% ━━━━━━━━━━━╸ 2498/2501 117.2it/s 23.9s<0.0s
[Ktrain2007: 100% ━━━━━━━━━━━━ 2501/2501 104.6it/s 23.9s

[Kval2007: 0% ──────────── 10/2510 29.2it/s 0.1s<1:26
[Kval2007: 0% ──────────── 22/2510 56.1it/s 0.2s<44.4s
[Kval2007: 1% ──────────── 34/2510 73.8it/s 0.3s<33.6s
[Kval2007: 1% ──────────── 45/2510 83.5it/s 0.4s<29.5s
[Kval2007: 2% ──────────── 56/2510 90.7it/s 0.5s<27.1s
[Kval2007: 2% ──────────── 66/2510 92.4it/s 0.6s<26.5s
[Kval2007: 3% ──────────── 77/2510 95.3it/s 0.7s<25.5s
[Kval2007: 3% ──────────── 88/2510 96.7it/s 0.8s<25.0s
[Kval2007: 3% ──────────── 99/2510 99.1it/s 0.9s<24.3s
[Kval2007: 4% ╸─────────── 111/2510 104.5it/s 1.0s<23.0s
[Kval2007: 4% ╸─────────── 122/2510 104.8it/s 1.1s<22.8s
[Kval2007: 5% ╸─────────── 134/2510 106.7it/s 1.3s<22.3s
[Kval2007: 5% ╸─────────── 145/2510 106.1it/s 1.4s<22.3s
[Kval2007: 6% ╸─────────── 157/2510 109.6it/s 1.5s<21.5s
[Kval2007: 6% ╸─────────── 169/2510 110.2it/s 1.6s<21.2s
[Kval2007: 7% ╸─────────── 182/2510 113.6it/s 1.7s<20.5s
[Kval2007: 7% ╸─────────── 193/2510 110.3it/s 1.8s<21.0s
[Kval2007: 8% ╸─────────── 204/2510 107.2it/s 1.9s<21.5s
[Kval2007: 8% ━─────────── 214/2510 104.1it/s 2.0s<22.1s
[Kval2007: 8% ━─────────── 224/2510 101.2it/s 2.1s<22.6s
[Kval2007: 9% ━─────────── 233/2510 97.0it/s 2.2s<23.5s
[Kval2007: 9% ━─────────── 243/2510 96.3it/s 2.3s<23.5s
[Kval2007: 10% ━─────────── 255/2510 102.0it/s 2.4s<22.1s
[Kval2007: 10% ━─────────── 265/2510 100.1it/s 2.5s<22.4s
[Kval2007: 10% ━─────────── 275/2510 98.0it/s 2.6s<22.8s
[Kval2007: 11% ━─────────── 285/2510 97.9it/s 2.7s<22.7s
[Kval2007: 11% ━─────────── 296/2510 99.1it/s 2.8s<22.3s
[Kval2007: 12% ━─────────── 307/2510 100.4it/s 2.9s<22.0s
[Kval2007: 12% ━╸────────── 317/2510 99.9it/s 3.0s<21.9s
[Kval2007: 13% ━╸────────── 327/2510 99.9it/s 3.1s<21.9s
[Kval2007: 13% ━╸────────── 340/2510 106.2it/s 3.3s<20.4s
[Kval2007: 13% ━╸────────── 351/2510 105.3it/s 3.4s<20.5s
[Kval2007: 14% ━╸────────── 362/2510 104.3it/s 3.5s<20.6s
[Kval2007: 14% ━╸────────── 372/2510 102.5it/s 3.6s<20.8s
[Kval2007: 15% ━╸────────── 382/2510 101.1it/s 3.7s<21.0s
[Kval2007: 15% ━╸────────── 393/2510 102.1it/s 3.8s<20.7s
[Kval2007: 16% ━╸────────── 404/2510 103.8it/s 3.9s<20.3s
[Kval2007: 16% ━╸────────── 414/2510 101.9it/s 4.0s<20.6s
[Kval2007: 16% ━━────────── 426/2510 104.7it/s 4.1s<19.9s
[Kval2007: 17% ━━────────── 434/2510 96.3it/s 4.2s<21.6s
[Kval2007: 17% ━━────────── 445/2510 98.0it/s 4.3s<21.1s
[Kval2007: 18% ━━────────── 457/2510 102.4it/s 4.4s<20.1s
[Kval2007: 18% ━━────────── 468/2510 101.8it/s 4.5s<20.1s
[Kval2007: 19% ━━────────── 479/2510 102.7it/s 4.6s<19.8s
[Kval2007: 19% ━━────────── 490/2510 103.7it/s 4.7s<19.5s
[Kval2007: 19% ━━────────── 501/2510 103.6it/s 4.8s<19.4s
[Kval2007: 20% ━━────────── 512/2510 104.9it/s 4.9s<19.0s
[Kval2007: 20% ━━╸───────── 523/2510 106.3it/s 5.0s<18.7s
[Kval2007: 21% ━━╸───────── 534/2510 106.3it/s 5.1s<18.6s
[Kval2007: 21% ━━╸───────── 543/2510 101.4it/s 5.2s<19.4s
[Kval2007: 21% ━━╸───────── 551/2510 93.9it/s 5.3s<20.9s
[Kval2007: 22% ━━╸───────── 562/2510 97.3it/s 5.4s<20.0s
[Kval2007: 22% ━━╸───────── 573/2510 100.5it/s 5.6s<19.3s
[Kval2007: 23% ━━╸───────── 585/2510 104.2it/s 5.7s<18.5s
[Kval2007: 23% ━━╸───────── 597/2510 106.8it/s 5.8s<17.9s
[Kval2007: 24% ━━╸───────── 606/2510 101.0it/s 5.9s<18.9s
[Kval2007: 24% ━━╸───────── 617/2510 101.6it/s 6.0s<18.6s
[Kval2007: 25% ━━━───────── 628/2510 102.7it/s 6.1s<18.3s
[Kval2007: 25% ━━━───────── 638/2510 98.4it/s 6.2s<19.0s
[Kval2007: 25% ━━━───────── 648/2510 97.8it/s 6.3s<19.0s
[Kval2007: 26% ━━━───────── 659/2510 98.2it/s 6.4s<18.9s
[Kval2007: 26% ━━━───────── 667/2510 90.9it/s 6.5s<20.3s
[Kval2007: 26% ━━━───────── 676/2510 90.0it/s 6.6s<20.4s
[Kval2007: 27% ━━━───────── 686/2510 91.5it/s 6.7s<19.9s
[Kval2007: 27% ━━━───────── 697/2510 96.5it/s 6.8s<18.8s
[Kval2007: 28% ━━━───────── 706/2510 93.9it/s 6.9s<19.2s
[Kval2007: 28% ━━━───────── 717/2510 96.5it/s 7.0s<18.6s
[Kval2007: 28% ━━━───────── 726/2510 94.2it/s 7.1s<18.9s
[Kval2007: 29% ━━━╸──────── 736/2510 94.2it/s 7.2s<18.8s
[Kval2007: 29% ━━━╸──────── 744/2510 89.7it/s 7.3s<19.7s
[Kval2007: 30% ━━━╸──────── 755/2510 93.2it/s 7.4s<18.8s
[Kval2007: 30% ━━━╸──────── 765/2510 93.6it/s 7.6s<18.6s
[Kval2007: 30% ━━━╸──────── 776/2510 97.4it/s 7.7s<17.8s
[Kval2007: 31% ━━━╸──────── 785/2510 92.0it/s 7.8s<18.8s
[Kval2007: 31% ━━━╸──────── 797/2510 97.7it/s 7.9s<17.5s
[Kval2007: 32% ━━━╸──────── 807/2510 95.5it/s 8.0s<17.8s
[Kval2007: 32% ━━━╸──────── 817/2510 93.1it/s 8.1s<18.2s
[Kval2007: 32% ━━━╸──────── 828/2510 97.2it/s 8.2s<17.3s
[Kval2007: 33% ━━━━──────── 837/2510 94.5it/s 8.3s<17.7s
[Kval2007: 33% ━━━━──────── 849/2510 99.5it/s 8.4s<16.7s
[Kval2007: 34% ━━━━──────── 859/2510 98.0it/s 8.5s<16.9s
[Kval2007: 34% ━━━━──────── 868/2510 95.6it/s 8.6s<17.2s
[Kval2007: 34% ━━━━──────── 878/2510 93.7it/s 8.7s<17.4s
[Kval2007: 35% ━━━━──────── 888/2510 93.3it/s 8.8s<17.4s
[Kval2007: 35% ━━━━──────── 898/2510 93.0it/s 9.0s<17.3s
[Kval2007: 36% ━━━━──────── 908/2510 92.2it/s 9.1s<17.4s
[Kval2007: 36% ━━━━──────── 916/2510 87.7it/s 9.2s<18.2s
[Kval2007: 36% ━━━━──────── 927/2510 91.7it/s 9.3s<17.3s
[Kval2007: 37% ━━━━──────── 937/2510 91.4it/s 9.4s<17.2s
[Kval2007: 37% ━━━━╸─────── 948/2510 95.7it/s 9.5s<16.3s
[Kval2007: 38% ━━━━╸─────── 958/2510 96.3it/s 9.6s<16.1s
[Kval2007: 38% ━━━━╸─────── 968/2510 94.7it/s 9.7s<16.3s
[Kval2007: 38% ━━━━╸─────── 978/2510 96.1it/s 9.8s<15.9s
[Kval2007: 39% ━━━━╸─────── 985/2510 87.9it/s 9.9s<17.4s
[Kval2007: 39% ━━━━╸─────── 996/2510 91.7it/s 10.0s<16.5s
[Kval2007: 40% ━━━━╸─────── 1008/2510 98.2it/s 10.1s<15.3s
[Kval2007: 40% ━━━━╸─────── 1019/2510 99.1it/s 10.2s<15.1s
[Kval2007: 41% ━━━━╸─────── 1030/2510 101.2it/s 10.3s<14.6s
[Kval2007: 41% ━━━━╸─────── 1040/2510 98.2it/s 10.4s<15.0s
[Kval2007: 41% ━━━━━─────── 1051/2510 100.8it/s 10.5s<14.5s
[Kval2007: 42% ━━━━━─────── 1060/2510 97.1it/s 10.6s<14.9s
[Kval2007: 42% ━━━━━─────── 1072/2510 100.6it/s 10.8s<14.3s
[Kval2007: 43% ━━━━━─────── 1083/2510 102.2it/s 10.9s<14.0s
[Kval2007: 43% ━━━━━─────── 1094/2510 103.5it/s 11.0s<13.7s
[Kval2007: 44% ━━━━━─────── 1105/2510 103.6it/s 11.1s<13.6s
[Kval2007: 44% ━━━━━─────── 1116/2510 103.3it/s 11.2s<13.5s
[Kval2007: 44% ━━━━━─────── 1127/2510 103.9it/s 11.3s<13.3s
[Kval2007: 45% ━━━━━─────── 1137/2510 101.8it/s 11.4s<13.5s
[Kval2007: 45% ━━━━━─────── 1148/2510 102.2it/s 11.5s<13.3s
[Kval2007: 46% ━━━━━╸────── 1159/2510 102.8it/s 11.6s<13.1s
[Kval2007: 46% ━━━━━╸────── 1168/2510 98.6it/s 11.7s<13.6s
[Kval2007: 46% ━━━━━╸────── 1179/2510 99.2it/s 11.8s<13.4s
[Kval2007: 47% ━━━━━╸────── 1190/2510 100.2it/s 11.9s<13.2s
[Kval2007: 47% ━━━━━╸────── 1200/2510 97.3it/s 12.0s<13.5s
[Kval2007: 48% ━━━━━╸────── 1210/2510 95.7it/s 12.1s<13.6s
[Kval2007: 48% ━━━━━╸────── 1220/2510 95.7it/s 12.2s<13.5s
[Kval2007: 49% ━━━━━╸────── 1231/2510 97.8it/s 12.3s<13.1s
[Kval2007: 49% ━━━━━╸────── 1241/2510 98.0it/s 12.4s<12.9s
[Kval2007: 49% ━━━━━╸────── 1252/2510 100.1it/s 12.6s<12.6s
[Kval2007: 50% ━━━━━━────── 1261/2510 96.0it/s 12.7s<13.0s
[Kval2007: 50% ━━━━━━────── 1272/2510 100.2it/s 12.8s<12.4s
[Kval2007: 51% ━━━━━━────── 1284/2510 103.8it/s 12.9s<11.8s
[Kval2007: 51% ━━━━━━────── 1295/2510 104.5it/s 13.0s<11.6s
[Kval2007: 52% ━━━━━━────── 1306/2510 103.2it/s 13.1s<11.7s
[Kval2007: 52% ━━━━━━────── 1316/2510 100.0it/s 13.2s<11.9s
[Kval2007: 52% ━━━━━━────── 1328/2510 103.5it/s 13.3s<11.4s
[Kval2007: 53% ━━━━━━────── 1338/2510 101.7it/s 13.4s<11.5s
[Kval2007: 53% ━━━━━━────── 1348/2510 97.6it/s 13.5s<11.9s
[Kval2007: 54% ━━━━━━────── 1359/2510 100.3it/s 13.6s<11.5s
[Kval2007: 54% ━━━━━━╸───── 1370/2510 100.7it/s 13.7s<11.3s
[Kval2007: 55% ━━━━━━╸───── 1381/2510 102.0it/s 13.8s<11.1s
[Kval2007: 55% ━━━━━━╸───── 1389/2510 94.9it/s 13.9s<11.8s
[Kval2007: 55% ━━━━━━╸───── 1399/2510 95.4it/s 14.0s<11.7s
[Kval2007: 56% ━━━━━━╸───── 1410/2510 98.2it/s 14.1s<11.2s
[Kval2007: 56% ━━━━━━╸───── 1421/2510 99.7it/s 14.2s<10.9s
[Kval2007: 57% ━━━━━━╸───── 1431/2510 97.4it/s 14.4s<11.1s
[Kval2007: 57% ━━━━━━╸───── 1441/2510 97.2it/s 14.5s<11.0s
[Kval2007: 57% ━━━━━━╸───── 1452/2510 98.3it/s 14.6s<10.8s
[Kval2007: 58% ━━━━━━╸───── 1461/2510 95.1it/s 14.7s<11.0s
[Kval2007: 58% ━━━━━━━───── 1469/2510 86.5it/s 14.8s<12.0s
[Kval2007: 58% ━━━━━━━───── 1480/2510 91.9it/s 14.9s<11.2s
[Kval2007: 59% ━━━━━━━───── 1487/2510 83.6it/s 15.0s<12.2s
[Kval2007: 59% ━━━━━━━───── 1498/2510 91.0it/s 15.1s<11.1s
[Kval2007: 59% ━━━━━━━───── 1505/2510 83.0it/s 15.2s<12.1s
[Kval2007: 60% ━━━━━━━───── 1513/2510 81.5it/s 15.3s<12.2s
[Kval2007: 60% ━━━━━━━───── 1522/2510 79.8it/s 15.4s<12.4s
[Kval2007: 61% ━━━━━━━───── 1533/2510 85.8it/s 15.5s<11.4s
[Kval2007: 61% ━━━━━━━───── 1542/2510 86.5it/s 15.6s<11.2s
[Kval2007: 61% ━━━━━━━───── 1551/2510 86.5it/s 15.7s<11.1s
[Kval2007: 62% ━━━━━━━───── 1559/2510 83.8it/s 15.9s<11.3s
[Kval2007: 62% ━━━━━━━───── 1567/2510 82.4it/s 16.0s<11.4s
[Kval2007: 62% ━━━━━━━╸──── 1576/2510 81.9it/s 16.1s<11.4s
[Kval2007: 63% ━━━━━━━╸──── 1586/2510 85.8it/s 16.2s<10.8s
[Kval2007: 63% ━━━━━━━╸──── 1594/2510 83.7it/s 16.3s<10.9s
[Kval2007: 63% ━━━━━━━╸──── 1602/2510 80.7it/s 16.4s<11.2s
[Kval2007: 64% ━━━━━━━╸──── 1612/2510 84.0it/s 16.5s<10.7s
[Kval2007: 64% ━━━━━━━╸──── 1624/2510 91.6it/s 16.6s<9.7s
[Kval2007: 65% ━━━━━━━╸──── 1634/2510 93.5it/s 16.7s<9.4s
[Kval2007: 65% ━━━━━━━╸──── 1643/2510 91.3it/s 16.8s<9.5s
[Kval2007: 65% ━━━━━━━╸──── 1655/2510 99.5it/s 16.9s<8.6s
[Kval2007: 66% ━━━━━━━╸──── 1665/2510 99.0it/s 17.0s<8.5s
[Kval2007: 66% ━━━━━━━━──── 1677/2510 104.9it/s 17.1s<7.9s
[Kval2007: 67% ━━━━━━━━──── 1688/2510 103.8it/s 17.2s<7.9s
[Kval2007: 67% ━━━━━━━━──── 1700/2510 107.5it/s 17.3s<7.5s
[Kval2007: 68% ━━━━━━━━──── 1712/2510 109.7it/s 17.4s<7.3s
[Kval2007: 68% ━━━━━━━━──── 1724/2510 112.0it/s 17.5s<7.0s
[Kval2007: 69% ━━━━━━━━──── 1735/2510 111.3it/s 17.6s<7.0s
[Kval2007: 69% ━━━━━━━━──── 1747/2510 113.1it/s 17.7s<6.7s
[Kval2007: 70% ━━━━━━━━──── 1758/2510 109.5it/s 17.8s<6.9s
[Kval2007: 70% ━━━━━━━━──── 1768/2510 106.1it/s 17.9s<7.0s
[Kval2007: 70% ━━━━━━━━╸─── 1780/2510 110.1it/s 18.0s<6.6s
[Kval2007: 71% ━━━━━━━━╸─── 1794/2510 116.3it/s 18.1s<6.2s
[Kval2007: 71% ━━━━━━━━╸─── 1806/2510 116.3it/s 18.3s<6.1s
[Kval2007: 72% ━━━━━━━━╸─── 1817/2510 112.3it/s 18.4s<6.2s
[Kval2007: 72% ━━━━━━━━╸─── 1828/2510 109.5it/s 18.5s<6.2s
[Kval2007: 73% ━━━━━━━━╸─── 1840/2510 111.8it/s 18.6s<6.0s
[Kval2007: 73% ━━━━━━━━╸─── 1852/2510 112.6it/s 18.7s<5.8s
[Kval2007: 74% ━━━━━━━━╸─── 1864/2510 114.3it/s 18.8s<5.6s
[Kval2007: 74% ━━━━━━━━╸─── 1876/2510 115.5it/s 18.9s<5.5s
[Kval2007: 75% ━━━━━━━━━─── 1888/2510 114.6it/s 19.0s<5.4s
[Kval2007: 75% ━━━━━━━━━─── 1899/2510 113.1it/s 19.1s<5.4s
[Kval2007: 76% ━━━━━━━━━─── 1911/2510 113.6it/s 19.2s<5.3s
[Kval2007: 76% ━━━━━━━━━─── 1925/2510 119.5it/s 19.3s<4.9s
[Kval2007: 77% ━━━━━━━━━─── 1937/2510 118.6it/s 19.4s<4.8s
[Kval2007: 77% ━━━━━━━━━─── 1948/2510 115.1it/s 19.5s<4.9s
[Kval2007: 78% ━━━━━━━━━─── 1961/2510 117.4it/s 19.6s<4.7s
[Kval2007: 78% ━━━━━━━━━─── 1972/2510 114.5it/s 19.7s<4.7s
[Kval2007: 79% ━━━━━━━━━─── 1984/2510 114.5it/s 19.8s<4.6s
[Kval2007: 79% ━━━━━━━━━╸── 1997/2510 117.7it/s 19.9s<4.4s
[Kval2007: 80% ━━━━━━━━━╸── 2010/2510 118.6it/s 20.0s<4.2s
[Kval2007: 80% ━━━━━━━━━╸── 2020/2510 112.7it/s 20.1s<4.3s
[Kval2007: 80% ━━━━━━━━━╸── 2032/2510 112.7it/s 20.2s<4.2s
[Kval2007: 81% ━━━━━━━━━╸── 2046/2510 117.7it/s 20.3s<3.9s
[Kval2007: 82% ━━━━━━━━━╸── 2059/2510 118.8it/s 20.4s<3.8s
[Kval2007: 82% ━━━━━━━━━╸── 2071/2510 118.6it/s 20.5s<3.7s
[Kval2007: 82% ━━━━━━━━━╸── 2083/2510 116.7it/s 20.7s<3.7s
[Kval2007: 83% ━━━━━━━━━━── 2096/2510 120.3it/s 20.8s<3.4s
[Kval2007: 83% ━━━━━━━━━━── 2108/2510 119.0it/s 20.9s<3.4s
[Kval2007: 84% ━━━━━━━━━━── 2121/2510 121.9it/s 21.0s<3.2s
[Kval2007: 85% ━━━━━━━━━━── 2134/2510 122.5it/s 21.1s<3.1s
[Kval2007: 85% ━━━━━━━━━━── 2146/2510 121.2it/s 21.2s<3.0s
[Kval2007: 85% ━━━━━━━━━━── 2157/2510 117.4it/s 21.3s<3.0s
[Kval2007: 86% ━━━━━━━━━━── 2168/2510 114.5it/s 21.4s<3.0s
[Kval2007: 86% ━━━━━━━━━━── 2180/2510 116.1it/s 21.5s<2.8s
[Kval2007: 87% ━━━━━━━━━━── 2193/2510 118.7it/s 21.6s<2.7s
[Kval2007: 87% ━━━━━━━━━━╸─ 2204/2510 115.3it/s 21.7s<2.7s
[Kval2007: 88% ━━━━━━━━━━╸─ 2215/2510 113.7it/s 21.8s<2.6s
[Kval2007: 88% ━━━━━━━━━━╸─ 2228/2510 117.1it/s 21.9s<2.4s
[Kval2007: 89% ━━━━━━━━━━╸─ 2239/2510 114.0it/s 22.0s<2.4s
[Kval2007: 89% ━━━━━━━━━━╸─ 2251/2510 112.9it/s 22.1s<2.3s
[Kval2007: 90% ━━━━━━━━━━╸─ 2264/2510 117.5it/s 22.2s<2.1s
[Kval2007: 90% ━━━━━━━━━━╸─ 2277/2510 118.6it/s 22.3s<2.0s
[Kval2007: 91% ━━━━━━━━━━╸─ 2287/2510 111.4it/s 22.4s<2.0s
[Kval2007: 91% ━━━━━━━━━━╸─ 2299/2510 112.9it/s 22.5s<1.9s
[Kval2007: 92% ━━━━━━━━━━━─ 2311/2510 112.7it/s 22.6s<1.8s
[Kval2007: 92% ━━━━━━━━━━━─ 2324/2510 115.1it/s 22.7s<1.6s
[Kval2007: 93% ━━━━━━━━━━━─ 2337/2510 117.7it/s 22.8s<1.5s
[Kval2007: 93% ━━━━━━━━━━━─ 2348/2510 114.8it/s 22.9s<1.4s
[Kval2007: 94% ━━━━━━━━━━━─ 2361/2510 116.9it/s 23.0s<1.3s
[Kval2007: 94% ━━━━━━━━━━━─ 2371/2510 111.8it/s 23.1s<1.2s
[Kval2007: 94% ━━━━━━━━━━━─ 2382/2510 110.8it/s 23.2s<1.2s
[Kval2007: 95% ━━━━━━━━━━━─ 2395/2510 114.3it/s 23.3s<1.0s
[Kval2007: 95% ━━━━━━━━━━━╸ 2408/2510 115.4it/s 23.5s<0.9s
[Kval2007: 96% ━━━━━━━━━━━╸ 2418/2510 110.1it/s 23.6s<0.8s
[Kval2007: 96% ━━━━━━━━━━━╸ 2429/2510 107.5it/s 23.7s<0.8s
[Kval2007: 97% ━━━━━━━━━━━╸ 2442/2510 110.2it/s 23.8s<0.6s
[Kval2007: 97% ━━━━━━━━━━━╸ 2452/2510 106.0it/s 23.9s<0.5s
[Kval2007: 98% ━━━━━━━━━━━╸ 2463/2510 106.2it/s 24.0s<0.4s
[Kval2007: 98% ━━━━━━━━━━━╸ 2475/2510 108.3it/s 24.1s<0.3s
[Kval2007: 99% ━━━━━━━━━━━╸ 2487/2510 111.0it/s 24.2s<0.2s
[Kval2007: 99% ━━━━━━━━━━━╸ 2499/2510 112.7it/s 24.3s<0.1s
[Kval2007: 100% ━━━━━━━━━━━━ 2510/2510 102.9it/s 24.4s

[Ktest2007: 0% ──────────── 14/4952 38.6it/s 0.1s<2:08
[Ktest2007: 0% ──────────── 26/4952 60.8it/s 0.2s<1:21
[Ktest2007: 0% ──────────── 37/4952 74.5it/s 0.3s<1:06
[Ktest2007: 0% ──────────── 49/4952 85.1it/s 0.4s<57.6s
[Ktest2007: 1% ──────────── 63/4952 99.7it/s 0.5s<49.1s
[Ktest2007: 1% ──────────── 76/4952 107.2it/s 0.6s<45.5s
[Ktest2007: 1% ──────────── 87/4952 107.8it/s 0.7s<45.1s
[Ktest2007: 2% ──────────── 100/4952 112.0it/s 0.8s<43.3s
[Ktest2007: 2% ──────────── 111/4952 110.0it/s 0.9s<44.0s
[Ktest2007: 2% ──────────── 123/4952 112.6it/s 1.0s<42.9s
[Ktest2007: 2% ──────────── 136/4952 115.5it/s 1.2s<41.7s
[Ktest2007: 3% ──────────── 149/4952 117.5it/s 1.3s<40.9s
[Ktest2007: 3% ──────────── 161/4952 117.9it/s 1.4s<40.6s
[Ktest2007: 3% ──────────── 173/4952 115.8it/s 1.5s<41.3s
[Ktest2007: 3% ──────────── 184/4952 112.3it/s 1.6s<42.5s
[Ktest2007: 3% ──────────── 196/4952 112.6it/s 1.7s<42.2s
[Ktest2007: 4% ╸─────────── 209/4952 117.7it/s 1.8s<40.3s
[Ktest2007: 4% ╸─────────── 222/4952 120.5it/s 1.9s<39.3s
[Ktest2007: 4% ╸─────────── 233/4952 116.9it/s 2.0s<40.4s
[Ktest2007: 4% ╸─────────── 245/4952 117.4it/s 2.1s<40.1s
[Ktest2007: 5% ╸─────────── 257/4952 116.1it/s 2.2s<40.5s
[Ktest2007: 5% ╸─────────── 269/4952 115.4it/s 2.3s<40.6s
[Ktest2007: 5% ╸─────────── 282/4952 119.3it/s 2.4s<39.1s
[Ktest2007: 5% ╸─────────── 295/4952 119.9it/s 2.5s<38.8s
[Ktest2007: 6% ╸─────────── 307/4952 117.5it/s 2.6s<39.5s
[Ktest2007: 6% ╸─────────── 318/4952 113.9it/s 2.7s<40.7s
[Ktest2007: 6% ╸─────────── 331/4952 116.5it/s 2.8s<39.7s
[Ktest2007: 6% ╸─────────── 344/4952 120.6it/s 2.9s<38.2s
[Ktest2007: 7% ╸─────────── 357/4952 122.9it/s 3.0s<37.4s
[Ktest2007: 7% ╸─────────── 369/4952 120.6it/s 3.1s<38.0s
[Ktest2007: 7% ╸─────────── 382/4952 123.2it/s 3.2s<37.1s
[Ktest2007: 7% ╸─────────── 393/4952 118.5it/s 3.3s<38.5s
[Ktest2007: 8% ╸─────────── 407/4952 122.2it/s 3.4s<37.2s
[Ktest2007: 8% ━─────────── 420/4952 122.3it/s 3.5s<37.0s
[Ktest2007: 8% ━─────────── 432/4952 119.6it/s 3.7s<37.8s
[Ktest2007: 8% ━─────────── 444/4952 118.3it/s 3.8s<38.1s
[Ktest2007: 9% ━─────────── 456/4952 117.1it/s 3.9s<38.4s
[Ktest2007: 9% ━─────────── 470/4952 122.0it/s 4.0s<36.7s
[Ktest2007: 9% ━─────────── 483/4952 122.4it/s 4.1s<36.5s
[Ktest2007: 10% ━─────────── 496/4952 124.1it/s 4.2s<35.9s
[Ktest2007: 10% ━─────────── 506/4952 116.2it/s 4.3s<38.3s
[Ktest2007: 10% ━─────────── 519/4952 116.8it/s 4.4s<37.9s
[Ktest2007: 10% ━─────────── 529/4952 111.6it/s 4.5s<39.6s
[Ktest2007: 10% ━─────────── 540/4952 109.5it/s 4.6s<40.3s
[Ktest2007: 11% ━─────────── 552/4952 110.6it/s 4.7s<39.8s
[Ktest2007: 11% ━─────────── 565/4952 113.6it/s 4.8s<38.6s
[Ktest2007: 11% ━─────────── 575/4952 108.9it/s 4.9s<40.2s
[Ktest2007: 11% ━─────────── 586/4952 106.9it/s 5.0s<40.9s
[Ktest2007: 12% ━─────────── 597/4952 106.2it/s 5.1s<41.0s
[Ktest2007: 12% ━─────────── 608/4952 105.8it/s 5.2s<41.1s
[Ktest2007: 12% ━╸────────── 620/4952 107.2it/s 5.3s<40.4s
[Ktest2007: 12% ━╸────────── 631/4952 106.5it/s 5.4s<40.6s
[Ktest2007: 12% ━╸────────── 643/4952 108.3it/s 5.5s<39.8s
[Ktest2007: 13% ━╸────────── 652/4952 102.4it/s 5.6s<42.0s
[Ktest2007: 13% ━╸────────── 664/4952 107.1it/s 5.7s<40.0s
[Ktest2007: 13% ━╸────────── 676/4952 108.6it/s 5.9s<39.4s
[Ktest2007: 13% ━╸────────── 687/4952 108.2it/s 6.0s<39.4s
[Ktest2007: 14% ━╸────────── 698/4952 108.3it/s 6.1s<39.3s
[Ktest2007: 14% ━╸────────── 709/4952 106.8it/s 6.2s<39.7s
[Ktest2007: 14% ━╸────────── 720/4952 106.2it/s 6.3s<39.8s
[Ktest2007: 14% ━╸────────── 732/4952 108.6it/s 6.4s<38.9s
[Ktest2007: 15% ━╸────────── 743/4952 107.9it/s 6.5s<39.0s
[Ktest2007: 15% ━╸────────── 755/4952 110.3it/s 6.6s<38.0s
[Ktest2007: 15% ━╸────────── 767/4952 112.7it/s 6.7s<37.1s
[Ktest2007: 15% ━╸────────── 779/4952 114.9it/s 6.8s<36.3s
[Ktest2007: 16% ━╸────────── 793/4952 121.0it/s 6.9s<34.4s
[Ktest2007: 16% ━╸────────── 806/4952 123.3it/s 7.0s<33.6s
[Ktest2007: 16% ━╸────────── 817/4952 116.9it/s 7.1s<35.4s
[Ktest2007: 16% ━━────────── 828/4952 112.6it/s 7.2s<36.6s
[Ktest2007: 16% ━━────────── 840/4952 114.1it/s 7.3s<36.0s
[Ktest2007: 17% ━━────────── 854/4952 119.9it/s 7.4s<34.2s
[Ktest2007: 17% ━━────────── 867/4952 121.0it/s 7.5s<33.8s
[Ktest2007: 17% ━━────────── 879/4952 119.9it/s 7.6s<34.0s
[Ktest2007: 17% ━━────────── 891/4952 117.7it/s 7.7s<34.5s
[Ktest2007: 18% ━━────────── 902/4952 115.1it/s 7.8s<35.2s
[Ktest2007: 18% ━━────────── 914/4952 115.2it/s 7.9s<35.1s
[Ktest2007: 18% ━━────────── 926/4952 114.8it/s 8.0s<35.1s
[Ktest2007: 18% ━━────────── 938/4952 116.2it/s 8.1s<34.5s
[Ktest2007: 19% ━━────────── 949/4952 113.9it/s 8.2s<35.1s
[Ktest2007: 19% ━━────────── 958/4952 106.1it/s 8.3s<37.7s
[Ktest2007: 19% ━━────────── 970/4952 108.0it/s 8.4s<36.9s
[Ktest2007: 19% ━━────────── 981/4952 108.5it/s 8.5s<36.6s
[Ktest2007: 20% ━━────────── 991/4952 105.0it/s 8.7s<37.7s
[Ktest2007: 20% ━━────────── 1002/4952 105.3it/s 8.8s<37.5s
[Ktest2007: 20% ━━────────── 1014/4952 107.1it/s 8.9s<36.8s
[Ktest2007: 20% ━━────────── 1026/4952 110.2it/s 9.0s<35.6s
[Ktest2007: 20% ━━╸───────── 1038/4952 111.6it/s 9.1s<35.1s
[Ktest2007: 21% ━━╸───────── 1051/4952 114.3it/s 9.2s<34.1s
[Ktest2007: 21% ━━╸───────── 1062/4952 112.2it/s 9.3s<34.7s
[Ktest2007: 21% ━━╸───────── 1074/4952 113.3it/s 9.4s<34.2s
[Ktest2007: 21% ━━╸───────── 1085/4952 111.9it/s 9.5s<34.6s
[Ktest2007: 22% ━━╸───────── 1096/4952 110.5it/s 9.6s<34.9s
[Ktest2007: 22% ━━╸───────── 1108/4952 111.0it/s 9.7s<34.6s
[Ktest2007: 22% ━━╸───────── 1121/4952 115.5it/s 9.8s<33.2s
[Ktest2007: 22% ━━╸───────── 1132/4952 113.0it/s 9.9s<33.8s
[Ktest2007: 23% ━━╸───────── 1145/4952 116.0it/s 10.0s<32.8s
[Ktest2007: 23% ━━╸───────── 1157/4952 114.9it/s 10.1s<33.0s
[Ktest2007: 23% ━━╸───────── 1168/4952 113.3it/s 10.2s<33.4s
[Ktest2007: 23% ━━╸───────── 1179/4952 110.4it/s 10.3s<34.2s
[Ktest2007: 24% ━━╸───────── 1191/4952 110.1it/s 10.4s<34.2s
[Ktest2007: 24% ━━╸───────── 1202/4952 108.2it/s 10.5s<34.7s
[Ktest2007: 24% ━━╸───────── 1213/4952 107.6it/s 10.6s<34.7s
[Ktest2007: 24% ━━╸───────── 1224/4952 107.7it/s 10.7s<34.6s
[Ktest2007: 24% ━━╸───────── 1235/4952 106.9it/s 10.8s<34.8s
[Ktest2007: 25% ━━━───────── 1247/4952 108.2it/s 11.0s<34.2s
[Ktest2007: 25% ━━━───────── 1258/4952 108.1it/s 11.1s<34.2s
[Ktest2007: 25% ━━━───────── 1271/4952 111.3it/s 11.2s<33.1s
[Ktest2007: 25% ━━━───────── 1282/4952 110.1it/s 11.3s<33.3s
[Ktest2007: 26% ━━━───────── 1294/4952 111.0it/s 11.4s<32.9s
[Ktest2007: 26% ━━━───────── 1306/4952 111.2it/s 11.5s<32.8s
[Ktest2007: 26% ━━━───────── 1318/4952 112.4it/s 11.6s<32.3s
[Ktest2007: 26% ━━━───────── 1330/4952 113.4it/s 11.7s<32.0s
[Ktest2007: 27% ━━━───────── 1342/4952 111.9it/s 11.8s<32.2s
[Ktest2007: 27% ━━━───────── 1355/4952 116.5it/s 11.9s<30.9s
[Ktest2007: 27% ━━━───────── 1368/4952 118.8it/s 12.0s<30.2s
[Ktest2007: 27% ━━━───────── 1380/4952 116.8it/s 12.1s<30.6s
[Ktest2007: 28% ━━━───────── 1390/4952 111.6it/s 12.2s<31.9s
[Ktest2007: 28% ━━━───────── 1401/4952 109.8it/s 12.3s<32.3s
[Ktest2007: 28% ━━━───────── 1413/4952 111.7it/s 12.4s<31.7s
[Ktest2007: 28% ━━━───────── 1425/4952 112.1it/s 12.5s<31.5s
[Ktest2007: 29% ━━━───────── 1438/4952 114.9it/s 12.6s<30.6s
[Ktest2007: 29% ━━━╸──────── 1449/4952 111.7it/s 12.7s<31.4s
[Ktest2007: 29% ━━━╸──────── 1460/4952 108.7it/s 12.8s<32.1s
[Ktest2007: 29% ━━━╸──────── 1471/4952 108.5it/s 12.9s<32.1s
[Ktest2007: 29% ━━━╸──────── 1483/4952 110.3it/s 13.1s<31.4s
[Ktest2007: 30% ━━━╸──────── 1496/4952 113.4it/s 13.2s<30.5s
[Ktest2007: 30% ━━━╸──────── 1506/4952 109.3it/s 13.3s<31.5s
[Ktest2007: 30% ━━━╸──────── 1517/4952 107.5it/s 13.4s<32.0s
[Ktest2007: 30% ━━━╸──────── 1528/4952 106.6it/s 13.5s<32.1s
[Ktest2007: 31% ━━━╸──────── 1538/4952 104.5it/s 13.6s<32.7s
[Ktest2007: 31% ━━━╸──────── 1549/4952 104.3it/s 13.7s<32.6s
[Ktest2007: 31% ━━━╸──────── 1560/4952 104.4it/s 13.8s<32.5s
[Ktest2007: 31% ━━━╸──────── 1572/4952 106.9it/s 13.9s<31.6s
[Ktest2007: 31% ━━━╸──────── 1582/4952 103.0it/s 14.0s<32.7s
[Ktest2007: 32% ━━━╸──────── 1593/4952 102.9it/s 14.1s<32.7s
[Ktest2007: 32% ━━━╸──────── 1605/4952 106.5it/s 14.2s<31.4s
[Ktest2007: 32% ━━━╸──────── 1616/4952 106.8it/s 14.3s<31.2s
[Ktest2007: 32% ━━━╸──────── 1627/4952 105.6it/s 14.4s<31.5s
[Ktest2007: 33% ━━━╸──────── 1639/4952 108.5it/s 14.5s<30.5s
[Ktest2007: 33% ━━━╸──────── 1649/4952 105.7it/s 14.6s<31.3s
[Ktest2007: 33% ━━━━──────── 1660/4952 106.7it/s 14.7s<30.8s
[Ktest2007: 33% ━━━━──────── 1671/4952 107.0it/s 14.8s<30.7s
[Ktest2007: 33% ━━━━──────── 1683/4952 109.6it/s 14.9s<29.8s
[Ktest2007: 34% ━━━━──────── 1695/4952 111.2it/s 15.0s<29.3s
[Ktest2007: 34% ━━━━──────── 1705/4952 107.6it/s 15.1s<30.2s
[Ktest2007: 34% ━━━━──────── 1715/4952 103.7it/s 15.2s<31.2s
[Ktest2007: 34% ━━━━──────── 1728/4952 110.6it/s 15.3s<29.1s
[Ktest2007: 35% ━━━━──────── 1740/4952 112.5it/s 15.4s<28.5s
[Ktest2007: 35% ━━━━──────── 1751/4952 110.2it/s 15.6s<29.1s
[Ktest2007: 35% ━━━━──────── 1762/4952 109.3it/s 15.7s<29.2s
[Ktest2007: 35% ━━━━──────── 1773/4952 107.1it/s 15.8s<29.7s
[Ktest2007: 36% ━━━━──────── 1785/4952 108.8it/s 15.9s<29.1s
[Ktest2007: 36% ━━━━──────── 1797/4952 110.4it/s 16.0s<28.6s
[Ktest2007: 36% ━━━━──────── 1808/4952 109.5it/s 16.1s<28.7s
[Ktest2007: 36% ━━━━──────── 1819/4952 107.3it/s 16.2s<29.2s
[Ktest2007: 36% ━━━━──────── 1828/4952 101.3it/s 16.3s<30.9s
[Ktest2007: 37% ━━━━──────── 1837/4952 97.0it/s 16.4s<32.1s
[Ktest2007: 37% ━━━━──────── 1847/4952 97.9it/s 16.5s<31.7s
[Ktest2007: 37% ━━━━╸─────── 1858/4952 99.5it/s 16.6s<31.1s
[Ktest2007: 37% ━━━━╸─────── 1867/4952 96.3it/s 16.7s<32.0s
[Ktest2007: 37% ━━━━╸─────── 1876/4952 93.6it/s 16.8s<32.9s
[Ktest2007: 38% ━━━━╸─────── 1887/4952 95.5it/s 16.9s<32.1s
[Ktest2007: 38% ━━━━╸─────── 1898/4952 96.6it/s 17.0s<31.6s
[Ktest2007: 38% ━━━━╸─────── 1909/4952 98.8it/s 17.1s<30.8s
[Ktest2007: 38% ━━━━╸─────── 1920/4952 101.0it/s 17.2s<30.0s
[Ktest2007: 38% ━━━━╸─────── 1930/4952 99.3it/s 17.3s<30.4s
[Ktest2007: 39% ━━━━╸─────── 1940/4952 99.2it/s 17.4s<30.4s
[Ktest2007: 39% ━━━━╸─────── 1950/4952 98.5it/s 17.5s<30.5s
[Ktest2007: 39% ━━━━╸─────── 1962/4952 104.4it/s 17.6s<28.6s
[Ktest2007: 39% ━━━━╸─────── 1974/4952 106.8it/s 17.7s<27.9s
[Ktest2007: 40% ━━━━╸─────── 1986/4952 108.7it/s 17.9s<27.3s
[Ktest2007: 40% ━━━━╸─────── 1998/4952 111.6it/s 18.0s<26.5s
[Ktest2007: 40% ━━━━╸─────── 2009/4952 109.4it/s 18.1s<26.9s
[Ktest2007: 40% ━━━━╸─────── 2022/4952 112.4it/s 18.2s<26.1s
[Ktest2007: 41% ━━━━╸─────── 2033/4952 111.4it/s 18.3s<26.2s
[Ktest2007: 41% ━━━━╸─────── 2044/4952 108.6it/s 18.4s<26.8s
[Ktest2007: 41% ━━━━╸─────── 2055/4952 106.0it/s 18.5s<27.3s
[Ktest2007: 41% ━━━━━─────── 2066/4952 104.8it/s 18.6s<27.5s
[Ktest2007: 41% ━━━━━─────── 2078/4952 107.9it/s 18.7s<26.6s
[Ktest2007: 42% ━━━━━─────── 2089/4952 107.4it/s 18.8s<26.7s
[Ktest2007: 42% ━━━━━─────── 2100/4952 105.0it/s 18.9s<27.2s
[Ktest2007: 42% ━━━━━─────── 2111/4952 104.1it/s 19.0s<27.3s
[Ktest2007: 42% ━━━━━─────── 2123/4952 107.6it/s 19.1s<26.3s
[Ktest2007: 43% ━━━━━─────── 2135/4952 109.3it/s 19.2s<25.8s
[Ktest2007: 43% ━━━━━─────── 2145/4952 106.5it/s 19.3s<26.4s
[Ktest2007: 43% ━━━━━─────── 2157/4952 109.2it/s 19.4s<25.6s
[Ktest2007: 43% ━━━━━─────── 2169/4952 110.2it/s 19.5s<25.3s
[Ktest2007: 44% ━━━━━─────── 2179/4952 107.0it/s 19.6s<25.9s
[Ktest2007: 44% ━━━━━─────── 2190/4952 105.7it/s 19.8s<26.1s
[Ktest2007: 44% ━━━━━─────── 2202/4952 108.4it/s 19.9s<25.4s
[Ktest2007: 44% ━━━━━─────── 2215/4952 112.6it/s 20.0s<24.3s
[Ktest2007: 44% ━━━━━─────── 2226/4952 108.9it/s 20.1s<25.0s
[Ktest2007: 45% ━━━━━─────── 2238/4952 110.2it/s 20.2s<24.6s
[Ktest2007: 45% ━━━━━─────── 2248/4952 107.0it/s 20.3s<25.3s
[Ktest2007: 45% ━━━━━─────── 2260/4952 109.9it/s 20.4s<24.5s
[Ktest2007: 45% ━━━━━╸────── 2271/4952 108.3it/s 20.5s<24.7s
[Ktest2007: 46% ━━━━━╸────── 2283/4952 109.2it/s 20.6s<24.4s
[Ktest2007: 46% ━━━━━╸────── 2294/4952 108.7it/s 20.7s<24.4s
[Ktest2007: 46% ━━━━━╸────── 2305/4952 106.5it/s 20.8s<24.9s
[Ktest2007: 46% ━━━━━╸────── 2316/4952 107.5it/s 20.9s<24.5s
[Ktest2007: 47% ━━━━━╸────── 2328/4952 108.9it/s 21.0s<24.1s
[Ktest2007: 47% ━━━━━╸────── 2340/4952 112.0it/s 21.1s<23.3s
[Ktest2007: 47% ━━━━━╸────── 2352/4952 113.2it/s 21.2s<23.0s
[Ktest2007: 47% ━━━━━╸────── 2363/4952 111.1it/s 21.3s<23.3s
[Ktest2007: 47% ━━━━━╸────── 2374/4952 109.7it/s 21.4s<23.5s
[Ktest2007: 48% ━━━━━╸────── 2385/4952 109.1it/s 21.5s<23.5s
[Ktest2007: 48% ━━━━━╸────── 2396/4952 107.9it/s 21.6s<23.7s
[Ktest2007: 48% ━━━━━╸────── 2407/4952 106.1it/s 21.7s<24.0s
[Ktest2007: 48% ━━━━━╸────── 2417/4952 103.7it/s 21.8s<24.5s
[Ktest2007: 49% ━━━━━╸────── 2427/4952 102.0it/s 21.9s<24.8s
[Ktest2007: 49% ━━━━━╸────── 2438/4952 102.3it/s 22.0s<24.6s
[Ktest2007: 49% ━━━━━╸────── 2450/4952 105.1it/s 22.2s<23.8s
[Ktest2007: 49% ━━━━━╸────── 2461/4952 105.1it/s 22.3s<23.7s
[Ktest2007: 49% ━━━━━╸────── 2472/4952 106.5it/s 22.4s<23.3s
[Ktest2007: 50% ━━━━━━────── 2483/4952 106.4it/s 22.5s<23.2s
[Ktest2007: 50% ━━━━━━────── 2495/4952 107.1it/s 22.6s<22.9s
[Ktest2007: 50% ━━━━━━────── 2505/4952 102.9it/s 22.7s<23.8s
[Ktest2007: 50% ━━━━━━────── 2515/4952 99.8it/s 22.8s<24.4s
[Ktest2007: 50% ━━━━━━────── 2525/4952 99.6it/s 22.9s<24.4s
[Ktest2007: 51% ━━━━━━────── 2535/4952 97.6it/s 23.0s<24.8s
[Ktest2007: 51% ━━━━━━────── 2545/4952 97.4it/s 23.1s<24.7s
[Ktest2007: 51% ━━━━━━────── 2554/4952 94.8it/s 23.2s<25.3s
[Ktest2007: 51% ━━━━━━────── 2567/4952 102.1it/s 23.3s<23.4s
[Ktest2007: 52% ━━━━━━────── 2578/4952 103.4it/s 23.4s<23.0s
[Ktest2007: 52% ━━━━━━────── 2588/4952 100.4it/s 23.5s<23.5s
[Ktest2007: 52% ━━━━━━────── 2600/4952 105.7it/s 23.6s<22.3s
[Ktest2007: 52% ━━━━━━────── 2612/4952 109.1it/s 23.7s<21.4s
[Ktest2007: 52% ━━━━━━────── 2623/4952 108.0it/s 23.8s<21.6s
[Ktest2007: 53% ━━━━━━────── 2636/4952 113.6it/s 23.9s<20.4s
[Ktest2007: 53% ━━━━━━────── 2649/4952 115.9it/s 24.0s<19.9s
[Ktest2007: 53% ━━━━━━────── 2660/4952 111.9it/s 24.1s<20.5s
[Ktest2007: 53% ━━━━━━────── 2671/4952 110.7it/s 24.3s<20.6s
[Ktest2007: 54% ━━━━━━╸───── 2684/4952 116.3it/s 24.4s<19.5s
[Ktest2007: 54% ━━━━━━╸───── 2697/4952 119.4it/s 24.5s<18.9s
[Ktest2007: 54% ━━━━━━╸───── 2709/4952 117.6it/s 24.6s<19.1s
[Ktest2007: 54% ━━━━━━╸───── 2720/4952 113.2it/s 24.7s<19.7s
[Ktest2007: 55% ━━━━━━╸───── 2734/4952 119.0it/s 24.8s<18.6s
[Ktest2007: 55% ━━━━━━╸───── 2746/4952 116.7it/s 24.9s<18.9s
[Ktest2007: 55% ━━━━━━╸───── 2757/4952 114.0it/s 25.0s<19.3s
[Ktest2007: 55% ━━━━━━╸───── 2770/4952 117.0it/s 25.1s<18.7s
[Ktest2007: 56% ━━━━━━╸───── 2782/4952 116.6it/s 25.2s<18.6s
[Ktest2007: 56% ━━━━━━╸───── 2793/4952 112.5it/s 25.3s<19.2s
[Ktest2007: 56% ━━━━━━╸───── 2804/4952 111.2it/s 25.4s<19.3s
[Ktest2007: 56% ━━━━━━╸───── 2815/4952 109.5it/s 25.5s<19.5s
[Ktest2007: 57% ━━━━━━╸───── 2828/4952 114.0it/s 25.6s<18.6s
[Ktest2007: 57% ━━━━━━╸───── 2841/4952 115.3it/s 25.7s<18.3s
[Ktest2007: 57% ━━━━━━╸───── 2853/4952 115.5it/s 25.8s<18.2s
[Ktest2007: 57% ━━━━━━╸───── 2866/4952 117.0it/s 25.9s<17.8s
[Ktest2007: 58% ━━━━━━╸───── 2878/4952 116.9it/s 26.0s<17.7s
[Ktest2007: 58% ━━━━━━━───── 2891/4952 119.6it/s 26.1s<17.2s
[Ktest2007: 58% ━━━━━━━───── 2903/4952 118.3it/s 26.2s<17.3s
[Ktest2007: 58% ━━━━━━━───── 2915/4952 118.4it/s 26.3s<17.2s
[Ktest2007: 59% ━━━━━━━───── 2927/4952 116.6it/s 26.4s<17.4s
[Ktest2007: 59% ━━━━━━━───── 2939/4952 117.6it/s 26.5s<17.1s
[Ktest2007: 59% ━━━━━━━───── 2952/4952 120.8it/s 26.6s<16.6s
[Ktest2007: 59% ━━━━━━━───── 2965/4952 121.7it/s 26.8s<16.3s
[Ktest2007: 60% ━━━━━━━───── 2977/4952 118.4it/s 26.9s<16.7s
[Ktest2007: 60% ━━━━━━━───── 2990/4952 121.6it/s 27.0s<16.1s
[Ktest2007: 60% ━━━━━━━───── 3003/4952 122.8it/s 27.1s<15.9s
[Ktest2007: 60% ━━━━━━━───── 3016/4952 123.8it/s 27.2s<15.6s
[Ktest2007: 61% ━━━━━━━───── 3028/4952 122.1it/s 27.3s<15.8s
[Ktest2007: 61% ━━━━━━━───── 3041/4952 121.8it/s 27.4s<15.7s
[Ktest2007: 61% ━━━━━━━───── 3054/4952 123.2it/s 27.5s<15.4s
[Ktest2007: 61% ━━━━━━━───── 3066/4952 121.5it/s 27.6s<15.5s
[Ktest2007: 62% ━━━━━━━───── 3078/4952 118.7it/s 27.7s<15.8s
[Ktest2007: 62% ━━━━━━━───── 3090/4952 116.0it/s 27.8s<16.1s
[Ktest2007: 62% ━━━━━━━╸──── 3103/4952 118.5it/s 27.9s<15.6s
[Ktest2007: 62% ━━━━━━━╸──── 3115/4952 115.9it/s 28.0s<15.8s
[Ktest2007: 63% ━━━━━━━╸──── 3126/4952 113.0it/s 28.1s<16.2s
[Ktest2007: 63% ━━━━━━━╸──── 3137/4952 109.8it/s 28.2s<16.5s
[Ktest2007: 63% ━━━━━━━╸──── 3149/4952 111.7it/s 28.3s<16.1s
[Ktest2007: 63% ━━━━━━━╸──── 3160/4952 110.5it/s 28.4s<16.2s
[Ktest2007: 64% ━━━━━━━╸──── 3172/4952 113.2it/s 28.5s<15.7s
[Ktest2007: 64% ━━━━━━━╸──── 3183/4952 111.8it/s 28.6s<15.8s
[Ktest2007: 64% ━━━━━━━╸──── 3194/4952 110.6it/s 28.7s<15.9s
[Ktest2007: 64% ━━━━━━━╸──── 3206/4952 111.2it/s 28.8s<15.7s
[Ktest2007: 65% ━━━━━━━╸──── 3219/4952 114.0it/s 28.9s<15.2s
[Ktest2007: 65% ━━━━━━━╸──── 3232/4952 117.4it/s 29.1s<14.7s
[Ktest2007: 65% ━━━━━━━╸──── 3245/4952 119.0it/s 29.2s<14.3s
[Ktest2007: 65% ━━━━━━━╸──── 3259/4952 121.8it/s 29.3s<13.9s
[Ktest2007: 66% ━━━━━━━╸──── 3272/4952 121.6it/s 29.4s<13.8s
[Ktest2007: 66% ━━━━━━━╸──── 3285/4952 122.7it/s 29.5s<13.6s
[Ktest2007: 66% ━━━━━━━╸──── 3297/4952 121.2it/s 29.6s<13.7s
[Ktest2007: 66% ━━━━━━━━──── 3310/4952 122.8it/s 29.7s<13.4s
[Ktest2007: 67% ━━━━━━━━──── 3321/4952 118.3it/s 29.8s<13.8s
[Ktest2007: 67% ━━━━━━━━──── 3333/4952 115.8it/s 29.9s<14.0s
[Ktest2007: 67% ━━━━━━━━──── 3345/4952 115.2it/s 30.0s<14.0s
[Ktest2007: 67% ━━━━━━━━──── 3357/4952 114.7it/s 30.1s<13.9s
[Ktest2007: 68% ━━━━━━━━──── 3369/4952 114.6it/s 30.2s<13.8s
[Ktest2007: 68% ━━━━━━━━──── 3380/4952 112.9it/s 30.3s<13.9s
[Ktest2007: 68% ━━━━━━━━──── 3393/4952 115.9it/s 30.4s<13.4s
[Ktest2007: 68% ━━━━━━━━──── 3405/4952 116.0it/s 30.5s<13.3s
[Ktest2007: 69% ━━━━━━━━──── 3417/4952 116.4it/s 30.6s<13.2s
[Ktest2007: 69% ━━━━━━━━──── 3429/4952 116.7it/s 30.7s<13.1s
[Ktest2007: 69% ━━━━━━━━──── 3440/4952 114.1it/s 30.8s<13.2s
[Ktest2007: 69% ━━━━━━━━──── 3451/4952 111.7it/s 30.9s<13.4s
[Ktest2007: 69% ━━━━━━━━──── 3463/4952 112.9it/s 31.0s<13.2s
[Ktest2007: 70% ━━━━━━━━──── 3476/4952 116.6it/s 31.1s<12.7s
[Ktest2007: 70% ━━━━━━━━──── 3490/4952 120.7it/s 31.2s<12.1s
[Ktest2007: 70% ━━━━━━━━──── 3502/4952 119.1it/s 31.3s<12.2s
[Ktest2007: 70% ━━━━━━━━╸─── 3514/4952 117.7it/s 31.5s<12.2s
[Ktest2007: 71% ━━━━━━━━╸─── 3527/4952 120.0it/s 31.6s<11.9s
[Ktest2007: 71% ━━━━━━━━╸─── 3540/4952 122.0it/s 31.7s<11.6s
[Ktest2007: 71% ━━━━━━━━╸─── 3552/4952 119.5it/s 31.8s<11.7s
[Ktest2007: 71% ━━━━━━━━╸─── 3565/4952 121.0it/s 31.9s<11.5s
[Ktest2007: 72% ━━━━━━━━╸─── 3578/4952 122.3it/s 32.0s<11.2s
[Ktest2007: 72% ━━━━━━━━╸─── 3589/4952 116.3it/s 32.1s<11.7s
[Ktest2007: 72% ━━━━━━━━╸─── 3601/4952 115.3it/s 32.2s<11.7s
[Ktest2007: 72% ━━━━━━━━╸─── 3614/4952 116.1it/s 32.3s<11.5s
[Ktest2007: 73% ━━━━━━━━╸─── 3627/4952 119.6it/s 32.4s<11.1s
[Ktest2007: 73% ━━━━━━━━╸─── 3639/4952 116.8it/s 32.5s<11.2s
[Ktest2007: 73% ━━━━━━━━╸─── 3652/4952 118.9it/s 32.6s<10.9s
[Ktest2007: 74% ━━━━━━━━╸─── 3665/4952 118.5it/s 32.7s<10.9s
[Ktest2007: 74% ━━━━━━━━╸─── 3678/4952 119.9it/s 32.8s<10.6s
[Ktest2007: 74% ━━━━━━━━╸─── 3691/4952 120.7it/s 32.9s<10.4s
[Ktest2007: 74% ━━━━━━━━╸─── 3704/4952 121.2it/s 33.0s<10.3s
[Ktest2007: 75% ━━━━━━━━━─── 3716/4952 119.0it/s 33.1s<10.4s
[Ktest2007: 75% ━━━━━━━━━─── 3728/4952 118.7it/s 33.2s<10.3s
[Ktest2007: 75% ━━━━━━━━━─── 3740/4952 117.0it/s 33.4s<10.4s
[Ktest2007: 75% ━━━━━━━━━─── 3752/4952 112.8it/s 33.5s<10.6s
[Ktest2007: 75% ━━━━━━━━━─── 3763/4952 109.1it/s 33.6s<10.9s
[Ktest2007: 76% ━━━━━━━━━─── 3774/4952 108.9it/s 33.7s<10.8s
[Ktest2007: 76% ━━━━━━━━━─── 3784/4952 104.5it/s 33.8s<11.2s
[Ktest2007: 76% ━━━━━━━━━─── 3796/4952 107.0it/s 33.9s<10.8s
[Ktest2007: 76% ━━━━━━━━━─── 3808/4952 108.9it/s 34.0s<10.5s
[Ktest2007: 77% ━━━━━━━━━─── 3821/4952 113.5it/s 34.1s<10.0s
[Ktest2007: 77% ━━━━━━━━━─── 3833/4952 115.4it/s 34.2s<9.7s
[Ktest2007: 77% ━━━━━━━━━─── 3843/4952 110.1it/s 34.3s<10.1s
[Ktest2007: 77% ━━━━━━━━━─── 3854/4952 108.9it/s 34.4s<10.1s
[Ktest2007: 78% ━━━━━━━━━─── 3867/4952 112.9it/s 34.5s<9.6s
[Ktest2007: 78% ━━━━━━━━━─── 3880/4952 117.8it/s 34.6s<9.1s
[Ktest2007: 78% ━━━━━━━━━─── 3893/4952 118.9it/s 34.7s<8.9s
[Ktest2007: 78% ━━━━━━━━━─── 3904/4952 115.8it/s 34.8s<9.1s
[Ktest2007: 79% ━━━━━━━━━─── 3917/4952 119.8it/s 34.9s<8.6s
[Ktest2007: 79% ━━━━━━━━━╸── 3929/4952 119.2it/s 35.0s<8.6s
[Ktest2007: 79% ━━━━━━━━━╸── 3942/4952 121.5it/s 35.1s<8.3s
[Ktest2007: 79% ━━━━━━━━━╸── 3955/4952 123.1it/s 35.2s<8.1s
[Ktest2007: 80% ━━━━━━━━━╸── 3967/4952 120.5it/s 35.3s<8.2s
[Ktest2007: 80% ━━━━━━━━━╸── 3978/4952 116.3it/s 35.4s<8.4s
[Ktest2007: 80% ━━━━━━━━━╸── 3988/4952 111.2it/s 35.5s<8.7s
[Ktest2007: 80% ━━━━━━━━━╸── 4001/4952 115.2it/s 35.6s<8.3s
[Ktest2007: 81% ━━━━━━━━━╸── 4014/4952 117.2it/s 35.8s<8.0s
[Ktest2007: 81% ━━━━━━━━━╸── 4026/4952 116.2it/s 35.9s<8.0s
[Ktest2007: 81% ━━━━━━━━━╸── 4037/4952 112.7it/s 36.0s<8.1s
[Ktest2007: 81% ━━━━━━━━━╸── 4051/4952 118.3it/s 36.1s<7.6s
[Ktest2007: 82% ━━━━━━━━━╸── 4064/4952 118.0it/s 36.2s<7.5s
[Ktest2007: 82% ━━━━━━━━━╸── 4076/4952 117.3it/s 36.3s<7.5s
[Ktest2007: 82% ━━━━━━━━━╸── 4088/4952 117.1it/s 36.4s<7.4s
[Ktest2007: 82% ━━━━━━━━━╸── 4101/4952 118.3it/s 36.5s<7.2s
[Ktest2007: 83% ━━━━━━━━━╸── 4113/4952 116.2it/s 36.6s<7.2s
[Ktest2007: 83% ━━━━━━━━━╸── 4125/4952 115.3it/s 36.7s<7.2s
[Ktest2007: 83% ━━━━━━━━━━── 4138/4952 119.6it/s 36.8s<6.8s
[Ktest2007: 83% ━━━━━━━━━━── 4151/4952 121.9it/s 36.9s<6.6s
[Ktest2007: 84% ━━━━━━━━━━── 4162/4952 117.9it/s 37.0s<6.7s
[Ktest2007: 84% ━━━━━━━━━━── 4173/4952 115.1it/s 37.1s<6.8s
[Ktest2007: 84% ━━━━━━━━━━── 4186/4952 117.9it/s 37.2s<6.5s
[Ktest2007: 84% ━━━━━━━━━━── 4199/4952 121.0it/s 37.3s<6.2s
[Ktest2007: 85% ━━━━━━━━━━── 4212/4952 121.0it/s 37.4s<6.1s
[Ktest2007: 85% ━━━━━━━━━━── 4225/4952 121.3it/s 37.5s<6.0s
[Ktest2007: 85% ━━━━━━━━━━── 4238/4952 121.0it/s 37.6s<5.9s
[Ktest2007: 85% ━━━━━━━━━━── 4249/4952 116.4it/s 37.7s<6.0s
[Ktest2007: 86% ━━━━━━━━━━── 4260/4952 113.9it/s 37.8s<6.1s
[Ktest2007: 86% ━━━━━━━━━━── 4272/4952 113.6it/s 38.0s<6.0s
[Ktest2007: 86% ━━━━━━━━━━── 4284/4952 113.3it/s 38.1s<5.9s
[Ktest2007: 86% ━━━━━━━━━━── 4295/4952 110.3it/s 38.2s<6.0s
[Ktest2007: 86% ━━━━━━━━━━── 4304/4952 101.7it/s 38.3s<6.4s
[Ktest2007: 87% ━━━━━━━━━━── 4316/4952 105.2it/s 38.4s<6.0s
[Ktest2007: 87% ━━━━━━━━━━── 4328/4952 108.6it/s 38.5s<5.7s
[Ktest2007: 87% ━━━━━━━━━━╸─ 4341/4952 114.1it/s 38.6s<5.4s
[Ktest2007: 87% ━━━━━━━━━━╸─ 4353/4952 114.4it/s 38.7s<5.2s
[Ktest2007: 88% ━━━━━━━━━━╸─ 4364/4952 112.3it/s 38.8s<5.2s
[Ktest2007: 88% ━━━━━━━━━━╸─ 4375/4952 110.6it/s 38.9s<5.2s
[Ktest2007: 88% ━━━━━━━━━━╸─ 4386/4952 108.6it/s 39.0s<5.2s
[Ktest2007: 88% ━━━━━━━━━━╸─ 4397/4952 108.6it/s 39.1s<5.1s
[Ktest2007: 88% ━━━━━━━━━━╸─ 4407/4952 105.3it/s 39.2s<5.2s
[Ktest2007: 89% ━━━━━━━━━━╸─ 4417/4952 102.4it/s 39.3s<5.2s
[Ktest2007: 89% ━━━━━━━━━━╸─ 4428/4952 103.3it/s 39.4s<5.1s
[Ktest2007: 89% ━━━━━━━━━━╸─ 4439/4952 102.9it/s 39.5s<5.0s
[Ktest2007: 89% ━━━━━━━━━━╸─ 4449/4952 99.0it/s 39.6s<5.1s
[Ktest2007: 90% ━━━━━━━━━━╸─ 4458/4952 95.2it/s 39.7s<5.2s
[Ktest2007: 90% ━━━━━━━━━━╸─ 4469/4952 98.9it/s 39.8s<4.9s
[Ktest2007: 90% ━━━━━━━━━━╸─ 4479/4952 96.9it/s 40.0s<4.9s
[Ktest2007: 90% ━━━━━━━━━━╸─ 4489/4952 95.0it/s 40.1s<4.9s
[Ktest2007: 90% ━━━━━━━━━━╸─ 4499/4952 94.9it/s 40.2s<4.8s
[Ktest2007: 91% ━━━━━━━━━━╸─ 4509/4952 96.3it/s 40.3s<4.6s
[Ktest2007: 91% ━━━━━━━━━━╸─ 4519/4952 97.3it/s 40.4s<4.5s
[Ktest2007: 91% ━━━━━━━━━━╸─ 4529/4952 96.7it/s 40.5s<4.4s
[Ktest2007: 91% ━━━━━━━━━━━─ 4541/4952 101.3it/s 40.6s<4.1s
[Ktest2007: 91% ━━━━━━━━━━━─ 4552/4952 101.5it/s 40.7s<3.9s
[Ktest2007: 92% ━━━━━━━━━━━─ 4564/4952 105.8it/s 40.8s<3.7s
[Ktest2007: 92% ━━━━━━━━━━━─ 4576/4952 108.4it/s 40.9s<3.5s
[Ktest2007: 92% ━━━━━━━━━━━─ 4588/4952 111.1it/s 41.0s<3.3s
[Ktest2007: 92% ━━━━━━━━━━━─ 4600/4952 112.4it/s 41.1s<3.1s
[Ktest2007: 93% ━━━━━━━━━━━─ 4610/4952 108.5it/s 41.2s<3.2s
[Ktest2007: 93% ━━━━━━━━━━━─ 4621/4952 107.6it/s 41.3s<3.1s
[Ktest2007: 93% ━━━━━━━━━━━─ 4633/4952 109.5it/s 41.4s<2.9s
[Ktest2007: 93% ━━━━━━━━━━━─ 4646/4952 112.6it/s 41.5s<2.7s
[Ktest2007: 94% ━━━━━━━━━━━─ 4658/4952 114.4it/s 41.6s<2.6s
[Ktest2007: 94% ━━━━━━━━━━━─ 4669/4952 112.2it/s 41.7s<2.5s
[Ktest2007: 94% ━━━━━━━━━━━─ 4679/4952 103.3it/s 41.8s<2.6s
[Ktest2007: 94% ━━━━━━━━━━━─ 4691/4952 106.9it/s 42.0s<2.4s
[Ktest2007: 94% ━━━━━━━━━━━─ 4702/4952 107.2it/s 42.1s<2.3s
[Ktest2007: 95% ━━━━━━━━━━━─ 4713/4952 107.2it/s 42.2s<2.2s
[Ktest2007: 95% ━━━━━━━━━━━─ 4725/4952 109.5it/s 42.3s<2.1s
[Ktest2007: 95% ━━━━━━━━━━━─ 4736/4952 109.0it/s 42.4s<2.0s
[Ktest2007: 95% ━━━━━━━━━━━╸ 4747/4952 108.6it/s 42.5s<1.9s
[Ktest2007: 96% ━━━━━━━━━━━╸ 4759/4952 110.6it/s 42.6s<1.7s
[Ktest2007: 96% ━━━━━━━━━━━╸ 4770/4952 107.5it/s 42.7s<1.7s
[Ktest2007: 96% ━━━━━━━━━━━╸ 4780/4952 104.9it/s 42.8s<1.6s
[Ktest2007: 96% ━━━━━━━━━━━╸ 4791/4952 105.5it/s 42.9s<1.5s
[Ktest2007: 96% ━━━━━━━━━━━╸ 4803/4952 108.3it/s 43.0s<1.4s
[Ktest2007: 97% ━━━━━━━━━━━╸ 4815/4952 110.0it/s 43.1s<1.2s
[Ktest2007: 97% ━━━━━━━━━━━╸ 4827/4952 111.0it/s 43.2s<1.1s
[Ktest2007: 97% ━━━━━━━━━━━╸ 4839/4952 113.4it/s 43.3s<1.0s
[Ktest2007: 97% ━━━━━━━━━━━╸ 4849/4952 108.5it/s 43.4s<0.9s
[Ktest2007: 98% ━━━━━━━━━━━╸ 4861/4952 110.0it/s 43.5s<0.8s
[Ktest2007: 98% ━━━━━━━━━━━╸ 4873/4952 112.7it/s 43.6s<0.7s
[Ktest2007: 98% ━━━━━━━━━━━╸ 4885/4952 114.6it/s 43.7s<0.6s
[Ktest2007: 98% ━━━━━━━━━━━╸ 4898/4952 116.6it/s 43.8s<0.5s
[Ktest2007: 99% ━━━━━━━━━━━╸ 4909/4952 112.7it/s 43.9s<0.4s
[Ktest2007: 99% ━━━━━━━━━━━╸ 4921/4952 112.9it/s 44.0s<0.3s
[Ktest2007: 99% ━━━━━━━━━━━╸ 4933/4952 114.7it/s 44.1s<0.2s
[Ktest2007: 99% ━━━━━━━━━━━╸ 4946/4952 116.4it/s 44.2s<0.1s
[Ktest2007: 100% ━━━━━━━━━━━━ 4952/4952 111.8it/s 44.3s
Dataset download success  (323.1s), saved to [1mC:\Users\dxu1\Desktop\Dissertation\PTQ\datasets[0m

train2007 {'images': 2501, 'labels': 2501, 'missing_labels': 0}
val2007 {'images': 2510, 'labels': 2510, 'missing_labels': 0}
train2012 {'images': 5717, 'labels': 5717, 'missing_labels': 0}
val2012 {'images': 5823, 'labels': 5823, 'missing_labels': 0}
test2007 {'images': 4952, 'labels': 4952, 'missing_labels': 0}
VOC installation verified: C:\Users\dxu1\Desktop\Dissertation\PTQ\datasets\VOC
